<?xml version="1.0" encoding="UTF-8" standalone="no" ?>
<COLLADA xmlns="http://www.collada.org/2005/11/COLLADASchema" version="1.4.1">
    <asset>
        <contributor>
            <authoring_tool>SketchUp 25.0.571</authoring_tool>
        </contributor>
        <created>2025-11-14T17:26:42Z</created>
        <modified>2025-11-14T17:26:42Z</modified>
        <unit meter="0.0254" name="inch"/>
        <up_axis>Z_UP</up_axis>
    </asset>
    <library_cameras>
        <camera id="ID1" name="skp_camera_Last_Saved_SketchUp_View">
            <optics>
                <technique_common>
                    <perspective>
                        <yfov>35</yfov>
                        <aspect_ratio>0</aspect_ratio>
                        <znear>1</znear>
                        <zfar>1000</zfar>
                    </perspective>
                </technique_common>
            </optics>
        </camera>
    </library_cameras>
    <library_visual_scenes>
        <visual_scene id="ID2">
            <node name="SketchUp">
                <node name="skp_camera_Last_Saved_SketchUp_View">
                    <matrix>0.9335055 -0.07528623 0.3505703 265.0341 0.3585632 0.1960048 -0.9126963 -795.853 -1.387779e-17 0.9777086 0.2099665 191.4788 0 0 0 1</matrix>
                    <instance_camera url="#ID1"/>
                </node>
                <node id="ID3" name="group_0">
                    <matrix>1 0 0 -37.54766 0 1 0 -26.39968 0 0 1 -9.350609 0 0 0 1</matrix>
                    <instance_geometry url="#ID4">
                        <bind_material>
                            <technique_common>
                                <instance_material symbol="Material2" target="#ID5">
                                    <bind_vertex_input semantic="UVSET0" input_semantic="TEXCOORD" input_set="0"/>
                                </instance_material>
                                <instance_material symbol="Material3" target="#ID10">
                                    <bind_vertex_input semantic="UVSET0" input_semantic="TEXCOORD" input_set="0"/>
                                </instance_material>
                            </technique_common>
                        </bind_material>
                    </instance_geometry>
                    <instance_geometry url="#ID14">
                        <bind_material>
                            <technique_common>
                                <instance_material symbol="Material2" target="#ID10">
                                    <bind_vertex_input semantic="UVSET0" input_semantic="TEXCOORD" input_set="0"/>
                                </instance_material>
                            </technique_common>
                        </bind_material>
                    </instance_geometry>
                    <instance_geometry url="#ID20">
                        <bind_material>
                            <technique_common>
                                <instance_material symbol="Material2" target="#ID5">
                                    <bind_vertex_input semantic="UVSET0" input_semantic="TEXCOORD" input_set="0"/>
                                </instance_material>
                                <instance_material symbol="Material3" target="#ID10">
                                    <bind_vertex_input semantic="UVSET0" input_semantic="TEXCOORD" input_set="0"/>
                                </instance_material>
                            </technique_common>
                        </bind_material>
                    </instance_geometry>
                    <instance_geometry url="#ID26">
                        <bind_material>
                            <technique_common>
                                <instance_material symbol="Material2" target="#ID5">
                                    <bind_vertex_input semantic="UVSET0" input_semantic="TEXCOORD" input_set="0"/>
                                </instance_material>
                                <instance_material symbol="Material3" target="#ID10">
                                    <bind_vertex_input semantic="UVSET0" input_semantic="TEXCOORD" input_set="0"/>
                                </instance_material>
                            </technique_common>
                        </bind_material>
                    </instance_geometry>
                    <instance_geometry url="#ID32">
                        <bind_material>
                            <technique_common>
                                <instance_material symbol="Material2" target="#ID10">
                                    <bind_vertex_input semantic="UVSET0" input_semantic="TEXCOORD" input_set="0"/>
                                </instance_material>
                            </technique_common>
                        </bind_material>
                    </instance_geometry>
                    <instance_geometry url="#ID38">
                        <bind_material>
                            <technique_common>
                                <instance_material symbol="Material2" target="#ID40">
                                    <bind_vertex_input semantic="UVSET0" input_semantic="TEXCOORD" input_set="0"/>
                                </instance_material>
                            </technique_common>
                        </bind_material>
                    </instance_geometry>
                    <instance_geometry url="#ID46">
                        <bind_material>
                            <technique_common>
                                <instance_material symbol="Material2" target="#ID10">
                                    <bind_vertex_input semantic="UVSET0" input_semantic="TEXCOORD" input_set="0"/>
                                </instance_material>
                            </technique_common>
                        </bind_material>
                    </instance_geometry>
                    <instance_geometry url="#ID52">
                        <bind_material>
                            <technique_common>
                                <instance_material symbol="Material2" target="#ID10">
                                    <bind_vertex_input semantic="UVSET0" input_semantic="TEXCOORD" input_set="0"/>
                                </instance_material>
                            </technique_common>
                        </bind_material>
                    </instance_geometry>
                    <instance_geometry url="#ID58">
                        <bind_material>
                            <technique_common>
                                <instance_material symbol="Material2" target="#ID10">
                                    <bind_vertex_input semantic="UVSET0" input_semantic="TEXCOORD" input_set="0"/>
                                </instance_material>
                            </technique_common>
                        </bind_material>
                    </instance_geometry>
                    <instance_geometry url="#ID64">
                        <bind_material>
                            <technique_common>
                                <instance_material symbol="Material2" target="#ID5">
                                    <bind_vertex_input semantic="UVSET0" input_semantic="TEXCOORD" input_set="0"/>
                                </instance_material>
                                <instance_material symbol="Material3" target="#ID10">
                                    <bind_vertex_input semantic="UVSET0" input_semantic="TEXCOORD" input_set="0"/>
                                </instance_material>
                            </technique_common>
                        </bind_material>
                    </instance_geometry>
                    <instance_geometry url="#ID70">
                        <bind_material>
                            <technique_common>
                                <instance_material symbol="Material2" target="#ID10">
                                    <bind_vertex_input semantic="UVSET0" input_semantic="TEXCOORD" input_set="0"/>
                                </instance_material>
                            </technique_common>
                        </bind_material>
                    </instance_geometry>
                    <instance_geometry url="#ID76">
                        <bind_material>
                            <technique_common>
                                <instance_material symbol="Material2" target="#ID5">
                                    <bind_vertex_input semantic="UVSET0" input_semantic="TEXCOORD" input_set="0"/>
                                </instance_material>
                                <instance_material symbol="Material3" target="#ID10">
                                    <bind_vertex_input semantic="UVSET0" input_semantic="TEXCOORD" input_set="0"/>
                                </instance_material>
                            </technique_common>
                        </bind_material>
                    </instance_geometry>
                    <instance_geometry url="#ID82">
                        <bind_material>
                            <technique_common>
                                <instance_material symbol="Material2" target="#ID5">
                                    <bind_vertex_input semantic="UVSET0" input_semantic="TEXCOORD" input_set="0"/>
                                </instance_material>
                                <instance_material symbol="Material3" target="#ID10">
                                    <bind_vertex_input semantic="UVSET0" input_semantic="TEXCOORD" input_set="0"/>
                                </instance_material>
                            </technique_common>
                        </bind_material>
                    </instance_geometry>
                </node>
            </node>
        </visual_scene>
    </library_visual_scenes>
    <library_geometries>
        <geometry id="ID4">
            <mesh>
                <source id="ID7">
                    <float_array id="ID12" count="7512">8.67307 25.15932 10.84036 10.22776 18.70351 8.47709 9.60468 16.92355 10.11603 9.60468 16.92355 10.11603 10.22776 18.70351 8.47709 8.67307 25.15932 10.84036 10.35433 28.20172 7.73071 10.22776 18.70351 8.47709 8.67307 25.15932 10.84036 8.67307 25.15932 10.84036 10.22776 18.70351 8.47709 10.35433 28.20172 7.73071 10.22776 18.70351 8.47709 11.94216 13.22272 8.13465 9.60468 16.92355 10.11603 9.60468 16.92355 10.11603 11.94216 13.22272 8.13465 10.22776 18.70351 8.47709 8.67307 25.15932 10.84036 9.60468 16.92355 10.11603 8.59531 18.50508 12.48496 8.59531 18.50508 12.48496 9.60468 16.92355 10.11603 8.67307 25.15932 10.84036 10.35433 28.20172 7.73071 11.40543 25.61474 6.08854 10.22776 18.70351 8.47709 10.22776 18.70351 8.47709 11.40543 25.61474 6.08854 10.35433 28.20172 7.73071 8.5259 28.32542 11.57847 10.35433 28.20172 7.73071 8.67307 25.15932 10.84036 8.67307 25.15932 10.84036 10.35433 28.20172 7.73071 8.5259 28.32542 11.57847 14.94953 18.81414 3.91 11.94216 13.22272 8.13465 10.22776 18.70351 8.47709 10.22776 18.70351 8.47709 11.94216 13.22272 8.13465 14.94953 18.81414 3.91 9.60468 16.92355 10.11603 11.94216 13.22272 8.13465 10.00279 13.91957 11.49587 10.00279 13.91957 11.49587 11.94216 13.22272 8.13465 9.60468 16.92355 10.11603 8.59531 18.50508 12.48496 9.60468 16.92355 10.11603 10.00279 13.91957 11.49587 10.00279 13.91957 11.49587 9.60468 16.92355 10.11603 8.59531 18.50508 12.48496 8.67307 25.15932 10.84036 8.59531 18.50508 12.48496 4.07228 22.12733 13.49484 4.07228 22.12733 13.49484 8.59531 18.50508 12.48496 8.67307 25.15932 10.84036 13.50941 29.20043 4.88169 11.40543 25.61474 6.08854 10.35433 28.20172 7.73071 10.35433 28.20172 7.73071 11.40543 25.61474 6.08854 13.50941 29.20043 4.88169 13.78354 23.21349 4.21118 10.22776 18.70351 8.47709 11.40543 25.61474 6.08854 11.40543 25.61474 6.08854 10.22776 18.70351 8.47709 13.78354 23.21349 4.21118 8.37327 30.45615 12.92382 10.35433 28.20172 7.73071 8.5259 28.32542 11.57847 8.5259 28.32542 11.57847 10.35433 28.20172 7.73071 8.37327 30.45615 12.92382 8.67307 25.15932 10.84036 3.69776 27.75414 13.94512 8.5259 28.32542 11.57847 8.5259 28.32542 11.57847 3.69776 27.75414 13.94512 8.67307 25.15932 10.84036 16.6952 11.51315 4.7102 11.94216 13.22272 8.13465 14.94953 18.81414 3.91 14.94953 18.81414 3.91 11.94216 13.22272 8.13465 16.6952 11.51315 4.7102 14.94953 18.81414 3.91 10.22776 18.70351 8.47709 13.78354 23.21349 4.21118 13.78354 23.21349 4.21118 10.22776 18.70351 8.47709 14.94953 18.81414 3.91 8.59531 18.50508 12.48496 10.00279 13.91957 11.49587 7.89248 15.84004 16.6561 7.89248 15.84004 16.6561 10.00279 13.91957 11.49587 8.59531 18.50508 12.48496 8.67307 25.15932 10.84036 4.07228 22.12733 13.49484 3.69776 27.75414 13.94512 3.69776 27.75414 13.94512 4.07228 22.12733 13.49484 8.67307 25.15932 10.84036 13.78354 23.21349 4.21118 11.40543 25.61474 6.08854 13.50941 29.20043 4.88169 13.50941 29.20043 4.88169 11.40543 25.61474 6.08854 13.78354 23.21349 4.21118 13.56539 31.11823 5.25902 13.50941 29.20043 4.88169 10.35433 28.20172 7.73071 10.35433 28.20172 7.73071 13.50941 29.20043 4.88169 13.56539 31.11823 5.25902 11.43268 35.50012 9.06898 10.35433 28.20172 7.73071 8.37327 30.45615 12.92382 8.37327 30.45615 12.92382 10.35433 28.20172 7.73071 11.43268 35.50012 9.06898 8.5259 28.32542 11.57847 3.69776 27.75414 13.94512 8.37327 30.45615 12.92382 8.37327 30.45615 12.92382 3.69776 27.75414 13.94512 8.5259 28.32542 11.57847 17.67012 17.41418 2.64957 16.6952 11.51315 4.7102 14.94953 18.81414 3.91 14.94953 18.81414 3.91 16.6952 11.51315 4.7102 17.67012 17.41418 2.64957 17.67012 17.41418 2.64957 14.94953 18.81414 3.91 13.78354 23.21349 4.21118 13.78354 23.21349 4.21118 14.94953 18.81414 3.91 17.67012 17.41418 2.64957 7.89248 15.84004 16.6561 10.00279 13.91957 11.49587 9.18374 14.24272 19.12701 9.18374 14.24272 19.12701 10.00279 13.91957 11.49587 7.89248 15.84004 16.6561 7.89248 15.84004 16.6561 3.93901 19.92036 14.50382 8.59531 18.50508 12.48496 8.59531 18.50508 12.48496 3.93901 19.92036 14.50382 7.89248 15.84004 16.6561 4.07228 22.12733 13.49484 0.96563 24.87675 15.99335 3.69776 27.75414 13.94512 3.69776 27.75414 13.94512 0.96563 24.87675 15.99335 4.07228 22.12733 13.49484 16.46535 30.22997 3.5178 13.78354 23.21349 4.21118 13.50941 29.20043 4.88169 13.50941 29.20043 4.88169 13.78354 23.21349 4.21118 16.46535 30.22997 3.5178 16.46535 30.22997 3.5178 13.50941 29.20043 4.88169 13.56539 31.11823 5.25902 13.56539 31.11823 5.25902 13.50941 29.20043 4.88169 16.46535 30.22997 3.5178 11.43268 35.50012 9.06898 13.56539 31.11823 5.25902 10.35433 28.20172 7.73071 10.35433 28.20172 7.73071 13.56539 31.11823 5.25902 11.43268 35.50012 9.06898 10.05197 36.89981 12.87055 11.43268 35.50012 9.06898 8.37327 30.45615 12.92382 8.37327 30.45615 12.92382 11.43268 35.50012 9.06898 10.05197 36.89981 12.87055 8.44894 32.23481 14.83965 8.37327 30.45615 12.92382 3.69776 27.75414 13.94512 3.69776 27.75414 13.94512 8.37327 30.45615 12.92382 8.44894 32.23481 14.83965 20.9539 26.19841 1.62449 17.67012 17.41418 2.64957 13.78354 23.21349 4.21118 13.78354 23.21349 4.21118 17.67012 17.41418 2.64957 20.9539 26.19841 1.62449 9.18374 14.24272 19.12701 10.00279 13.91957 11.49587 10.71791 10.98241 13.64603 10.71791 10.98241 13.64603 10.00279 13.91957 11.49587 9.18374 14.24272 19.12701 5.97335 18.33272 23.7789 7.89248 15.84004 16.6561 9.18374 14.24272 19.12701 9.18374 14.24272 19.12701 7.89248 15.84004 16.6561 5.97335 18.33272 23.7789 1.76449 19.84465 17.81717 3.93901 19.92036 14.50382 7.89248 15.84004 16.6561 7.89248 15.84004 16.6561 3.93901 19.92036 14.50382 1.76449 19.84465 17.81717 0.96563 24.87675 15.99335 4.07228 22.12733 13.49484 0 22.81215 18.24693 0 22.81215 18.24693 4.07228 22.12733 13.49484 0.96563 24.87675 15.99335 1.74272 28.47421 16.88299 3.69776 27.75414 13.94512 0.96563 24.87675 15.99335 0.96563 24.87675 15.99335 3.69776 27.75414 13.94512 1.74272 28.47421 16.88299 18.50437 28.27859 2.52118 13.78354 23.21349 4.21118 16.46535 30.22997 3.5178 16.46535 30.22997 3.5178 13.78354 23.21349 4.21118 18.50437 28.27859 2.52118 16.46535 30.22997 3.5178 13.56539 31.11823 5.25902 14.95256 35.68237 5.83957 14.95256 35.68237 5.83957 13.56539 31.11823 5.25902 16.46535 30.22997 3.5178 14.95256 35.68237 5.83957 13.56539 31.11823 5.25902 11.43268 35.50012 9.06898 11.43268 35.50012 9.06898 13.56539 31.11823 5.25902 14.95256 35.68237 5.83957 14.08047 41.40485 10.46469 11.43268 35.50012 9.06898 10.05197 36.89981 12.87055 10.05197 36.89981 12.87055 11.43268 35.50012 9.06898 14.08047 41.40485 10.46469 10.05197 36.89981 12.87055 8.37327 30.45615 12.92382 8.44894 32.23481 14.83965 8.44894 32.23481 14.83965 8.37327 30.45615 12.92382 10.05197 36.89981 12.87055 1.74272 28.47421 16.88299 8.44894 32.23481 14.83965 3.69776 27.75414 13.94512 3.69776 27.75414 13.94512 8.44894 32.23481 14.83965 1.74272 28.47421 16.88299 22.92504 20.55764 1.06492 17.67012 17.41418 2.64957 20.9539 26.19841 1.62449 20.9539 26.19841 1.62449 17.67012 17.41418 2.64957 22.92504 20.55764 1.06492 20.9539 26.19841 1.62449 13.78354 23.21349 4.21118 18.50437 28.27859 2.52118 18.50437 28.27859 2.52118 13.78354 23.21349 4.21118 20.9539 26.19841 1.62449 9.18374 14.24272 19.12701 10.71791 10.98241 13.64603 11.73024 8.36528 19.44725 11.73024 8.36528 19.44725 10.71791 10.98241 13.64603 9.18374 14.24272 19.12701 5.97335 18.33272 23.7789 4.18917 17.65315 20.64292 7.89248 15.84004 16.6561 7.89248 15.84004 16.6561 4.18917 17.65315 20.64292 5.97335 18.33272 23.7789 8.41051 16.83776 24.63441 5.97335 18.33272 23.7789 9.18374 14.24272 19.12701 9.18374 14.24272 19.12701 5.97335 18.33272 23.7789 8.41051 16.83776 24.63441 0 22.81215 18.24693 3.93901 19.92036 14.50382 1.76449 19.84465 17.81717 1.76449 19.84465 17.81717 3.93901 19.92036 14.50382 0 22.81215 18.24693 4.18917 17.65315 20.64292 1.76449 19.84465 17.81717 7.89248 15.84004 16.6561 7.89248 15.84004 16.6561 1.76449 19.84465 17.81717 4.18917 17.65315 20.64292 0 22.81215 18.24693 4.07228 22.12733 13.49484 3.93901 19.92036 14.50382 3.93901 19.92036 14.50382 4.07228 22.12733 13.49484 0 22.81215 18.24693 0.17209 26.24192 18.84756 0.96563 24.87675 15.99335 0 22.81215 18.24693 0 22.81215 18.24693 0.96563 24.87675 15.99335 0.17209 26.24192 18.84756 1.74272 28.47421 16.88299 0.96563 24.87675 15.99335 0.17209 26.24192 18.84756 0.17209 26.24192 18.84756 0.96563 24.87675 15.99335 1.74272 28.47421 16.88299 20.34315 29.74545 2.23516 18.50437 28.27859 2.52118 16.46535 30.22997 3.5178 16.46535 30.22997 3.5178 18.50437 28.27859 2.52118 20.34315 29.74545 2.23516 21.66693 36.37174 3.77626 16.46535 30.22997 3.5178 14.95256 35.68237 5.83957 14.95256 35.68237 5.83957 16.46535 30.22997 3.5178 21.66693 36.37174 3.77626 15.81335 40.61335 7.88063 14.95256 35.68237 5.83957 11.43268 35.50012 9.06898 11.43268 35.50012 9.06898 14.95256 35.68237 5.83957 15.81335 40.61335 7.88063 14.08047 41.40485 10.46469 15.81335 40.61335 7.88063 11.43268 35.50012 9.06898 11.43268 35.50012 9.06898 15.81335 40.61335 7.88063 14.08047 41.40485 10.46469 14.08047 41.40485 10.46469 10.05197 36.89981 12.87055 10.21134 38.3404 14.67181 10.21134 38.3404 14.67181 10.05197 36.89981 12.87055 14.08047 41.40485 10.46469 10.21134 38.3404 14.67181 10.05197 36.89981 12.87055 8.44894 32.23481 14.83965 8.44894 32.23481 14.83965 10.05197 36.89981 12.87055 10.21134 38.3404 14.67181 8.41335 33.46544 17.88815 8.44894 32.23481 14.83965 1.74272 28.47421 16.88299 1.74272 28.47421 16.88299 8.44894 32.23481 14.83965 8.41335 33.46544 17.88815 22.92504 20.55764 1.06492 21.54185 15.20658 1.75087 17.67012 17.41418 2.64957 17.67012 17.41418 2.64957 21.54185 15.20658 1.75087 22.92504 20.55764 1.06492 23.71283 27.5443 1.29484 22.92504 20.55764 1.06492 20.9539 26.19841 1.62449 20.9539 26.19841 1.62449 22.92504 20.55764 1.06492 23.71283 27.5443 1.29484 23.71283 27.5443 1.29484 20.9539 26.19841 1.62449 18.50437 28.27859 2.52118 18.50437 28.27859 2.52118 20.9539 26.19841 1.62449 23.71283 27.5443 1.29484 9.18374 14.24272 19.12701 11.73024 8.36528 19.44725 10.77279 10.48622 28.21922 10.77279 10.48622 28.21922 11.73024 8.36528 19.44725 9.18374 14.24272 19.12701 5.97335 18.33272 23.7789 1.70193 20.61453 21.29292 4.18917 17.65315 20.64292 4.18917 17.65315 20.64292 1.70193 20.61453 21.29292 5.97335 18.33272 23.7789 8.41051 16.83776 24.63441 8.23669 19.70079 26.34186 5.97335 18.33272 23.7789 5.97335 18.33272 23.7789 8.23669 19.70079 26.34186 8.41051 16.83776 24.63441 8.41051 16.83776 24.63441 9.18374 14.24272 19.12701 10.77279 10.48622 28.21922 10.77279 10.48622 28.21922 9.18374 14.24272 19.12701 8.41051 16.83776 24.63441 0 22.81215 18.24693 1.76449 19.84465 17.81717 1.70193 20.61453 21.29292 1.70193 20.61453 21.29292 1.76449 19.84465 17.81717 0 22.81215 18.24693 1.70193 20.61453 21.29292 1.76449 19.84465 17.81717 4.18917 17.65315 20.64292 4.18917 17.65315 20.64292 1.76449 19.84465 17.81717 1.70193 20.61453 21.29292 0.17209 26.24192 18.84756 0 22.81215 18.24693 0.7861 25.6801 21.64992 0.7861 25.6801 21.64992 0 22.81215 18.24693 0.17209 26.24192 18.84756 2.66535 30.00317 20.24481 1.74272 28.47421 16.88299 0.17209 26.24192 18.84756 0.17209 26.24192 18.84756 1.74272 28.47421 16.88299 2.66535 30.00317 20.24481 23.71283 27.5443 1.29484 18.50437 28.27859 2.52118 20.34315 29.74545 2.23516 20.34315 29.74545 2.23516 18.50437 28.27859 2.52118 23.71283 27.5443 1.29484 21.66693 36.37174 3.77626 20.34315 29.74545 2.23516 16.46535 30.22997 3.5178 16.46535 30.22997 3.5178 20.34315 29.74545 2.23516 21.66693 36.37174 3.77626 21.66693 36.37174 3.77626 14.95256 35.68237 5.83957 15.81335 40.61335 7.88063 15.81335 40.61335 7.88063 14.95256 35.68237 5.83957 21.66693 36.37174 3.77626 14.08047 41.40485 10.46469 16.8776 43.05166 9.69205 15.81335 40.61335 7.88063 15.81335 40.61335 7.88063 16.8776 43.05166 9.69205 14.08047 41.40485 10.46469 12.89476 42.5506 20.69358 14.08047 41.40485 10.46469 10.21134 38.3404 14.67181 10.21134 38.3404 14.67181 14.08047 41.40485 10.46469 12.89476 42.5506 20.69358 10.21134 38.3404 14.67181 8.44894 32.23481 14.83965 8.41335 33.46544 17.88815 8.41335 33.46544 17.88815 8.44894 32.23481 14.83965 10.21134 38.3404 14.67181 2.66535 30.00317 20.24481 8.41335 33.46544 17.88815 1.74272 28.47421 16.88299 1.74272 28.47421 16.88299 8.41335 33.46544 17.88815 2.66535 30.00317 20.24481 27.25472 14.60709 0.8074 21.54185 15.20658 1.75087 22.92504 20.55764 1.06492 22.92504 20.55764 1.06492 21.54185 15.20658 1.75087 27.25472 14.60709 0.8074 34.77389 20.48871 0 22.92504 20.55764 1.06492 23.71283 27.5443 1.29484 23.71283 27.5443 1.29484 22.92504 20.55764 1.06492 34.77389 20.48871 0 10.77279 10.48622 28.21922 11.73024 8.36528 19.44725 12.24685 7.23091 25.24631 12.24685 7.23091 25.24631 11.73024 8.36528 19.44725 10.77279 10.48622 28.21922 5.97335 18.33272 23.7789 3.43937 23.77655 24.8876 1.70193 20.61453 21.29292 1.70193 20.61453 21.29292 3.43937 23.77655 24.8876 5.97335 18.33272 23.7789 8.23669 19.70079 26.34186 8.41051 16.83776 24.63441 9.27842 16.91284 30.49384 9.27842 16.91284 30.49384 8.41051 16.83776 24.63441 8.23669 19.70079 26.34186 8.23669 19.70079 26.34186 3.43937 23.77655 24.8876 5.97335 18.33272 23.7789 5.97335 18.33272 23.7789 3.43937 23.77655 24.8876 8.23669 19.70079 26.34186 9.27842 16.91284 30.49384 8.41051 16.83776 24.63441 10.77279 10.48622 28.21922 10.77279 10.48622 28.21922 8.41051 16.83776 24.63441 9.27842 16.91284 30.49384 0.7861 25.6801 21.64992 0 22.81215 18.24693 1.70193 20.61453 21.29292 1.70193 20.61453 21.29292 0 22.81215 18.24693 0.7861 25.6801 21.64992 2.66535 30.00317 20.24481 0.17209 26.24192 18.84756 0.7861 25.6801 21.64992 0.7861 25.6801 21.64992 0.17209 26.24192 18.84756 2.66535 30.00317 20.24481 23.71283 27.5443 1.29484 20.34315 29.74545 2.23516 23.37898 30.56717 1.76323 23.37898 30.56717 1.76323 20.34315 29.74545 2.23516 23.71283 27.5443 1.29484 23.44874 35.82469 3.29697 20.34315 29.74545 2.23516 21.66693 36.37174 3.77626 21.66693 36.37174 3.77626 20.34315 29.74545 2.23516 23.44874 35.82469 3.29697 21.66693 36.37174 3.77626 15.81335 40.61335 7.88063 20.81945 40.70615 6.05555 20.81945 40.70615 6.05555 15.81335 40.61335 7.88063 21.66693 36.37174 3.77626 18.09339 45.5363 13.93929 16.8776 43.05166 9.69205 14.08047 41.40485 10.46469 14.08047 41.40485 10.46469 16.8776 43.05166 9.69205 18.09339 45.5363 13.93929 20.81945 40.70615 6.05555 15.81335 40.61335 7.88063 16.8776 43.05166 9.69205 16.8776 43.05166 9.69205 15.81335 40.61335 7.88063 20.81945 40.70615 6.05555 15.17976 44.87449 22.3411 14.08047 41.40485 10.46469 12.89476 42.5506 20.69358 12.89476 42.5506 20.69358 14.08047 41.40485 10.46469 15.17976 44.87449 22.3411 12.89476 42.5506 20.69358 10.21134 38.3404 14.67181 10.82441 38.82808 23.53103 10.82441 38.82808 23.53103 10.21134 38.3404 14.67181 12.89476 42.5506 20.69358 10.82441 38.82808 23.53103 10.21134 38.3404 14.67181 8.41335 33.46544 17.88815 8.41335 33.46544 17.88815 10.21134 38.3404 14.67181 10.82441 38.82808 23.53103 8.3911 33.43048 21.74843 8.41335 33.46544 17.88815 2.66535 30.00317 20.24481 2.66535 30.00317 20.24481 8.41335 33.46544 17.88815 8.3911 33.43048 21.74843 34.77389 20.48871 0 27.25472 14.60709 0.8074 22.92504 20.55764 1.06492 22.92504 20.55764 1.06492 27.25472 14.60709 0.8074 34.77389 20.48871 0 35.03359 29.96736 0.98091 34.77389 20.48871 0 23.71283 27.5443 1.29484 23.71283 27.5443 1.29484 34.77389 20.48871 0 35.03359 29.96736 0.98091 10.77279 10.48622 28.21922 12.24685 7.23091 25.24631 11.88527 8.14134 29.0829 11.88527 8.14134 29.0829 12.24685 7.23091 25.24631 10.77279 10.48622 28.21922 0.7861 25.6801 21.64992 1.70193 20.61453 21.29292 3.43937 23.77655 24.8876 3.43937 23.77655 24.8876 1.70193 20.61453 21.29292 0.7861 25.6801 21.64992 9.55256 23.08907 34.82705 8.23669 19.70079 26.34186 9.27842 16.91284 30.49384 9.27842 16.91284 30.49384 8.23669 19.70079 26.34186 9.55256 23.08907 34.82705 8.23669 19.70079 26.34186 8.01547 24.80576 27.48854 3.43937 23.77655 24.8876 3.43937 23.77655 24.8876 8.01547 24.80576 27.48854 8.23669 19.70079 26.34186 9.27842 16.91284 30.49384 10.77279 10.48622 28.21922 10.69134 11.66871 31.41824 10.69134 11.66871 31.41824 10.77279 10.48622 28.21922 9.27842 16.91284 30.49384 2.66535 30.00317 20.24481 0.7861 25.6801 21.64992 3.27445 28.77189 23.01248 3.27445 28.77189 23.01248 0.7861 25.6801 21.64992 2.66535 30.00317 20.24481 23.44874 35.82469 3.29697 23.37898 30.56717 1.76323 20.34315 29.74545 2.23516 20.34315 29.74545 2.23516 23.37898 30.56717 1.76323 23.44874 35.82469 3.29697 26.99512 32.05477 1.6998 23.71283 27.5443 1.29484 23.37898 30.56717 1.76323 23.37898 30.56717 1.76323 23.71283 27.5443 1.29484 26.99512 32.05477 1.6998 26.06846 40.53394 4.72937 23.44874 35.82469 3.29697 21.66693 36.37174 3.77626 21.66693 36.37174 3.77626 23.44874 35.82469 3.29697 26.06846 40.53394 4.72937 26.06846 40.53394 4.72937 21.66693 36.37174 3.77626 20.81945 40.70615 6.05555 20.81945 40.70615 6.05555 21.66693 36.37174 3.77626 26.06846 40.53394 4.72937 18.09339 45.5363 13.93929 25.46661 46.56142 10.5287 16.8776 43.05166 9.69205 16.8776 43.05166 9.69205 25.46661 46.56142 10.5287 18.09339 45.5363 13.93929 17.62779 46.15359 17.74 18.09339 45.5363 13.93929 14.08047 41.40485 10.46469 14.08047 41.40485 10.46469 18.09339 45.5363 13.93929 17.62779 46.15359 17.74 26.90827 44.39709 7.42768 20.81945 40.70615 6.05555 16.8776 43.05166 9.69205 16.8776 43.05166 9.69205 20.81945 40.70615 6.05555 26.90827 44.39709 7.42768 15.17976 44.87449 22.3411 17.62779 46.15359 17.74 14.08047 41.40485 10.46469 14.08047 41.40485 10.46469 17.62779 46.15359 17.74 15.17976 44.87449 22.3411 15.17976 44.87449 22.3411 12.89476 42.5506 20.69358 13.47716 42.73701 26.78731 13.47716 42.73701 26.78731 12.89476 42.5506 20.69358 15.17976 44.87449 22.3411 13.47716 42.73701 26.78731 12.89476 42.5506 20.69358 10.82441 38.82808 23.53103 10.82441 38.82808 23.53103 12.89476 42.5506 20.69358 13.47716 42.73701 26.78731 10.82441 38.82808 23.53103 8.41335 33.46544 17.88815 8.3911 33.43048 21.74843 8.3911 33.43048 21.74843 8.41335 33.46544 17.88815 10.82441 38.82808 23.53103 3.27445 28.77189 23.01248 8.3911 33.43048 21.74843 2.66535 30.00317 20.24481 2.66535 30.00317 20.24481 8.3911 33.43048 21.74843 3.27445 28.77189 23.01248 34.77389 20.48871 0 33.70674 16.76209 0.11835 27.25472 14.60709 0.8074 27.25472 14.60709 0.8074 33.70674 16.76209 0.11835 34.77389 20.48871 0 46.20606 32.01178 1.51445 34.77389 20.48871 0 35.03359 29.96736 0.98091 35.03359 29.96736 0.98091 34.77389 20.48871 0 46.20606 32.01178 1.51445 35.03359 29.96736 0.98091 23.71283 27.5443 1.29484 26.99512 32.05477 1.6998 26.99512 32.05477 1.6998 23.71283 27.5443 1.29484 35.03359 29.96736 0.98091 10.69134 11.66871 31.41824 10.77279 10.48622 28.21922 11.88527 8.14134 29.0829 11.88527 8.14134 29.0829 10.77279 10.48622 28.21922 10.69134 11.66871 31.41824 3.43937 23.77655 24.8876 3.27445 28.77189 23.01248 0.7861 25.6801 21.64992 0.7861 25.6801 21.64992 3.27445 28.77189 23.01248 3.43937 23.77655 24.8876 8.01547 24.80576 27.48854 8.23669 19.70079 26.34186 9.55256 23.08907 34.82705 9.55256 23.08907 34.82705 8.23669 19.70079 26.34186 8.01547 24.80576 27.48854 9.55256 23.08907 34.82705 9.27842 16.91284 30.49384 9.90492 18.31217 34.64815 9.90492 18.31217 34.64815 9.27842 16.91284 30.49384 9.55256 23.08907 34.82705 8.09205 29.05809 26.62563 3.43937 23.77655 24.8876 8.01547 24.80576 27.48854 8.01547 24.80576 27.48854 3.43937 23.77655 24.8876 8.09205 29.05809 26.62563 9.27842 16.91284 30.49384 10.69134 11.66871 31.41824 10.14653 15.94122 34.03575 10.14653 15.94122 34.03575 10.69134 11.66871 31.41824 9.27842 16.91284 30.49384 28.69457 35.40953 2.32575 23.37898 30.56717 1.76323 23.44874 35.82469 3.29697 23.44874 35.82469 3.29697 23.37898 30.56717 1.76323 28.69457 35.40953 2.32575 28.69457 35.40953 2.32575 26.99512 32.05477 1.6998 23.37898 30.56717 1.76323 23.37898 30.56717 1.76323 26.99512 32.05477 1.6998 28.69457 35.40953 2.32575 28.28461 36.22138 2.69366 23.44874 35.82469 3.29697 26.06846 40.53394 4.72937 26.06846 40.53394 4.72937 23.44874 35.82469 3.29697 28.28461 36.22138 2.69366 26.90827 44.39709 7.42768 26.06846 40.53394 4.72937 20.81945 40.70615 6.05555 20.81945 40.70615 6.05555 26.06846 40.53394 4.72937 26.90827 44.39709 7.42768 26.26256 48.34634 14.19217 25.46661 46.56142 10.5287 18.09339 45.5363 13.93929 18.09339 45.5363 13.93929 25.46661 46.56142 10.5287 26.26256 48.34634 14.19217 25.46661 46.56142 10.5287 26.90827 44.39709 7.42768 16.8776 43.05166 9.69205 16.8776 43.05166 9.69205 26.90827 44.39709 7.42768 25.46661 46.56142 10.5287 17.62779 46.15359 17.74 19.25602 46.58504 16.05654 18.09339 45.5363 13.93929 18.09339 45.5363 13.93929 19.25602 46.58504 16.05654 17.62779 46.15359 17.74 22.31823 48.51268 24.86071 17.62779 46.15359 17.74 15.17976 44.87449 22.3411 15.17976 44.87449 22.3411 17.62779 46.15359 17.74 22.31823 48.51268 24.86071 16.23776 44.96134 28.48125 15.17976 44.87449 22.3411 13.47716 42.73701 26.78731 13.47716 42.73701 26.78731 15.17976 44.87449 22.3411 16.23776 44.96134 28.48125 13.47716 42.73701 26.78731 10.82441 38.82808 23.53103 12.46854 41.06839 29.93232 12.46854 41.06839 29.93232 10.82441 38.82808 23.53103 13.47716 42.73701 26.78731 10.82441 38.82808 23.53103 8.3911 33.43048 21.74843 10.08299 35.80189 29.64572 10.08299 35.80189 29.64572 8.3911 33.43048 21.74843 10.82441 38.82808 23.53103 8.24831 31.74386 24.62744 8.3911 33.43048 21.74843 3.27445 28.77189 23.01248 3.27445 28.77189 23.01248 8.3911 33.43048 21.74843 8.24831 31.74386 24.62744 41.10859 16.76493 0.07622 33.70674 16.76209 0.11835 34.77389 20.48871 0 34.77389 20.48871 0 33.70674 16.76209 0.11835 41.10859 16.76493 0.07622 33.70674 16.76209 0.11835 33.18591 15.08685 0.26713 27.25472 14.60709 0.8074 27.25472 14.60709 0.8074 33.18591 15.08685 0.26713 33.70674 16.76209 0.11835 46.20606 32.01178 1.51445 43.12299 21.228 0.2028 34.77389 20.48871 0 34.77389 20.48871 0 43.12299 21.228 0.2028 46.20606 32.01178 1.51445 46.20606 32.01178 1.51445 35.03359 29.96736 0.98091 39.34079 35.27619 1.96532 39.34079 35.27619 1.96532 35.03359 29.96736 0.98091 46.20606 32.01178 1.51445 35.03359 29.96736 0.98091 26.99512 32.05477 1.6998 28.69457 35.40953 2.32575 28.69457 35.40953 2.32575 26.99512 32.05477 1.6998 35.03359 29.96736 0.98091 8.09205 29.05809 26.62563 3.27445 28.77189 23.01248 3.43937 23.77655 24.8876 3.43937 23.77655 24.8876 3.27445 28.77189 23.01248 8.09205 29.05809 26.62563 9.8374 29.59318 34.92583 8.01547 24.80576 27.48854 9.55256 23.08907 34.82705 9.55256 23.08907 34.82705 8.01547 24.80576 27.48854 9.8374 29.59318 34.92583 9.90492 18.31217 34.64815 9.27842 16.91284 30.49384 10.14653 15.94122 34.03575 10.14653 15.94122 34.03575 9.27842 16.91284 30.49384 9.90492 18.31217 34.64815 9.55256 23.08907 34.82705 9.90492 18.31217 34.64815 10.26177 21.59567 36.45366 10.26177 21.59567 36.45366 9.90492 18.31217 34.64815 9.55256 23.08907 34.82705 9.8374 29.59318 34.92583 8.09205 29.05809 26.62563 8.01547 24.80576 27.48854 8.01547 24.80576 27.48854 8.09205 29.05809 26.62563 9.8374 29.59318 34.92583 28.69457 35.40953 2.32575 23.44874 35.82469 3.29697 28.28461 36.22138 2.69366 28.28461 36.22138 2.69366 23.44874 35.82469 3.29697 28.69457 35.40953 2.32575 36.41693 39.25382 3.67382 28.28461 36.22138 2.69366 26.06846 40.53394 4.72937 26.06846 40.53394 4.72937 28.28461 36.22138 2.69366 36.41693 39.25382 3.67382 36.41693 39.25382 3.67382 26.06846 40.53394 4.72937 26.90827 44.39709 7.42768 26.90827 44.39709 7.42768 26.06846 40.53394 4.72937 36.41693 39.25382 3.67382 26.26256 48.34634 14.19217 29.63858 47.52008 11.10504 25.46661 46.56142 10.5287 25.46661 46.56142 10.5287 29.63858 47.52008 11.10504 26.26256 48.34634 14.19217 19.25602 46.58504 16.05654 26.26256 48.34634 14.19217 18.09339 45.5363 13.93929 18.09339 45.5363 13.93929 26.26256 48.34634 14.19217 19.25602 46.58504 16.05654 25.46661 46.56142 10.5287 32.44531 46.31083 8.86488 26.90827 44.39709 7.42768 26.90827 44.39709 7.42768 32.44531 46.31083 8.86488 25.46661 46.56142 10.5287 20.93307 47.72162 18.33764 19.25602 46.58504 16.05654 17.62779 46.15359 17.74 17.62779 46.15359 17.74 19.25602 46.58504 16.05654 20.93307 47.72162 18.33764 22.31823 48.51268 24.86071 20.93307 47.72162 18.33764 17.62779 46.15359 17.74 17.62779 46.15359 17.74 20.93307 47.72162 18.33764 22.31823 48.51268 24.86071 16.23776 44.96134 28.48125 22.31823 48.51268 24.86071 15.17976 44.87449 22.3411 15.17976 44.87449 22.3411 22.31823 48.51268 24.86071 16.23776 44.96134 28.48125 14.21713 43.1041 28.83222 16.23776 44.96134 28.48125 13.47716 42.73701 26.78731 13.47716 42.73701 26.78731 16.23776 44.96134 28.48125 14.21713 43.1041 28.83222 12.46854 41.06839 29.93232 10.82441 38.82808 23.53103 11.21846 38.47886 30.67394 11.21846 38.47886 30.67394 10.82441 38.82808 23.53103 12.46854 41.06839 29.93232 14.21713 43.1041 28.83222 13.47716 42.73701 26.78731 12.46854 41.06839 29.93232 12.46854 41.06839 29.93232 13.47716 42.73701 26.78731 14.21713 43.1041 28.83222 10.08299 35.80189 29.64572 8.3911 33.43048 21.74843 8.24831 31.74386 24.62744 8.24831 31.74386 24.62744 8.3911 33.43048 21.74843 10.08299 35.80189 29.64572 10.82441 38.82808 23.53103 10.08299 35.80189 29.64572 11.21846 38.47886 30.67394 11.21846 38.47886 30.67394 10.08299 35.80189 29.64572 10.82441 38.82808 23.53103 8.24831 31.74386 24.62744 3.27445 28.77189 23.01248 8.09205 29.05809 26.62563 8.09205 29.05809 26.62563 3.27445 28.77189 23.01248 8.24831 31.74386 24.62744 41.10859 16.76493 0.07622 33.18591 15.08685 0.26713 33.70674 16.76209 0.11835 33.70674 16.76209 0.11835 33.18591 15.08685 0.26713 41.10859 16.76493 0.07622 43.12299 21.228 0.2028 41.10859 16.76493 0.07622 34.77389 20.48871 0 34.77389 20.48871 0 41.10859 16.76493 0.07622 43.12299 21.228 0.2028 50.16228 27.66225 1.21555 43.12299 21.228 0.2028 46.20606 32.01178 1.51445 46.20606 32.01178 1.51445 43.12299 21.228 0.2028 50.16228 27.66225 1.21555 39.34079 35.27619 1.96532 35.03359 29.96736 0.98091 28.69457 35.40953 2.32575 28.69457 35.40953 2.32575 35.03359 29.96736 0.98091 39.34079 35.27619 1.96532 47.71287 35.19737 2.34902 46.20606 32.01178 1.51445 39.34079 35.27619 1.96532 39.34079 35.27619 1.96532 46.20606 32.01178 1.51445 47.71287 35.19737 2.34902 9.8374 29.59318 34.92583 9.55256 23.08907 34.82705 10.35638 25.76638 36.74563 10.35638 25.76638 36.74563 9.55256 23.08907 34.82705 9.8374 29.59318 34.92583 9.90492 18.31217 34.64815 10.14653 15.94122 34.03575 11.15118 16.69209 36.98276 11.15118 16.69209 36.98276 10.14653 15.94122 34.03575 9.90492 18.31217 34.64815 10.26177 21.59567 36.45366 9.90492 18.31217 34.64815 11.15118 16.69209 36.98276 11.15118 16.69209 36.98276 9.90492 18.31217 34.64815 10.26177 21.59567 36.45366 10.35638 25.76638 36.74563 9.55256 23.08907 34.82705 10.26177 21.59567 36.45366 10.26177 21.59567 36.45366 9.55256 23.08907 34.82705 10.35638 25.76638 36.74563 8.24831 31.74386 24.62744 8.09205 29.05809 26.62563 9.8374 29.59318 34.92583 9.8374 29.59318 34.92583 8.09205 29.05809 26.62563 8.24831 31.74386 24.62744 34.57245 36.47319 2.51662 28.69457 35.40953 2.32575 28.28461 36.22138 2.69366 28.28461 36.22138 2.69366 28.69457 35.40953 2.32575 34.57245 36.47319 2.51662 36.41693 39.25382 3.67382 34.57245 36.47319 2.51662 28.28461 36.22138 2.69366 28.28461 36.22138 2.69366 34.57245 36.47319 2.51662 36.41693 39.25382 3.67382 39.17099 42.79004 5.92791 36.41693 39.25382 3.67382 26.90827 44.39709 7.42768 26.90827 44.39709 7.42768 36.41693 39.25382 3.67382 39.17099 42.79004 5.92791 26.26256 48.34634 14.19217 32.89779 48.38689 11.90685 29.63858 47.52008 11.10504 29.63858 47.52008 11.10504 32.89779 48.38689 11.90685 26.26256 48.34634 14.19217 29.63858 47.52008 11.10504 32.44531 46.31083 8.86488 25.46661 46.56142 10.5287 25.46661 46.56142 10.5287 32.44531 46.31083 8.86488 29.63858 47.52008 11.10504 20.93307 47.72162 18.33764 26.26256 48.34634 14.19217 19.25602 46.58504 16.05654 19.25602 46.58504 16.05654 26.26256 48.34634 14.19217 20.93307 47.72162 18.33764 39.17099 42.79004 5.92791 26.90827 44.39709 7.42768 32.44531 46.31083 8.86488 32.44531 46.31083 8.86488 26.90827 44.39709 7.42768 39.17099 42.79004 5.92791 22.31823 48.51268 24.86071 24.55681 49.26418 22.86599 20.93307 47.72162 18.33764 20.93307 47.72162 18.33764 24.55681 49.26418 22.86599 22.31823 48.51268 24.86071 18.59772 46.10465 30.46336 22.31823 48.51268 24.86071 16.23776 44.96134 28.48125 16.23776 44.96134 28.48125 22.31823 48.51268 24.86071 18.59772 46.10465 30.46336 18.59772 46.10465 30.46336 16.23776 44.96134 28.48125 14.21713 43.1041 28.83222 14.21713 43.1041 28.83222 16.23776 44.96134 28.48125 18.59772 46.10465 30.46336 12.46854 41.06839 29.93232 11.21846 38.47886 30.67394 11.36055 37.9028 32.27275 11.36055 37.9028 32.27275 11.21846 38.47886 30.67394 12.46854 41.06839 29.93232 16.49634 44.19678 32.51645 14.21713 43.1041 28.83222 12.46854 41.06839 29.93232 12.46854 41.06839 29.93232 14.21713 43.1041 28.83222 16.49634 44.19678 32.51645 10.08299 35.80189 29.64572 8.24831 31.74386 24.62744 10.28516 32.59756 34.42705 10.28516 32.59756 34.42705 8.24831 31.74386 24.62744 10.08299 35.80189 29.64572 11.21846 38.47886 30.67394 10.08299 35.80189 29.64572 11.36055 37.9028 32.27275 11.36055 37.9028 32.27275 10.08299 35.80189 29.64572 11.21846 38.47886 30.67394 47.56673 15.74512 0.60193 41.10859 16.76493 0.07622 43.12299 21.228 0.2028 43.12299 21.228 0.2028 41.10859 16.76493 0.07622 47.56673 15.74512 0.60193 50.16228 27.66225 1.21555 49.45862 21.5517 0.69599 43.12299 21.228 0.2028 43.12299 21.228 0.2028 49.45862 21.5517 0.69599 50.16228 27.66225 1.21555 50.16228 27.66225 1.21555 46.20606 32.01178 1.51445 50.14677 31.22382 1.74004 50.14677 31.22382 1.74004 46.20606 32.01178 1.51445 50.16228 27.66225 1.21555 39.34079 35.27619 1.96532 28.69457 35.40953 2.32575 34.57245 36.47319 2.51662 34.57245 36.47319 2.51662 28.69457 35.40953 2.32575 39.34079 35.27619 1.96532 50.14677 31.22382 1.74004 46.20606 32.01178 1.51445 47.71287 35.19737 2.34902 47.71287 35.19737 2.34902 46.20606 32.01178 1.51445 50.14677 31.22382 1.74004 47.71287 35.19737 2.34902 39.34079 35.27619 1.96532 42.81673 36.31622 2.55776 42.81673 36.31622 2.55776 39.34079 35.27619 1.96532 47.71287 35.19737 2.34902 9.8374 29.59318 34.92583 10.35638 25.76638 36.74563 10.34409 29.30727 36.17921 10.34409 29.30727 36.17921 10.35638 25.76638 36.74563 9.8374 29.59318 34.92583 10.26177 21.59567 36.45366 11.15118 16.69209 36.98276 13.51791 16.35264 39.9863 13.51791 16.35264 39.9863 11.15118 16.69209 36.98276 10.26177 21.59567 36.45366 13.5339 28.45019 40.09138 10.35638 25.76638 36.74563 10.26177 21.59567 36.45366 10.26177 21.59567 36.45366 10.35638 25.76638 36.74563 13.5339 28.45019 40.09138 10.28516 32.59756 34.42705 8.24831 31.74386 24.62744 9.8374 29.59318 34.92583 9.8374 29.59318 34.92583 8.24831 31.74386 24.62744 10.28516 32.59756 34.42705 42.81673 36.31622 2.55776 34.57245 36.47319 2.51662 36.41693 39.25382 3.67382 36.41693 39.25382 3.67382 34.57245 36.47319 2.51662 42.81673 36.31622 2.55776 48.00409 39.52075 4.08551 36.41693 39.25382 3.67382 39.17099 42.79004 5.92791 39.17099 42.79004 5.92791 36.41693 39.25382 3.67382 48.00409 39.52075 4.08551 37.37033 50.55004 18.19087 32.89779 48.38689 11.90685 26.26256 48.34634 14.19217 26.26256 48.34634 14.19217 32.89779 48.38689 11.90685 37.37033 50.55004 18.19087 32.89779 48.38689 11.90685 36.51858 47.94122 10.98752 29.63858 47.52008 11.10504 29.63858 47.52008 11.10504 36.51858 47.94122 10.98752 32.89779 48.38689 11.90685 29.63858 47.52008 11.10504 36.51858 47.94122 10.98752 32.44531 46.31083 8.86488 32.44531 46.31083 8.86488 36.51858 47.94122 10.98752 29.63858 47.52008 11.10504 25.43728 49.09867 18.75933 26.26256 48.34634 14.19217 20.93307 47.72162 18.33764 20.93307 47.72162 18.33764 26.26256 48.34634 14.19217 25.43728 49.09867 18.75933 45.77591 45.75587 8.38299 39.17099 42.79004 5.92791 32.44531 46.31083 8.86488 32.44531 46.31083 8.86488 39.17099 42.79004 5.92791 45.77591 45.75587 8.38299 28.70071 50.21871 27.16775 24.55681 49.26418 22.86599 22.31823 48.51268 24.86071 22.31823 48.51268 24.86071 24.55681 49.26418 22.86599 28.70071 50.21871 27.16775 24.55681 49.26418 22.86599 25.43728 49.09867 18.75933 20.93307 47.72162 18.33764 20.93307 47.72162 18.33764 25.43728 49.09867 18.75933 24.55681 49.26418 22.86599 21.39039 47.50583 30.48414 22.31823 48.51268 24.86071 18.59772 46.10465 30.46336 18.59772 46.10465 30.46336 22.31823 48.51268 24.86071 21.39039 47.50583 30.48414 16.49634 44.19678 32.51645 18.59772 46.10465 30.46336 14.21713 43.1041 28.83222 14.21713 43.1041 28.83222 18.59772 46.10465 30.46336 16.49634 44.19678 32.51645 12.46854 41.06839 29.93232 11.36055 37.9028 32.27275 15.20795 40.66103 36.67441 15.20795 40.66103 36.67441 11.36055 37.9028 32.27275 12.46854 41.06839 29.93232 16.49634 44.19678 32.51645 12.46854 41.06839 29.93232 15.20795 40.66103 36.67441 15.20795 40.66103 36.67441 12.46854 41.06839 29.93232 16.49634 44.19678 32.51645 11.36055 37.9028 32.27275 10.08299 35.80189 29.64572 10.28516 32.59756 34.42705 10.28516 32.59756 34.42705 10.08299 35.80189 29.64572 11.36055 37.9028 32.27275 47.56673 15.74512 0.60193 46.92811 14.40544 0.68815 41.10859 16.76493 0.07622 41.10859 16.76493 0.07622 46.92811 14.40544 0.68815 47.56673 15.74512 0.60193 53.12008 27.47466 1.61083 49.45862 21.5517 0.69599 50.16228 27.66225 1.21555 50.16228 27.66225 1.21555 49.45862 21.5517 0.69599 53.12008 27.47466 1.61083 53.12008 27.47466 1.61083 50.16228 27.66225 1.21555 50.14677 31.22382 1.74004 50.14677 31.22382 1.74004 50.16228 27.66225 1.21555 53.12008 27.47466 1.61083 42.81673 36.31622 2.55776 39.34079 35.27619 1.96532 34.57245 36.47319 2.51662 34.57245 36.47319 2.51662 39.34079 35.27619 1.96532 42.81673 36.31622 2.55776 54.33669 30.03913 2.13961 50.14677 31.22382 1.74004 47.71287 35.19737 2.34902 47.71287 35.19737 2.34902 50.14677 31.22382 1.74004 54.33669 30.03913 2.13961 47.9211 36.07319 2.85831 47.71287 35.19737 2.34902 42.81673 36.31622 2.55776 42.81673 36.31622 2.55776 47.71287 35.19737 2.34902 47.9211 36.07319 2.85831 10.34409 29.30727 36.17921 10.35638 25.76638 36.74563 13.5339 28.45019 40.09138 13.5339 28.45019 40.09138 10.35638 25.76638 36.74563 10.34409 29.30727 36.17921 10.28516 32.59756 34.42705 9.8374 29.59318 34.92583 10.34409 29.30727 36.17921 10.34409 29.30727 36.17921 9.8374 29.59318 34.92583 10.28516 32.59756 34.42705 13.5339 28.45019 40.09138 10.26177 21.59567 36.45366 13.51791 16.35264 39.9863 13.51791 16.35264 39.9863 10.26177 21.59567 36.45366 13.5339 28.45019 40.09138 48.00409 39.52075 4.08551 42.81673 36.31622 2.55776 36.41693 39.25382 3.67382 36.41693 39.25382 3.67382 42.81673 36.31622 2.55776 48.00409 39.52075 4.08551 48.4637 44.27402 7.35276 48.00409 39.52075 4.08551 39.17099 42.79004 5.92791 39.17099 42.79004 5.92791 48.00409 39.52075 4.08551 48.4637 44.27402 7.35276 37.37033 50.55004 18.19087 41.29567 48.69107 12.54118 32.89779 48.38689 11.90685 32.89779 48.38689 11.90685 41.29567 48.69107 12.54118 37.37033 50.55004 18.19087 25.43728 49.09867 18.75933 37.37033 50.55004 18.19087 26.26256 48.34634 14.19217 26.26256 48.34634 14.19217 37.37033 50.55004 18.19087 25.43728 49.09867 18.75933 41.29567 48.69107 12.54118 36.51858 47.94122 10.98752 32.89779 48.38689 11.90685 32.89779 48.38689 11.90685 36.51858 47.94122 10.98752 41.29567 48.69107 12.54118 36.51858 47.94122 10.98752 45.77591 45.75587 8.38299 32.44531 46.31083 8.86488 32.44531 46.31083 8.86488 45.77591 45.75587 8.38299 36.51858 47.94122 10.98752 48.4637 44.27402 7.35276 39.17099 42.79004 5.92791 45.77591 45.75587 8.38299 45.77591 45.75587 8.38299 39.17099 42.79004 5.92791 48.4637 44.27402 7.35276 28.70071 50.21871 27.16775 32.66157 50.68355 21.68362 24.55681 49.26418 22.86599 24.55681 49.26418 22.86599 32.66157 50.68355 21.68362 28.70071 50.21871 27.16775 25.82905 48.43276 34.23355 28.70071 50.21871 27.16775 22.31823 48.51268 24.86071 22.31823 48.51268 24.86071 28.70071 50.21871 27.16775 25.82905 48.43276 34.23355 24.55681 49.26418 22.86599 32.66157 50.68355 21.68362 25.43728 49.09867 18.75933 25.43728 49.09867 18.75933 32.66157 50.68355 21.68362 24.55681 49.26418 22.86599 25.82905 48.43276 34.23355 22.31823 48.51268 24.86071 21.39039 47.50583 30.48414 21.39039 47.50583 30.48414 22.31823 48.51268 24.86071 25.82905 48.43276 34.23355 21.49024 47.02831 33.1904 21.39039 47.50583 30.48414 18.59772 46.10465 30.46336 18.59772 46.10465 30.46336 21.39039 47.50583 30.48414 21.49024 47.02831 33.1904 21.49024 47.02831 33.1904 18.59772 46.10465 30.46336 16.49634 44.19678 32.51645 16.49634 44.19678 32.51645 18.59772 46.10465 30.46336 21.49024 47.02831 33.1904 15.20795 40.66103 36.67441 11.36055 37.9028 32.27275 14.96043 38.60473 38.42992 14.96043 38.60473 38.42992 11.36055 37.9028 32.27275 15.20795 40.66103 36.67441 17.03244 40.40308 39.33945 16.49634 44.19678 32.51645 15.20795 40.66103 36.67441 15.20795 40.66103 36.67441 16.49634 44.19678 32.51645 17.03244 40.40308 39.33945 14.96043 38.60473 38.42992 11.36055 37.9028 32.27275 10.28516 32.59756 34.42705 10.28516 32.59756 34.42705 11.36055 37.9028 32.27275 14.96043 38.60473 38.42992 55.93197 26.45104 2.15847 49.45862 21.5517 0.69599 53.12008 27.47466 1.61083 53.12008 27.47466 1.61083 49.45862 21.5517 0.69599 55.93197 26.45104 2.15847 54.33669 30.03913 2.13961 53.12008 27.47466 1.61083 50.14677 31.22382 1.74004 50.14677 31.22382 1.74004 53.12008 27.47466 1.61083 54.33669 30.03913 2.13961 54.33669 30.03913 2.13961 47.71287 35.19737 2.34902 53.69555 35.99197 3.71701 53.69555 35.99197 3.71701 47.71287 35.19737 2.34902 54.33669 30.03913 2.13961 53.69555 35.99197 3.71701 47.71287 35.19737 2.34902 47.9211 36.07319 2.85831 47.9211 36.07319 2.85831 47.71287 35.19737 2.34902 53.69555 35.99197 3.71701 48.00409 39.52075 4.08551 47.9211 36.07319 2.85831 42.81673 36.31622 2.55776 42.81673 36.31622 2.55776 47.9211 36.07319 2.85831 48.00409 39.52075 4.08551 14.17929 33.58418 40.09603 10.34409 29.30727 36.17921 13.5339 28.45019 40.09138 13.5339 28.45019 40.09138 10.34409 29.30727 36.17921 14.17929 33.58418 40.09603 14.96043 38.60473 38.42992 10.28516 32.59756 34.42705 10.34409 29.30727 36.17921 10.34409 29.30727 36.17921 10.28516 32.59756 34.42705 14.96043 38.60473 38.42992 17.9885 17.98508 43.44146 13.5339 28.45019 40.09138 13.51791 16.35264 39.9863 13.51791 16.35264 39.9863 13.5339 28.45019 40.09138 17.9885 17.98508 43.44146 54.97339 40.79611 6.2691 48.00409 39.52075 4.08551 48.4637 44.27402 7.35276 48.4637 44.27402 7.35276 48.00409 39.52075 4.08551 54.97339 40.79611 6.2691 37.37033 50.55004 18.19087 45.22909 49.70469 17.29272 41.29567 48.69107 12.54118 41.29567 48.69107 12.54118 45.22909 49.70469 17.29272 37.37033 50.55004 18.19087 32.66157 50.68355 21.68362 37.37033 50.55004 18.19087 25.43728 49.09867 18.75933 25.43728 49.09867 18.75933 37.37033 50.55004 18.19087 32.66157 50.68355 21.68362 41.29567 48.69107 12.54118 42.55421 47.7976 11.23662 36.51858 47.94122 10.98752 36.51858 47.94122 10.98752 42.55421 47.7976 11.23662 41.29567 48.69107 12.54118 42.55421 47.7976 11.23662 45.77591 45.75587 8.38299 36.51858 47.94122 10.98752 36.51858 47.94122 10.98752 45.77591 45.75587 8.38299 42.55421 47.7976 11.23662 52.94165 44.32882 8.85634 48.4637 44.27402 7.35276 45.77591 45.75587 8.38299 45.77591 45.75587 8.38299 48.4637 44.27402 7.35276 52.94165 44.32882 8.85634 28.70071 50.21871 27.16775 38.17366 51.38245 25.60116 32.66157 50.68355 21.68362 32.66157 50.68355 21.68362 38.17366 51.38245 25.60116 28.70071 50.21871 27.16775 33.5072 49.85941 34.66477 28.70071 50.21871 27.16775 25.82905 48.43276 34.23355 25.82905 48.43276 34.23355 28.70071 50.21871 27.16775 33.5072 49.85941 34.66477 25.82905 48.43276 34.23355 21.39039 47.50583 30.48414 21.49024 47.02831 33.1904 21.49024 47.02831 33.1904 21.39039 47.50583 30.48414 25.82905 48.43276 34.23355 22.91764 45.74016 38.24772 21.49024 47.02831 33.1904 16.49634 44.19678 32.51645 16.49634 44.19678 32.51645 21.49024 47.02831 33.1904 22.91764 45.74016 38.24772 15.20795 40.66103 36.67441 14.96043 38.60473 38.42992 17.03244 40.40308 39.33945 17.03244 40.40308 39.33945 14.96043 38.60473 38.42992 15.20795 40.66103 36.67441 17.03244 40.40308 39.33945 22.91764 45.74016 38.24772 16.49634 44.19678 32.51645 16.49634 44.19678 32.51645 22.91764 45.74016 38.24772 17.03244 40.40308 39.33945 58.41461 29.42768 3.32162 55.93197 26.45104 2.15847 53.12008 27.47466 1.61083 53.12008 27.47466 1.61083 55.93197 26.45104 2.15847 58.41461 29.42768 3.32162 58.41461 29.42768 3.32162 53.12008 27.47466 1.61083 54.33669 30.03913 2.13961 54.33669 30.03913 2.13961 53.12008 27.47466 1.61083 58.41461 29.42768 3.32162 59.98949 35.05339 5.52799 54.33669 30.03913 2.13961 53.69555 35.99197 3.71701 59.3187 30.76587 4.01555 59.3187 30.76587 4.01555 59.98949 35.05339 5.52799 54.33669 30.03913 2.13961 53.69555 35.99197 3.71701 53.69555 35.99197 3.71701 47.9211 36.07319 2.85831 48.00409 39.52075 4.08551 48.00409 39.52075 4.08551 47.9211 36.07319 2.85831 53.69555 35.99197 3.71701 14.96043 38.60473 38.42992 10.34409 29.30727 36.17921 14.17929 33.58418 40.09603 14.17929 33.58418 40.09603 10.34409 29.30727 36.17921 14.96043 38.60473 38.42992 16.92693 33.21426 42.2841 14.17929 33.58418 40.09603 13.5339 28.45019 40.09138 13.5339 28.45019 40.09138 14.17929 33.58418 40.09603 16.92693 33.21426 42.2841 18.97252 31.68752 44.18417 13.5339 28.45019 40.09138 17.9885 17.98508 43.44146 17.9885 17.98508 43.44146 13.5339 28.45019 40.09138 18.97252 31.68752 44.18417 17.9885 17.98508 43.44146 13.51791 16.35264 39.9863 16.04953 16.07453 42.01087 16.04953 16.07453 42.01087 13.51791 16.35264 39.9863 17.9885 17.98508 43.44146 54.97339 40.79611 6.2691 53.69555 35.99197 3.71701 48.00409 39.52075 4.08551 48.00409 39.52075 4.08551 53.69555 35.99197 3.71701 54.97339 40.79611 6.2691 54.97339 40.79611 6.2691 48.4637 44.27402 7.35276 52.94165 44.32882 8.85634 52.94165 44.32882 8.85634 48.4637 44.27402 7.35276 54.97339 40.79611 6.2691 38.17366 51.38245 25.60116 45.22909 49.70469 17.29272 37.37033 50.55004 18.19087 37.37033 50.55004 18.19087 45.22909 49.70469 17.29272 38.17366 51.38245 25.60116 45.22909 49.70469 17.29272 48.60441 47.12469 11.16709 41.29567 48.69107 12.54118 41.29567 48.69107 12.54118 48.60441 47.12469 11.16709 45.22909 49.70469 17.29272 38.17366 51.38245 25.60116 37.37033 50.55004 18.19087 32.66157 50.68355 21.68362 32.66157 50.68355 21.68362 37.37033 50.55004 18.19087 38.17366 51.38245 25.60116 41.29567 48.69107 12.54118 48.60441 47.12469 11.16709 42.55421 47.7976 11.23662 42.55421 47.7976 11.23662 48.60441 47.12469 11.16709 41.29567 48.69107 12.54118 42.55421 47.7976 11.23662 48.60441 47.12469 11.16709 45.77591 45.75587 8.38299 45.77591 45.75587 8.38299 48.60441 47.12469 11.16709 42.55421 47.7976 11.23662 48.60441 47.12469 11.16709 52.94165 44.32882 8.85634 45.77591 45.75587 8.38299 45.77591 45.75587 8.38299 52.94165 44.32882 8.85634 48.60441 47.12469 11.16709 33.5072 49.85941 34.66477 38.17366 51.38245 25.60116 28.70071 50.21871 27.16775 28.70071 50.21871 27.16775 38.17366 51.38245 25.60116 33.5072 49.85941 34.66477 27.88071 48.31784 37.03666 33.5072 49.85941 34.66477 25.82905 48.43276 34.23355 25.82905 48.43276 34.23355 33.5072 49.85941 34.66477 27.88071 48.31784 37.03666 27.88071 48.31784 37.03666 25.82905 48.43276 34.23355 21.49024 47.02831 33.1904 21.49024 47.02831 33.1904 25.82905 48.43276 34.23355 27.88071 48.31784 37.03666 22.91764 45.74016 38.24772 27.88071 48.31784 37.03666 21.49024 47.02831 33.1904 21.49024 47.02831 33.1904 27.88071 48.31784 37.03666 22.91764 45.74016 38.24772 17.03244 40.40308 39.33945 14.96043 38.60473 38.42992 16.39236 38.51855 40.00197 16.39236 38.51855 40.00197 14.96043 38.60473 38.42992 17.03244 40.40308 39.33945 22.06653 41.85138 41.85307 22.91764 45.74016 38.24772 17.03244 40.40308 39.33945 17.03244 40.40308 39.33945 22.91764 45.74016 38.24772 22.06653 41.85138 41.85307 59.3187 30.76587 4.01555 58.41461 29.42768 3.32162 54.33669 30.03913 2.13961 54.33669 30.03913 2.13961 58.41461 29.42768 3.32162 59.3187 30.76587 4.01555 59.98949 35.05339 5.52799 53.69555 35.99197 3.71701 54.97339 40.79611 6.2691 54.97339 40.79611 6.2691 53.69555 35.99197 3.71701 59.98949 35.05339 5.52799 61.77173 30.24778 5.27843 59.3187 30.76587 4.01555 59.98949 35.05339 5.52799 59.98949 35.05339 5.52799 59.3187 30.76587 4.01555 61.77173 30.24778 5.27843 14.96043 38.60473 38.42992 14.17929 33.58418 40.09603 16.39236 38.51855 40.00197 16.39236 38.51855 40.00197 14.17929 33.58418 40.09603 14.96043 38.60473 38.42992 16.92693 33.21426 42.2841 16.39236 38.51855 40.00197 14.17929 33.58418 40.09603 14.17929 33.58418 40.09603 16.39236 38.51855 40.00197 16.92693 33.21426 42.2841 18.97252 31.68752 44.18417 16.92693 33.21426 42.2841 13.5339 28.45019 40.09138 13.5339 28.45019 40.09138 16.92693 33.21426 42.2841 18.97252 31.68752 44.18417 20.75272 21.95693 45.21768 18.97252 31.68752 44.18417 17.9885 17.98508 43.44146 17.9885 17.98508 43.44146 18.97252 31.68752 44.18417 20.75272 21.95693 45.21768 16.04953 16.07453 42.01087 13.51791 16.35264 39.9863 15.54244 14.91434 41.26441 15.54244 14.91434 41.26441 13.51791 16.35264 39.9863 16.04953 16.07453 42.01087 58.56 41.90914 8.71626 54.97339 40.79611 6.2691 52.94165 44.32882 8.85634 52.94165 44.32882 8.85634 54.97339 40.79611 6.2691 58.56 41.90914 8.71626 38.17366 51.38245 25.60116 48.54894 49.72815 23.65177 45.22909 49.70469 17.29272 45.22909 49.70469 17.29272 48.54894 49.72815 23.65177 38.17366 51.38245 25.60116 45.22909 49.70469 17.29272 51.15209 47.32445 12.79421 48.60441 47.12469 11.16709 48.60441 47.12469 11.16709 51.15209 47.32445 12.79421 45.22909 49.70469 17.29272 51.15209 47.32445 12.79421 52.94165 44.32882 8.85634 48.60441 47.12469 11.16709 48.60441 47.12469 11.16709 52.94165 44.32882 8.85634 51.15209 47.32445 12.79421 37.21233 50.00335 35.3889 38.17366 51.38245 25.60116 33.5072 49.85941 34.66477 33.5072 49.85941 34.66477 38.17366 51.38245 25.60116 37.21233 50.00335 35.3889 25.05756 45.27638 41.1013 27.88071 48.31784 37.03666 22.91764 45.74016 38.24772 22.91764 45.74016 38.24772 27.88071 48.31784 37.03666 25.05756 45.27638 41.1013 22.06653 41.85138 41.85307 17.03244 40.40308 39.33945 16.39236 38.51855 40.00197 16.39236 38.51855 40.00197 17.03244 40.40308 39.33945 22.06653 41.85138 41.85307 22.06653 41.85138 41.85307 25.05756 45.27638 41.1013 22.91764 45.74016 38.24772 22.91764 45.74016 38.24772 25.05756 45.27638 41.1013 22.06653 41.85138 41.85307 61.77173 30.24778 5.27843 58.41461 29.42768 3.32162 59.3187 30.76587 4.01555 59.3187 30.76587 4.01555 58.41461 29.42768 3.32162 61.77173 30.24778 5.27843 61.24693 38.04619 7.58788 59.98949 35.05339 5.52799 54.97339 40.79611 6.2691 54.97339 40.79611 6.2691 59.98949 35.05339 5.52799 61.24693 38.04619 7.58788 62.92398 32.52213 6.89209 61.77173 30.24778 5.27843 59.98949 35.05339 5.52799 59.98949 35.05339 5.52799 61.77173 30.24778 5.27843 62.92398 32.52213 6.89209 18.97252 31.68752 44.18417 16.39236 38.51855 40.00197 16.92693 33.21426 42.2841 16.92693 33.21426 42.2841 16.39236 38.51855 40.00197 18.97252 31.68752 44.18417 22.63964 23.28792 46.14937 18.97252 31.68752 44.18417 20.75272 21.95693 45.21768 20.75272 21.95693 45.21768 18.97252 31.68752 44.18417 22.63964 23.28792 46.14937 20.75272 21.95693 45.21768 17.9885 17.98508 43.44146 20.74681 18.49134 44.80662 20.74681 18.49134 44.80662 17.9885 17.98508 43.44146 20.75272 21.95693 45.21768 61.24693 38.04619 7.58788 54.97339 40.79611 6.2691 58.56 41.90914 8.71626 58.56 41.90914 8.71626 54.97339 40.79611 6.2691 61.24693 38.04619 7.58788 58.46059 43.77989 11.39146 58.56 41.90914 8.71626 52.94165 44.32882 8.85634 52.94165 44.32882 8.85634 58.56 41.90914 8.71626 58.46059 43.77989 11.39146 44.96165 50.42237 28.10904 48.54894 49.72815 23.65177 38.17366 51.38245 25.60116 38.17366 51.38245 25.60116 48.54894 49.72815 23.65177 44.96165 50.42237 28.10904 48.54894 49.72815 23.65177 49.92933 49.05449 19.00177 45.22909 49.70469 17.29272 45.22909 49.70469 17.29272 49.92933 49.05449 19.00177 48.54894 49.72815 23.65177 49.92933 49.05449 19.00177 51.15209 47.32445 12.79421 45.22909 49.70469 17.29272 45.22909 49.70469 17.29272 51.15209 47.32445 12.79421 49.92933 49.05449 19.00177 51.15209 47.32445 12.79421 58.46059 43.77989 11.39146 52.94165 44.32882 8.85634 52.94165 44.32882 8.85634 58.46059 43.77989 11.39146 51.15209 47.32445 12.79421 37.21233 50.00335 35.3889 44.96165 50.42237 28.10904 38.17366 51.38245 25.60116 38.17366 51.38245 25.60116 44.96165 50.42237 28.10904 37.21233 50.00335 35.3889 22.89697 38.25575 44.4526 22.06653 41.85138 41.85307 16.39236 38.51855 40.00197 16.39236 38.51855 40.00197 22.06653 41.85138 41.85307 22.89697 38.25575 44.4526 62.32858 24.17965 4.84638 58.41461 29.42768 3.32162 61.77173 30.24778 5.27843 61.77173 30.24778 5.27843 58.41461 29.42768 3.32162 62.32858 24.17965 4.84638 62.92398 32.52213 6.89209 59.98949 35.05339 5.52799 61.24693 38.04619 7.58788 61.24693 38.04619 7.58788 59.98949 35.05339 5.52799 62.92398 32.52213 6.89209 63.45425 28.44371 6.29764 61.77173 30.24778 5.27843 62.92398 32.52213 6.89209 62.92398 32.52213 6.89209 61.77173 30.24778 5.27843 63.45425 28.44371 6.29764 22.89697 38.25575 44.4526 16.39236 38.51855 40.00197 18.97252 31.68752 44.18417 18.97252 31.68752 44.18417 16.39236 38.51855 40.00197 22.89697 38.25575 44.4526 25.80449 27.27066 47.2491 18.97252 31.68752 44.18417 22.63964 23.28792 46.14937 22.63964 23.28792 46.14937 18.97252 31.68752 44.18417 25.80449 27.27066 47.2491 24.65492 20.48256 46.34811 22.63964 23.28792 46.14937 20.75272 21.95693 45.21768 20.75272 21.95693 45.21768 22.63964 23.28792 46.14937 24.65492 20.48256 46.34811 61.24693 38.04619 7.58788 58.56 41.90914 8.71626 60.68705 41.17937 9.53248 60.68705 41.17937 9.53248 58.56 41.90914 8.71626 61.24693 38.04619 7.58788 58.46059 43.77989 11.39146 60.68705 41.17937 9.53248 58.56 41.90914 8.71626 58.56 41.90914 8.71626 60.68705 41.17937 9.53248 58.46059 43.77989 11.39146 44.96165 50.42237 28.10904 49.63382 49.66434 25.09053 48.54894 49.72815 23.65177 48.54894 49.72815 23.65177 49.63382 49.66434 25.09053 44.96165 50.42237 28.10904 48.54894 49.72815 23.65177 52.24685 48.73016 21.57965 49.92933 49.05449 19.00177 49.92933 49.05449 19.00177 52.24685 48.73016 21.57965 48.54894 49.72815 23.65177 49.92933 49.05449 19.00177 54.94795 47.31158 17.35977 51.15209 47.32445 12.79421 51.15209 47.32445 12.79421 54.94795 47.31158 17.35977 49.92933 49.05449 19.00177 56.29571 45.95579 14.5415 58.46059 43.77989 11.39146 51.15209 47.32445 12.79421 51.15209 47.32445 12.79421 58.46059 43.77989 11.39146 56.29571 45.95579 14.5415 42.62925 49.53796 36.02264 44.96165 50.42237 28.10904 37.21233 50.00335 35.3889 37.21233 50.00335 35.3889 44.96165 50.42237 28.10904 42.62925 49.53796 36.02264 63.45425 28.44371 6.29764 62.32858 24.17965 4.84638 61.77173 30.24778 5.27843 61.77173 30.24778 5.27843 62.32858 24.17965 4.84638 63.45425 28.44371 6.29764 61.24693 38.04619 7.58788 65.33228 34.48646 11.045 62.92398 32.52213 6.89209 62.92398 32.52213 6.89209 65.33228 34.48646 11.045 61.24693 38.04619 7.58788 65.33228 34.48646 11.045 63.45425 28.44371 6.29764 62.92398 32.52213 6.89209 62.92398 32.52213 6.89209 63.45425 28.44371 6.29764 65.33228 34.48646 11.045 24.64476 32.29229 46.3415 22.89697 38.25575 44.4526 18.97252 31.68752 44.18417 18.97252 31.68752 44.18417 22.89697 38.25575 44.4526 24.64476 32.29229 46.3415 25.80449 27.27066 47.2491 24.64476 32.29229 46.3415 18.97252 31.68752 44.18417 18.97252 31.68752 44.18417 24.64476 32.29229 46.3415 25.80449 27.27066 47.2491 28.97169 24.33781 47.92567 25.80449 27.27066 47.2491 22.63964 23.28792 46.14937 22.63964 23.28792 46.14937 25.80449 27.27066 47.2491 28.97169 24.33781 47.92567 60.68705 41.17937 9.53248 65.33228 34.48646 11.045 61.24693 38.04619 7.58788 61.24693 38.04619 7.58788 65.33228 34.48646 11.045 60.68705 41.17937 9.53248 62.57405 42.06201 18.65681 60.68705 41.17937 9.53248 58.46059 43.77989 11.39146 58.46059 43.77989 11.39146 60.68705 41.17937 9.53248 62.57405 42.06201 18.65681 51.53224 47.64823 34.50008 49.63382 49.66434 25.09053 44.96165 50.42237 28.10904 44.96165 50.42237 28.10904 49.63382 49.66434 25.09053 51.53224 47.64823 34.50008 49.63382 49.66434 25.09053 52.24685 48.73016 21.57965 48.54894 49.72815 23.65177 48.54894 49.72815 23.65177 52.24685 48.73016 21.57965 49.63382 49.66434 25.09053 52.24685 48.73016 21.57965 53.92339 47.83752 18.6413 49.92933 49.05449 19.00177 49.92933 49.05449 19.00177 53.92339 47.83752 18.6413 52.24685 48.73016 21.57965 49.92933 49.05449 19.00177 53.92339 47.83752 18.6413 54.94795 47.31158 17.35977 54.94795 47.31158 17.35977 53.92339 47.83752 18.6413 49.92933 49.05449 19.00177 54.94795 47.31158 17.35977 56.29571 45.95579 14.5415 51.15209 47.32445 12.79421 51.15209 47.32445 12.79421 56.29571 45.95579 14.5415 54.94795 47.31158 17.35977 57.62287 46.15418 18.30768 58.46059 43.77989 11.39146 56.29571 45.95579 14.5415 56.29571 45.95579 14.5415 58.46059 43.77989 11.39146 57.62287 46.15418 18.30768 47.34638 48.29764 37.02713 44.96165 50.42237 28.10904 42.62925 49.53796 36.02264 42.62925 49.53796 36.02264 44.96165 50.42237 28.10904 47.34638 48.29764 37.02713 63.45425 28.44371 6.29764 64.73303 25.94604 7.45862 62.32858 24.17965 4.84638 62.32858 24.17965 4.84638 64.73303 25.94604 7.45862 63.45425 28.44371 6.29764 65.33228 34.48646 11.045 66.41744 27.03021 10.90205 63.45425 28.44371 6.29764 63.45425 28.44371 6.29764 66.41744 27.03021 10.90205 65.33228 34.48646 11.045 60.68705 41.17937 9.53248 64.84401 38.40363 15.11173 65.33228 34.48646 11.045 65.33228 34.48646 11.045 64.84401 38.40363 15.11173 60.68705 41.17937 9.53248 62.57405 42.06201 18.65681 64.84401 38.40363 15.11173 60.68705 41.17937 9.53248 60.68705 41.17937 9.53248 64.84401 38.40363 15.11173 62.57405 42.06201 18.65681 62.57405 42.06201 18.65681 58.46059 43.77989 11.39146 57.62287 46.15418 18.30768 57.62287 46.15418 18.30768 58.46059 43.77989 11.39146 62.57405 42.06201 18.65681 51.53224 47.64823 34.50008 53.56736 47.25363 32.25996 49.63382 49.66434 25.09053 49.63382 49.66434 25.09053 53.56736 47.25363 32.25996 51.53224 47.64823 34.50008 47.34638 48.29764 37.02713 51.53224 47.64823 34.50008 44.96165 50.42237 28.10904 44.96165 50.42237 28.10904 51.53224 47.64823 34.50008 47.34638 48.29764 37.02713 49.63382 49.66434 25.09053 58.49027 45.71185 24.77866 52.24685 48.73016 21.57965 52.24685 48.73016 21.57965 58.49027 45.71185 24.77866 49.63382 49.66434 25.09053 52.24685 48.73016 21.57965 57.62287 46.15418 18.30768 53.92339 47.83752 18.6413 53.92339 47.83752 18.6413 57.62287 46.15418 18.30768 52.24685 48.73016 21.57965 53.92339 47.83752 18.6413 57.62287 46.15418 18.30768 54.94795 47.31158 17.35977 54.94795 47.31158 17.35977 57.62287 46.15418 18.30768 53.92339 47.83752 18.6413 57.62287 46.15418 18.30768 56.29571 45.95579 14.5415 54.94795 47.31158 17.35977 54.94795 47.31158 17.35977 56.29571 45.95579 14.5415 57.62287 46.15418 18.30768 63.45425 28.44371 6.29764 66.41744 27.03021 10.90205 64.73303 25.94604 7.45862 64.73303 25.94604 7.45862 66.41744 27.03021 10.90205 63.45425 28.44371 6.29764 65.33228 34.48646 11.045 66.71401 31.08166 13.47 66.41744 27.03021 10.90205 66.41744 27.03021 10.90205 66.71401 31.08166 13.47 65.33228 34.48646 11.045 64.84401 38.40363 15.11173 66.71401 31.08166 13.47 65.33228 34.48646 11.045 65.33228 34.48646 11.045 66.71401 31.08166 13.47 64.84401 38.40363 15.11173 61.68177 43.13615 22.27028 62.57405 42.06201 18.65681 57.62287 46.15418 18.30768 57.62287 46.15418 18.30768 62.57405 42.06201 18.65681 61.68177 43.13615 22.27028 53.80976 46.13284 35.88024 53.56736 47.25363 32.25996 51.53224 47.64823 34.50008 51.53224 47.64823 34.50008 53.56736 47.25363 32.25996 53.80976 46.13284 35.88024 53.56736 47.25363 32.25996 55.24185 46.94115 29.66345 49.63382 49.66434 25.09053 49.63382 49.66434 25.09053 55.24185 46.94115 29.66345 53.56736 47.25363 32.25996 47.34638 48.29764 37.02713 53.80976 46.13284 35.88024 51.53224 47.64823 34.50008 51.53224 47.64823 34.50008 53.80976 46.13284 35.88024 47.34638 48.29764 37.02713 55.24185 46.94115 29.66345 58.49027 45.71185 24.77866 49.63382 49.66434 25.09053 49.63382 49.66434 25.09053 58.49027 45.71185 24.77866 55.24185 46.94115 29.66345 58.49027 45.71185 24.77866 57.62287 46.15418 18.30768 52.24685 48.73016 21.57965 52.24685 48.73016 21.57965 57.62287 46.15418 18.30768 58.49027 45.71185 24.77866 71.33441 28.63303 14.42445 66.41744 27.03021 10.90205 66.71401 31.08166 13.47 66.71401 31.08166 13.47 66.41744 27.03021 10.90205 71.33441 28.63303 14.42445 64.84401 38.40363 15.11173 66.51555 33.53658 17.55288 66.71401 31.08166 13.47 66.71401 31.08166 13.47 66.51555 33.53658 17.55288 64.84401 38.40363 15.11173 61.68177 43.13615 22.27028 61.68039 42.62607 27.03971 62.57405 42.06201 18.65681 62.57405 42.06201 18.65681 61.68039 42.62607 27.03971 61.68177 43.13615 22.27028 58.49027 45.71185 24.77866 61.68177 43.13615 22.27028 57.62287 46.15418 18.30768 57.62287 46.15418 18.30768 61.68177 43.13615 22.27028 58.49027 45.71185 24.77866 53.80976 46.13284 35.88024 57.57787 45.47811 30.65558 53.56736 47.25363 32.25996 53.56736 47.25363 32.25996 57.57787 45.47811 30.65558 53.80976 46.13284 35.88024 53.56736 47.25363 32.25996 57.57787 45.47811 30.65558 55.24185 46.94115 29.66345 55.24185 46.94115 29.66345 57.57787 45.47811 30.65558 53.56736 47.25363 32.25996 50.9765 44.31847 41.35347 53.80976 46.13284 35.88024 47.34638 48.29764 37.02713 47.34638 48.29764 37.02713 53.80976 46.13284 35.88024 50.9765 44.31847 41.35347 55.24185 46.94115 29.66345 59.85189 44.25626 27.9973 58.49027 45.71185 24.77866 58.49027 45.71185 24.77866 59.85189 44.25626 27.9973 55.24185 46.94115 29.66345 72.09614 26.2566 14.02973 66.41744 27.03021 10.90205 71.33441 28.63303 14.42445 71.33441 28.63303 14.42445 66.41744 27.03021 10.90205 72.09614 26.2566 14.02973 68.27559 31.55914 15.46776 71.33441 28.63303 14.42445 66.71401 31.08166 13.47 66.71401 31.08166 13.47 71.33441 28.63303 14.42445 68.27559 31.55914 15.46776 64.84401 38.40363 15.11173 66.59807 33.77237 21.88595 66.51555 33.53658 17.55288 66.51555 33.53658 17.55288 66.59807 33.77237 21.88595 64.84401 38.40363 15.11173 66.51555 33.53658 17.55288 68.27559 31.55914 15.46776 66.71401 31.08166 13.47 66.71401 31.08166 13.47 68.27559 31.55914 15.46776 66.51555 33.53658 17.55288 59.85189 44.25626 27.9973 61.68039 42.62607 27.03971 61.68177 43.13615 22.27028 61.68177 43.13615 22.27028 61.68039 42.62607 27.03971 59.85189 44.25626 27.9973 61.68039 42.62607 27.03971 64.3776 38.57138 24.2341 62.57405 42.06201 18.65681 62.57405 42.06201 18.65681 64.3776 38.57138 24.2341 61.68039 42.62607 27.03971 59.85189 44.25626 27.9973 61.68177 43.13615 22.27028 58.49027 45.71185 24.77866 58.49027 45.71185 24.77866 61.68177 43.13615 22.27028 59.85189 44.25626 27.9973 53.80976 46.13284 35.88024 60.88165 42.24036 32.29455 57.57787 45.47811 30.65558 57.57787 45.47811 30.65558 60.88165 42.24036 32.29455 53.80976 46.13284 35.88024 57.57787 45.47811 30.65558 59.85189 44.25626 27.9973 55.24185 46.94115 29.66345 55.24185 46.94115 29.66345 59.85189 44.25626 27.9973 57.57787 45.47811 30.65558 50.9765 44.31847 41.35347 58.52071 39.83363 39.55488 53.80976 46.13284 35.88024 53.80976 46.13284 35.88024 58.52071 39.83363 39.55488 50.9765 44.31847 41.35347 71.33441 28.63303 14.42445 73.58177 28.42054 17.21547 72.09614 26.2566 14.02973 72.09614 26.2566 14.02973 73.58177 28.42054 17.21547 71.33441 28.63303 14.42445 70.83031 31.285 18.83099 71.33441 28.63303 14.42445 68.27559 31.55914 15.46776 68.27559 31.55914 15.46776 71.33441 28.63303 14.42445 70.83031 31.285 18.83099 66.59807 33.77237 21.88595 67.83555 32.79839 21.07969 66.51555 33.53658 17.55288 66.51555 33.53658 17.55288 67.83555 32.79839 21.07969 66.59807 33.77237 21.88595 67.83555 32.79839 21.07969 68.27559 31.55914 15.46776 66.51555 33.53658 17.55288 66.51555 33.53658 17.55288 68.27559 31.55914 15.46776 67.83555 32.79839 21.07969 60.85929 43.09989 29.36045 61.68039 42.62607 27.03971 59.85189 44.25626 27.9973 59.85189 44.25626 27.9973 61.68039 42.62607 27.03971 60.85929 43.09989 29.36045 61.68039 42.62607 27.03971 63.28555 39.94831 29.97414 64.3776 38.57138 24.2341 64.3776 38.57138 24.2341 63.28555 39.94831 29.97414 61.68039 42.62607 27.03971 60.18401 40.26355 36.78496 60.88165 42.24036 32.29455 53.80976 46.13284 35.88024 53.80976 46.13284 35.88024 60.88165 42.24036 32.29455 60.18401 40.26355 36.78496 60.88165 42.24036 32.29455 60.85929 43.09989 29.36045 57.57787 45.47811 30.65558 57.57787 45.47811 30.65558 60.85929 43.09989 29.36045 60.88165 42.24036 32.29455 57.57787 45.47811 30.65558 60.85929 43.09989 29.36045 59.85189 44.25626 27.9973 59.85189 44.25626 27.9973 60.85929 43.09989 29.36045 57.57787 45.47811 30.65558 58.52071 39.83363 39.55488 50.9765 44.31847 41.35347 52.81984 40.81693 42.64563 52.81984 40.81693 42.64563 50.9765 44.31847 41.35347 58.52071 39.83363 39.55488 58.52071 39.83363 39.55488 60.18401 40.26355 36.78496 53.80976 46.13284 35.88024 53.80976 46.13284 35.88024 60.18401 40.26355 36.78496 58.52071 39.83363 39.55488 70.83031 31.285 18.83099 73.58177 28.42054 17.21547 71.33441 28.63303 14.42445 71.33441 28.63303 14.42445 73.58177 28.42054 17.21547 70.83031 31.285 18.83099 73.58177 28.42054 17.21547 75.2165 23.94565 18.02536 72.09614 26.2566 14.02973 72.09614 26.2566 14.02973 75.2165 23.94565 18.02536 73.58177 28.42054 17.21547 67.83555 32.79839 21.07969 70.83031 31.285 18.83099 68.27559 31.55914 15.46776 68.27559 31.55914 15.46776 70.83031 31.285 18.83099 67.83555 32.79839 21.07969 66.59807 33.77237 21.88595 66.96287 31.35894 24.97201 67.83555 32.79839 21.07969 67.83555 32.79839 21.07969 66.96287 31.35894 24.97201 66.59807 33.77237 21.88595 60.85929 43.09989 29.36045 63.28555 39.94831 29.97414 61.68039 42.62607 27.03971 61.68039 42.62607 27.03971 63.28555 39.94831 29.97414 60.85929 43.09989 29.36045 63.28555 39.94831 29.97414 64.5115 37.22414 29.88968 64.3776 38.57138 24.2341 64.3776 38.57138 24.2341 64.5115 37.22414 29.88968 63.28555 39.94831 29.97414 60.88165 42.24036 32.29455 60.18401 40.26355 36.78496 63.28555 39.94831 29.97414 63.28555 39.94831 29.97414 60.18401 40.26355 36.78496 60.88165 42.24036 32.29455 60.85929 43.09989 29.36045 60.88165 42.24036 32.29455 63.28555 39.94831 29.97414 63.28555 39.94831 29.97414 60.88165 42.24036 32.29455 60.85929 43.09989 29.36045 58.52071 39.83363 39.55488 52.81984 40.81693 42.64563 51.67055 38.29953 44.78327 51.67055 38.29953 44.78327 52.81984 40.81693 42.64563 58.52071 39.83363 39.55488 60.18401 40.26355 36.78496 58.52071 39.83363 39.55488 59.98937 38.53402 38.76445 59.98937 38.53402 38.76445 58.52071 39.83363 39.55488 60.18401 40.26355 36.78496 70.83031 31.285 18.83099 73.55898 28.51625 21.16536 73.58177 28.42054 17.21547 73.58177 28.42054 17.21547 73.55898 28.51625 21.16536 70.83031 31.285 18.83099 73.55898 28.51625 21.16536 75.2165 23.94565 18.02536 73.58177 28.42054 17.21547 73.58177 28.42054 17.21547 75.2165 23.94565 18.02536 73.55898 28.51625 21.16536 73.55898 28.51625 21.16536 70.83031 31.285 18.83099 67.83555 32.79839 21.07969 67.83555 32.79839 21.07969 70.83031 31.285 18.83099 73.55898 28.51625 21.16536 66.96287 31.35894 24.97201 73.55898 28.51625 21.16536 67.83555 32.79839 21.07969 67.83555 32.79839 21.07969 73.55898 28.51625 21.16536 66.96287 31.35894 24.97201 59.98937 38.53402 38.76445 58.52071 39.83363 39.55488 58.83799 33.38091 41.75843 58.83799 33.38091 41.75843 58.52071 39.83363 39.55488 59.98937 38.53402 38.76445 73.55898 28.51625 21.16536 74.89244 24.44126 21.02587 75.2165 23.94565 18.02536 75.2165 23.94565 18.02536 74.89244 24.44126 21.02587 73.55898 28.51625 21.16536 73.55898 28.51625 21.16536 72.24087 26.61638 23.72209 74.89244 24.44126 21.02587 74.89244 24.44126 21.02587 72.24087 26.61638 23.72209 73.55898 28.51625 21.16536 74.89244 24.44126 21.02587 73.52594 20.26095 20.50099 75.2165 23.94565 18.02536 75.2165 23.94565 18.02536 73.52594 20.26095 20.50099 74.89244 24.44126 21.02587 72.24087 26.61638 23.72209 72.56787 22.91389 23.68646 74.89244 24.44126 21.02587 74.89244 24.44126 21.02587 72.56787 22.91389 23.68646 72.24087 26.61638 23.72209 74.89244 24.44126 21.02587 72.56787 22.91389 23.68646 73.52594 20.26095 20.50099 73.52594 20.26095 20.50099 72.56787 22.91389 23.68646 74.89244 24.44126 21.02587 75.2165 23.94565 18.02536 73.52594 20.26095 20.50099 73.4459 20.47713 16.92083 73.4459 20.47713 16.92083 73.52594 20.26095 20.50099 75.2165 23.94565 18.02536 72.24087 26.61638 23.72209 71.24709 23.74896 25.12202 72.56787 22.91389 23.68646 72.56787 22.91389 23.68646 71.24709 23.74896 25.12202 72.24087 26.61638 23.72209 72.56787 22.91389 23.68646 70.98575 17.67355 20.8863 73.52594 20.26095 20.50099 73.52594 20.26095 20.50099 70.98575 17.67355 20.8863 72.56787 22.91389 23.68646 73.4459 20.47713 16.92083 73.52594 20.26095 20.50099 70.98575 17.67355 20.8863 70.98575 17.67355 20.8863 73.52594 20.26095 20.50099 73.4459 20.47713 16.92083 72.56787 22.91389 23.68646 71.24709 23.74896 25.12202 68.07173 18.41504 24.64626 68.07173 18.41504 24.64626 71.24709 23.74896 25.12202 72.56787 22.91389 23.68646 72.56787 22.91389 23.68646 68.07173 18.41504 24.64626 70.98575 17.67355 20.8863 70.98575 17.67355 20.8863 68.07173 18.41504 24.64626 72.56787 22.91389 23.68646 70.98575 17.67355 20.8863 69.52177 17.41882 16.48351 73.4459 20.47713 16.92083 73.4459 20.47713 16.92083 69.52177 17.41882 16.48351 70.98575 17.67355 20.8863 71.24709 23.74896 25.12202 66.89122 20.30308 26.49575 68.07173 18.41504 24.64626 68.07173 18.41504 24.64626 66.89122 20.30308 26.49575 71.24709 23.74896 25.12202 68.07173 18.41504 24.64626 66.30358 15.07886 19.56107 70.98575 17.67355 20.8863 70.98575 17.67355 20.8863 66.30358 15.07886 19.56107 68.07173 18.41504 24.64626 70.98575 17.67355 20.8863 66.30358 15.07886 19.56107 69.52177 17.41882 16.48351 69.52177 17.41882 16.48351 66.30358 15.07886 19.56107 70.98575 17.67355 20.8863 68.07173 18.41504 24.64626 66.89122 20.30308 26.49575 66.29153 15.77083 24.94024 66.29153 15.77083 24.94024 66.89122 20.30308 26.49575 68.07173 18.41504 24.64626 68.07173 18.41504 24.64626 66.29153 15.77083 24.94024 66.30358 15.07886 19.56107 66.30358 15.07886 19.56107 66.29153 15.77083 24.94024 68.07173 18.41504 24.64626</float_array>
                    <technique_common>
                        <accessor count="2504" source="#ID12" stride="3">
                            <param name="X" type="float"/>
                            <param name="Y" type="float"/>
                            <param name="Z" type="float"/>
                        </accessor>
                    </technique_common>
                </source>
                <source id="ID8">
                    <float_array id="ID13" count="7512">-0.9067995 -0.06595541 -0.4163707 -0.9067995 -0.06595541 -0.4163707 -0.9067995 -0.06595541 -0.4163707 0.9067995 0.06595541 0.4163707 0.9067995 0.06595541 0.4163707 0.9067995 0.06595541 0.4163707 -0.8678661 -0.02741458 -0.4960412 -0.8678661 -0.02741458 -0.4960412 -0.8678661 -0.02741458 -0.4960412 0.8678661 0.02741458 0.4960412 0.8678661 0.02741458 0.4960412 0.8678661 0.02741458 0.4960412 -0.8090502 -0.2189947 -0.5454164 -0.8090502 -0.2189947 -0.5454164 -0.8090502 -0.2189947 -0.5454164 0.8090502 0.2189947 0.5454164 0.8090502 0.2189947 0.5454164 0.8090502 0.2189947 0.5454164 -0.9344707 -0.07509598 -0.3480304 -0.9344707 -0.07509598 -0.3480304 -0.9344707 -0.07509598 -0.3480304 0.9344707 0.07509598 0.3480304 0.9344707 0.07509598 0.3480304 0.9344707 0.07509598 0.3480304 -0.8615859 -0.02834526 -0.5068198 -0.8615859 -0.02834526 -0.5068198 -0.8615859 -0.02834526 -0.5068198 0.8615859 0.02834526 0.5068198 0.8615859 0.02834526 0.5068198 0.8615859 0.02834526 0.5068198 -0.9009413 0.05836644 -0.4299978 -0.9009413 0.05836644 -0.4299978 -0.9009413 0.05836644 -0.4299978 0.9009413 -0.05836644 0.4299978 0.9009413 -0.05836644 0.4299978 0.9009413 -0.05836644 0.4299978 -0.6831466 -0.1693046 -0.7103848 -0.6831466 -0.1693046 -0.7103848 -0.6831466 -0.1693046 -0.7103848 0.6831466 0.1693046 0.7103848 0.6831466 0.1693046 0.7103848 0.6831466 0.1693046 0.7103848 -0.8501811 -0.3086076 -0.4265601 -0.8501811 -0.3086076 -0.4265601 -0.8501811 -0.3086076 -0.4265601 0.8501811 0.3086076 0.4265601 0.8501811 0.3086076 0.4265601 0.8501811 0.3086076 0.4265601 -0.9407775 -0.236332 -0.243074 -0.9407775 -0.236332 -0.243074 -0.9407775 -0.236332 -0.243074 0.9407775 0.236332 0.243074 0.9407775 0.236332 0.243074 0.9407775 0.236332 0.243074 -0.3758331 -0.2182001 -0.9006321 -0.3758331 -0.2182001 -0.9006321 -0.3758331 -0.2182001 -0.9006321 0.3758331 0.2182001 0.9006321 0.3758331 0.2182001 0.9006321 0.3758331 0.2182001 0.9006321 -0.6893918 0.1672959 -0.7048057 -0.6893918 0.1672959 -0.7048057 -0.6893918 0.1672959 -0.7048057 0.6893918 -0.1672959 0.7048057 0.6893918 -0.1672959 0.7048057 0.6893918 -0.1672959 0.7048057 -0.6909898 -0.1281251 -0.711419 -0.6909898 -0.1281251 -0.711419 -0.6909898 -0.1281251 -0.711419 0.6909898 0.1281251 0.711419 0.6909898 0.1281251 0.711419 0.6909898 0.1281251 0.711419 -0.8813593 0.2054794 -0.4254222 -0.8813593 0.2054794 -0.4254222 -0.8813593 0.2054794 -0.4254222 0.8813593 -0.2054794 0.4254222 0.8813593 -0.2054794 0.4254222 0.8813593 -0.2054794 0.4254222 -0.4500835 0.1828488 -0.8740659 -0.4500835 0.1828488 -0.8740659 -0.4500835 0.1828488 -0.8740659 0.4500835 -0.1828488 0.8740659 0.4500835 -0.1828488 0.8740659 0.4500835 -0.1828488 0.8740659 -0.6220542 -0.2307378 -0.7482036 -0.6220542 -0.2307378 -0.7482036 -0.6220542 -0.2307378 -0.7482036 0.6220542 0.2307378 0.7482036 0.6220542 0.2307378 0.7482036 0.6220542 0.2307378 0.7482036 -0.6874141 -0.1333147 -0.7139251 -0.6874141 -0.1333147 -0.7139251 -0.6874141 -0.1333147 -0.7139251 0.6874141 0.1333147 0.7139251 0.6874141 0.1333147 0.7139251 0.6874141 0.1333147 0.7139251 -0.9287789 -0.2208826 -0.2976249 -0.9287789 -0.2208826 -0.2976249 -0.9287789 -0.2208826 -0.2976249 0.9287789 0.2208826 0.2976249 0.9287789 0.2208826 0.2976249 0.9287789 0.2208826 0.2976249 -0.5162324 0.03412163 -0.8557685 -0.5162324 0.03412163 -0.8557685 -0.5162324 0.03412163 -0.8557685 0.5162324 -0.03412163 0.8557685 0.5162324 -0.03412163 0.8557685 0.5162324 -0.03412163 0.8557685 -0.577239 0.06473425 -0.8140053 -0.577239 0.06473425 -0.8140053 -0.577239 0.06473425 -0.8140053 0.577239 -0.06473425 0.8140053 0.577239 -0.06473425 0.8140053 0.577239 -0.06473425 0.8140053 -0.6889304 0.1592363 -0.70712 -0.6889304 0.1592363 -0.70712 -0.6889304 0.1592363 -0.70712 0.6889304 -0.1592363 0.70712 0.6889304 -0.1592363 0.70712 0.6889304 -0.1592363 0.70712 -0.8803289 0.2082237 -0.4262205 -0.8803289 0.2082237 -0.4262205 -0.8803289 0.2082237 -0.4262205 0.8803289 -0.2082237 0.4262205 0.8803289 -0.2082237 0.4262205 0.8803289 -0.2082237 0.4262205 -0.4343127 0.4584576 -0.7753639 -0.4343127 0.4584576 -0.7753639 -0.4343127 0.4584576 -0.7753639 0.4343127 -0.4584576 0.7753639 0.4343127 -0.4584576 0.7753639 0.4343127 -0.4584576 0.7753639 -0.498298 -0.2113032 -0.8408627 -0.498298 -0.2113032 -0.8408627 -0.498298 -0.2113032 -0.8408627 0.498298 0.2113032 0.8408627 0.498298 0.2113032 0.8408627 0.498298 0.2113032 0.8408627 -0.4433997 -0.05627587 -0.8945556 -0.4433997 -0.05627587 -0.8945556 -0.4433997 -0.05627587 -0.8945556 0.4433997 0.05627587 0.8945556 0.4433997 0.05627587 0.8945556 0.4433997 0.05627587 0.8945556 -0.7370006 -0.6739983 -0.05056097 -0.7370006 -0.6739983 -0.05056097 -0.7370006 -0.6739983 -0.05056097 0.7370006 0.6739983 0.05056097 0.7370006 0.6739983 0.05056097 0.7370006 0.6739983 0.05056097 -0.4491598 -0.7166376 -0.5335599 -0.4491598 -0.7166376 -0.5335599 -0.4491598 -0.7166376 -0.5335599 0.4491598 0.7166376 0.5335599 0.4491598 0.7166376 0.5335599 0.4491598 0.7166376 0.5335599 -0.6145522 0.02219949 -0.7885637 -0.6145522 0.02219949 -0.7885637 -0.6145522 0.02219949 -0.7885637 0.6145522 -0.02219949 0.7885637 0.6145522 -0.02219949 0.7885637 0.6145522 -0.02219949 0.7885637 -0.4404497 0.07997986 -0.8942076 -0.4404497 0.07997986 -0.8942076 -0.4404497 0.07997986 -0.8942076 0.4404497 -0.07997986 0.8942076 0.4404497 -0.07997986 0.8942076 0.4404497 -0.07997986 0.8942076 -0.4639283 0.1840358 -0.8665456 -0.4639283 0.1840358 -0.8665456 -0.4639283 0.1840358 -0.8665456 0.4639283 -0.1840358 0.8665456 0.4639283 -0.1840358 0.8665456 0.4639283 -0.1840358 0.8665456 -0.7150543 0.2268953 -0.6612231 -0.7150543 0.2268953 -0.6612231 -0.7150543 0.2268953 -0.6612231 0.7150543 -0.2268953 0.6612231 0.7150543 -0.2268953 0.6612231 0.7150543 -0.2268953 0.6612231 -0.8854684 0.2273312 -0.4052977 -0.8854684 0.2273312 -0.4052977 -0.8854684 0.2273312 -0.4052977 0.8854684 -0.2273312 0.4052977 0.8854684 -0.2273312 0.4052977 0.8854684 -0.2273312 0.4052977 -0.4990887 0.6447972 -0.5789189 -0.4990887 0.6447972 -0.5789189 -0.4990887 0.6447972 -0.5789189 0.4990887 -0.6447972 0.5789189 0.4990887 -0.6447972 0.5789189 0.4990887 -0.6447972 0.5789189 -0.346692 0.02017011 -0.9377622 -0.346692 0.02017011 -0.9377622 -0.346692 0.02017011 -0.9377622 0.346692 -0.02017011 0.9377622 0.346692 -0.02017011 0.9377622 0.346692 -0.02017011 0.9377622 -0.9506902 -0.296959 -0.08946246 -0.9506902 -0.296959 -0.08946246 -0.9506902 -0.296959 -0.08946246 0.9506902 0.296959 0.08946246 0.9506902 0.296959 0.08946246 0.9506902 0.296959 0.08946246 -0.7828038 -0.6222309 0.006840137 -0.7828038 -0.6222309 0.006840137 -0.7828038 -0.6222309 0.006840137 0.7828038 0.6222309 -0.006840137 0.7828038 0.6222309 -0.006840137 0.7828038 0.6222309 -0.006840137 -0.555257 -0.7391219 -0.3812985 -0.555257 -0.7391219 -0.3812985 -0.555257 -0.7391219 -0.3812985 0.555257 0.7391219 0.3812985 0.555257 0.7391219 0.3812985 0.555257 0.7391219 0.3812985 -0.7450993 -0.301101 -0.5951178 -0.7450993 -0.301101 -0.5951178 -0.7450993 -0.301101 -0.5951178 0.7450993 0.301101 0.5951178 0.7450993 0.301101 0.5951178 0.7450993 0.301101 0.5951178 -0.7561473 0.306341 -0.5782703 -0.7561473 0.306341 -0.5782703 -0.7561473 0.306341 -0.5782703 0.7561473 -0.306341 0.5782703 0.7561473 -0.306341 0.5782703 0.7561473 -0.306341 0.5782703 -0.3920997 0.05914659 -0.9180193 -0.3920997 0.05914659 -0.9180193 -0.3920997 0.05914659 -0.9180193 0.3920997 -0.05914659 0.9180193 0.3920997 -0.05914659 0.9180193 0.3920997 -0.05914659 0.9180193 -0.4430484 0.2443698 -0.8625495 -0.4430484 0.2443698 -0.8625495 -0.4430484 0.2443698 -0.8625495 0.4430484 -0.2443698 0.8625495 0.4430484 -0.2443698 0.8625495 0.4430484 -0.2443698 0.8625495 -0.655456 0.2880162 -0.6981577 -0.655456 0.2880162 -0.6981577 -0.655456 0.2880162 -0.6981577 0.655456 -0.2880162 0.6981577 0.655456 -0.2880162 0.6981577 0.655456 -0.2880162 0.6981577 -0.7721379 0.4518525 -0.4468024 -0.7721379 0.4518525 -0.4468024 -0.7721379 0.4518525 -0.4468024 0.7721379 -0.4518525 0.4468024 0.7721379 -0.4518525 0.4468024 0.7721379 -0.4518525 0.4468024 -0.9502973 0.2459932 -0.1908467 -0.9502973 0.2459932 -0.1908467 -0.9502973 0.2459932 -0.1908467 0.9502973 -0.2459932 0.1908467 0.9502973 -0.2459932 0.1908467 0.9502973 -0.2459932 0.1908467 -0.5329467 0.6686447 -0.5185384 -0.5329467 0.6686447 -0.5185384 -0.5329467 0.6686447 -0.5185384 0.5329467 -0.6686447 0.5185384 0.5329467 -0.6686447 0.5185384 0.5329467 -0.6686447 0.5185384 -0.2860253 -0.004894829 -0.9582096 -0.2860253 -0.004894829 -0.9582096 -0.2860253 -0.004894829 -0.9582096 0.2860253 0.004894829 0.9582096 0.2860253 0.004894829 0.9582096 0.2860253 0.004894829 0.9582096 -0.3407943 0.003951114 -0.9401296 -0.3407943 0.003951114 -0.9401296 -0.3407943 0.003951114 -0.9401296 0.3407943 -0.003951114 0.9401296 0.3407943 -0.003951114 0.9401296 0.3407943 -0.003951114 0.9401296 -0.9170077 -0.3983826 -0.01970357 -0.9170077 -0.3983826 -0.01970357 -0.9170077 -0.3983826 -0.01970357 0.9170077 0.3983826 0.01970357 0.9170077 0.3983826 0.01970357 0.9170077 0.3983826 0.01970357 -0.1502197 -0.9450822 0.2902647 -0.1502197 -0.9450822 0.2902647 -0.1502197 -0.9450822 0.2902647 0.1502197 0.9450822 -0.2902647 0.1502197 0.9450822 -0.2902647 0.1502197 0.9450822 -0.2902647 -0.571691 -0.7702398 0.2826659 -0.571691 -0.7702398 0.2826659 -0.571691 -0.7702398 0.2826659 0.571691 0.7702398 -0.2826659 0.571691 0.7702398 -0.2826659 0.571691 0.7702398 -0.2826659 -0.7683908 -0.3825913 -0.5130297 -0.7683908 -0.3825913 -0.5130297 -0.7683908 -0.3825913 -0.5130297 0.7683908 0.3825913 0.5130297 0.7683908 0.3825913 0.5130297 0.7683908 0.3825913 0.5130297 -0.5606344 -0.8142811 -0.1504505 -0.5606344 -0.8142811 -0.1504505 -0.5606344 -0.8142811 -0.1504505 0.5606344 0.8142811 0.1504505 0.5606344 0.8142811 0.1504505 0.5606344 0.8142811 0.1504505 -0.7545857 -0.2346066 -0.6128296 -0.7545857 -0.2346066 -0.6128296 -0.7545857 -0.2346066 -0.6128296 0.7545857 0.2346066 0.6128296 0.7545857 0.2346066 0.6128296 0.7545857 0.2346066 0.6128296 -0.9447842 0.1019436 -0.3114327 -0.9447842 0.1019436 -0.3114327 -0.9447842 0.1019436 -0.3114327 0.9447842 -0.1019436 0.3114327 0.9447842 -0.1019436 0.3114327 0.9447842 -0.1019436 0.3114327 -0.8799859 0.2842066 -0.3805936 -0.8799859 0.2842066 -0.3805936 -0.8799859 0.2842066 -0.3805936 0.8799859 -0.2842066 0.3805936 0.8799859 -0.2842066 0.3805936 0.8799859 -0.2842066 0.3805936 -0.2887944 0.1786149 -0.940582 -0.2887944 0.1786149 -0.940582 -0.2887944 0.1786149 -0.940582 0.2887944 -0.1786149 0.940582 0.2887944 -0.1786149 0.940582 0.2887944 -0.1786149 0.940582 -0.3082208 0.2990419 -0.9030913 -0.3082208 0.2990419 -0.9030913 -0.3082208 0.2990419 -0.9030913 0.3082208 -0.2990419 0.9030913 0.3082208 -0.2990419 0.9030913 0.3082208 -0.2990419 0.9030913 -0.6340026 0.3876553 -0.6691517 -0.6340026 0.3876553 -0.6691517 -0.6340026 0.3876553 -0.6691517 0.6340026 -0.3876553 0.6691517 0.6340026 -0.3876553 0.6691517 0.6340026 -0.3876553 0.6691517 -0.6762343 0.4424618 -0.5890116 -0.6762343 0.4424618 -0.5890116 -0.6762343 0.4424618 -0.5890116 0.6762343 -0.4424618 0.5890116 0.6762343 -0.4424618 0.5890116 0.6762343 -0.4424618 0.5890116 -0.783729 0.5170309 -0.3441628 -0.783729 0.5170309 -0.3441628 -0.783729 0.5170309 -0.3441628 0.783729 -0.5170309 0.3441628 0.783729 -0.5170309 0.3441628 0.783729 -0.5170309 0.3441628 -0.9532315 0.2715029 -0.1328003 -0.9532315 0.2715029 -0.1328003 -0.9532315 0.2715029 -0.1328003 0.9532315 -0.2715029 0.1328003 0.9532315 -0.2715029 0.1328003 0.9532315 -0.2715029 0.1328003 -0.5357751 0.780781 -0.3214436 -0.5357751 0.780781 -0.3214436 -0.5357751 0.780781 -0.3214436 0.5357751 -0.780781 0.3214436 0.5357751 -0.780781 0.3214436 0.5357751 -0.780781 0.3214436 -0.2566424 -0.05733857 -0.9648041 -0.2566424 -0.05733857 -0.9648041 -0.2566424 -0.05733857 -0.9648041 0.2566424 0.05733857 0.9648041 0.2566424 0.05733857 0.9648041 0.2566424 0.05733857 0.9648041 -0.1418078 0.04852641 -0.9887041 -0.1418078 0.04852641 -0.9887041 -0.1418078 0.04852641 -0.9887041 0.1418078 -0.04852641 0.9887041 0.1418078 -0.04852641 0.9887041 0.1418078 -0.04852641 0.9887041 -0.2017432 0.1776346 -0.9631955 -0.2017432 0.1776346 -0.9631955 -0.2017432 0.1776346 -0.9631955 0.2017432 -0.1776346 0.9631955 0.2017432 -0.1776346 0.9631955 0.2017432 -0.1776346 0.9631955 -0.9174916 -0.3977353 -0.003976244 -0.9174916 -0.3977353 -0.003976244 -0.9174916 -0.3977353 -0.003976244 0.9174916 0.3977353 0.003976244 0.9174916 0.3977353 0.003976244 0.9174916 0.3977353 0.003976244 -0.6145605 -0.6225192 0.4845465 -0.6145605 -0.6225192 0.4845465 -0.6145605 -0.6225192 0.4845465 0.6145605 0.6225192 -0.4845465 0.6145605 0.6225192 -0.4845465 0.6145605 0.6225192 -0.4845465 -0.5310253 -0.4575708 0.7131908 -0.5310253 -0.4575708 0.7131908 -0.5310253 -0.4575708 0.7131908 0.5310253 0.4575708 -0.7131908 0.5310253 0.4575708 -0.7131908 0.5310253 0.4575708 -0.7131908 -0.941651 -0.3355911 0.02592138 -0.941651 -0.3355911 0.02592138 -0.941651 -0.3355911 0.02592138 0.941651 0.3355911 -0.02592138 0.941651 0.3355911 -0.02592138 0.941651 0.3355911 -0.02592138 -0.8488371 -0.5191647 0.09971741 -0.8488371 -0.5191647 0.09971741 -0.8488371 -0.5191647 0.09971741 0.8488371 0.5191647 -0.09971741 0.8488371 0.5191647 -0.09971741 0.8488371 0.5191647 -0.09971741 -0.7446858 -0.6543262 0.1315305 -0.7446858 -0.6543262 0.1315305 -0.7446858 -0.6543262 0.1315305 0.7446858 0.6543262 -0.1315305 0.7446858 0.6543262 -0.1315305 0.7446858 0.6543262 -0.1315305 -0.9762981 0.01113452 0.2161434 -0.9762981 0.01113452 0.2161434 -0.9762981 0.01113452 0.2161434 0.9762981 -0.01113452 -0.2161434 0.9762981 -0.01113452 -0.2161434 0.9762981 -0.01113452 -0.2161434 -0.8285601 0.5592509 -0.02695521 -0.8285601 0.5592509 -0.02695521 -0.8285601 0.5592509 -0.02695521 0.8285601 -0.5592509 0.02695521 0.8285601 -0.5592509 0.02695521 0.8285601 -0.5592509 0.02695521 -0.217325 0.0827853 -0.9725823 -0.217325 0.0827853 -0.9725823 -0.217325 0.0827853 -0.9725823 0.217325 -0.0827853 0.9725823 0.217325 -0.0827853 0.9725823 0.217325 -0.0827853 0.9725823 -0.2719545 0.2692025 -0.9238889 -0.2719545 0.2692025 -0.9238889 -0.2719545 0.2692025 -0.9238889 0.2719545 -0.2692025 0.9238889 0.2719545 -0.2692025 0.9238889 0.2719545 -0.2692025 0.9238889 -0.3061498 0.4092283 -0.8595374 -0.3061498 0.4092283 -0.8595374 -0.3061498 0.4092283 -0.8595374 0.3061498 -0.4092283 0.8595374 0.3061498 -0.4092283 0.8595374 0.3061498 -0.4092283 0.8595374 -0.5308759 0.6423586 -0.5527623 -0.5308759 0.6423586 -0.5527623 -0.5308759 0.6423586 -0.5527623 0.5308759 -0.6423586 0.5527623 0.5308759 -0.6423586 0.5527623 0.5308759 -0.6423586 0.5527623 -0.7134851 0.6823594 -0.1591374 -0.7134851 0.6823594 -0.1591374 -0.7134851 0.6823594 -0.1591374 0.7134851 -0.6823594 0.1591374 0.7134851 -0.6823594 0.1591374 0.7134851 -0.6823594 0.1591374 -0.9545927 0.2722192 -0.121035 -0.9545927 0.2722192 -0.121035 -0.9545927 0.2722192 -0.121035 0.9545927 -0.2722192 0.121035 0.9545927 -0.2722192 0.121035 0.9545927 -0.2722192 0.121035 -0.5657893 0.7979765 -0.207644 -0.5657893 0.7979765 -0.207644 -0.5657893 0.7979765 -0.207644 0.5657893 -0.7979765 0.207644 0.5657893 -0.7979765 0.207644 0.5657893 -0.7979765 0.207644 -0.1707396 -0.08173757 -0.98192 -0.1707396 -0.08173757 -0.98192 -0.1707396 -0.08173757 -0.98192 0.1707396 0.08173757 0.98192 0.1707396 0.08173757 0.98192 0.1707396 0.08173757 0.98192 -0.08918555 0.04280323 -0.9950949 -0.08918555 0.04280323 -0.9950949 -0.08918555 0.04280323 -0.9950949 0.08918555 -0.04280323 0.9950949 0.08918555 -0.04280323 0.9950949 0.08918555 -0.04280323 0.9950949 -0.9108237 -0.4127953 0.0003928292 -0.9108237 -0.4127953 0.0003928292 -0.9108237 -0.4127953 0.0003928292 0.9108237 0.4127953 -0.0003928292 0.9108237 0.4127953 -0.0003928292 0.9108237 0.4127953 -0.0003928292 -0.6137276 -0.4216231 0.6675121 -0.6137276 -0.4216231 0.6675121 -0.6137276 -0.4216231 0.6675121 0.6137276 0.4216231 -0.6675121 0.6137276 0.4216231 -0.6675121 0.6137276 0.4216231 -0.6675121 -0.9781979 -0.1469217 0.1467752 -0.9781979 -0.1469217 0.1467752 -0.9781979 -0.1469217 0.1467752 0.9781979 0.1469217 -0.1467752 0.9781979 0.1469217 -0.1467752 0.9781979 0.1469217 -0.1467752 -0.5646864 -0.4088567 0.7169139 -0.5646864 -0.4088567 0.7169139 -0.5646864 -0.4088567 0.7169139 0.5646864 0.4088567 -0.7169139 0.5646864 0.4088567 -0.7169139 0.5646864 0.4088567 -0.7169139 -0.9513114 -0.272315 0.1443995 -0.9513114 -0.272315 0.1443995 -0.9513114 -0.272315 0.1443995 0.9513114 0.272315 -0.1443995 0.9513114 0.272315 -0.1443995 0.9513114 0.272315 -0.1443995 -0.909083 -0.1904713 0.3705249 -0.909083 -0.1904713 0.3705249 -0.909083 -0.1904713 0.3705249 0.909083 0.1904713 -0.3705249 0.909083 0.1904713 -0.3705249 0.909083 0.1904713 -0.3705249 -0.8450934 0.4573502 0.2768536 -0.8450934 0.4573502 0.2768536 -0.8450934 0.4573502 0.2768536 0.8450934 -0.4573502 -0.2768536 0.8450934 -0.4573502 -0.2768536 0.8450934 -0.4573502 -0.2768536 -0.186634 0.1302701 -0.9737543 -0.186634 0.1302701 -0.9737543 -0.186634 0.1302701 -0.9737543 0.186634 -0.1302701 0.9737543 0.186634 -0.1302701 0.9737543 0.186634 -0.1302701 0.9737543 -0.1769069 0.2563469 -0.950258 -0.1769069 0.2563469 -0.950258 -0.1769069 0.2563469 -0.950258 0.1769069 -0.2563469 0.950258 0.1769069 -0.2563469 0.950258 0.1769069 -0.2563469 0.950258 -0.3216845 0.3906568 -0.8625001 -0.3216845 0.3906568 -0.8625001 -0.3216845 0.3906568 -0.8625001 0.3216845 -0.3906568 0.8625001 0.3216845 -0.3906568 0.8625001 0.3216845 -0.3906568 0.8625001 -0.5442333 0.7826644 -0.3020705 -0.5442333 0.7826644 -0.3020705 -0.5442333 0.7826644 -0.3020705 0.5442333 -0.7826644 0.3020705 0.5442333 -0.7826644 0.3020705 0.5442333 -0.7826644 0.3020705 -0.271587 0.6475032 -0.7120254 -0.271587 0.6475032 -0.7120254 -0.271587 0.6475032 -0.7120254 0.271587 -0.6475032 0.7120254 0.271587 -0.6475032 0.7120254 0.271587 -0.6475032 0.7120254 -0.64553 0.7471043 -0.1585124 -0.64553 0.7471043 -0.1585124 -0.64553 0.7471043 -0.1585124 0.64553 -0.7471043 0.1585124 0.64553 -0.7471043 0.1585124 0.64553 -0.7471043 0.1585124 -0.8629384 0.5042976 0.03195608 -0.8629384 0.5042976 0.03195608 -0.8629384 0.5042976 0.03195608 0.8629384 -0.5042976 -0.03195608 0.8629384 -0.5042976 -0.03195608 0.8629384 -0.5042976 -0.03195608 -0.9276021 0.3709967 0.04376882 -0.9276021 0.3709967 0.04376882 -0.9276021 0.3709967 0.04376882 0.9276021 -0.3709967 -0.04376882 0.9276021 -0.3709967 -0.04376882 0.9276021 -0.3709967 -0.04376882 -0.5145205 0.8574647 0.004800107 -0.5145205 0.8574647 0.004800107 -0.5145205 0.8574647 0.004800107 0.5145205 -0.8574647 -0.004800107 0.5145205 -0.8574647 -0.004800107 0.5145205 -0.8574647 -0.004800107 -0.08962037 -0.02211678 -0.9957304 -0.08962037 -0.02211678 -0.9957304 -0.08962037 -0.02211678 -0.9957304 0.08962037 0.02211678 0.9957304 0.08962037 0.02211678 0.9957304 0.08962037 0.02211678 0.9957304 -0.0498389 0.1041596 -0.9933111 -0.0498389 0.1041596 -0.9933111 -0.0498389 0.1041596 -0.9933111 0.0498389 -0.1041596 0.9933111 0.0498389 -0.1041596 0.9933111 0.0498389 -0.1041596 0.9933111 -0.9055384 -0.4239894 0.01527086 -0.9055384 -0.4239894 0.01527086 -0.9055384 -0.4239894 0.01527086 0.9055384 0.4239894 -0.01527086 0.9055384 0.4239894 -0.01527086 0.9055384 0.4239894 -0.01527086 -0.8107194 -0.1857031 0.5552012 -0.8107194 -0.1857031 0.5552012 -0.8107194 -0.1857031 0.5552012 0.8107194 0.1857031 -0.5552012 0.8107194 0.1857031 -0.5552012 0.8107194 0.1857031 -0.5552012 -0.978505 -0.08756287 0.1867103 -0.978505 -0.08756287 0.1867103 -0.978505 -0.08756287 0.1867103 0.978505 0.08756287 -0.1867103 0.978505 0.08756287 -0.1867103 0.978505 0.08756287 -0.1867103 -0.4457178 -0.2145299 0.8690872 -0.4457178 -0.2145299 0.8690872 -0.4457178 -0.2145299 0.8690872 0.4457178 0.2145299 -0.8690872 0.4457178 0.2145299 -0.8690872 0.4457178 0.2145299 -0.8690872 -0.9662962 -0.2484936 0.06725062 -0.9662962 -0.2484936 0.06725062 -0.9662962 -0.2484936 0.06725062 0.9662962 0.2484936 -0.06725062 0.9662962 0.2484936 -0.06725062 0.9662962 0.2484936 -0.06725062 -0.7945838 0.4702417 0.3840694 -0.7945838 0.4702417 0.3840694 -0.7945838 0.4702417 0.3840694 0.7945838 -0.4702417 -0.3840694 0.7945838 -0.4702417 -0.3840694 0.7945838 -0.4702417 -0.3840694 -0.220121 0.2758715 -0.9356504 -0.220121 0.2758715 -0.9356504 -0.220121 0.2758715 -0.9356504 0.220121 -0.2758715 0.9356504 0.220121 -0.2758715 0.9356504 0.220121 -0.2758715 0.9356504 -0.07670455 0.1443925 -0.9865431 -0.07670455 0.1443925 -0.9865431 -0.07670455 0.1443925 -0.9865431 0.07670455 -0.1443925 0.9865431 0.07670455 -0.1443925 0.9865431 0.07670455 -0.1443925 0.9865431 -0.1385026 0.3579228 -0.9234221 -0.1385026 0.3579228 -0.9234221 -0.1385026 0.3579228 -0.9234221 0.1385026 -0.3579228 0.9234221 0.1385026 -0.3579228 0.9234221 0.1385026 -0.3579228 0.9234221 -0.2089142 0.4228496 -0.8817897 -0.2089142 0.4228496 -0.8817897 -0.2089142 0.4228496 -0.8817897 0.2089142 -0.4228496 0.8817897 0.2089142 -0.4228496 0.8817897 0.2089142 -0.4228496 0.8817897 -0.3098842 0.8566589 -0.4124407 -0.3098842 0.8566589 -0.4124407 -0.3098842 0.8566589 -0.4124407 0.3098842 -0.8566589 0.4124407 0.3098842 -0.8566589 0.4124407 0.3098842 -0.8566589 0.4124407 -0.6138734 0.7638421 -0.1992605 -0.6138734 0.7638421 -0.1992605 -0.6138734 0.7638421 -0.1992605 0.6138734 -0.7638421 0.1992605 0.6138734 -0.7638421 0.1992605 0.6138734 -0.7638421 0.1992605 -0.2478892 0.6693148 -0.700406 -0.2478892 0.6693148 -0.700406 -0.2478892 0.6693148 -0.700406 0.2478892 -0.6693148 0.700406 0.2478892 -0.6693148 0.700406 0.2478892 -0.6693148 0.700406 -0.6663773 0.7300407 -0.1515977 -0.6663773 0.7300407 -0.1515977 -0.6663773 0.7300407 -0.1515977 0.6663773 -0.7300407 0.1515977 0.6663773 -0.7300407 0.1515977 0.6663773 -0.7300407 0.1515977 -0.7292844 0.6824666 0.04882341 -0.7292844 0.6824666 0.04882341 -0.7292844 0.6824666 0.04882341 0.7292844 -0.6824666 -0.04882341 0.7292844 -0.6824666 -0.04882341 0.7292844 -0.6824666 -0.04882341 -0.8501077 0.5225492 0.06526288 -0.8501077 0.5225492 0.06526288 -0.8501077 0.5225492 0.06526288 0.8501077 -0.5225492 -0.06526288 0.8501077 -0.5225492 -0.06526288 0.8501077 -0.5225492 -0.06526288 -0.9114537 0.4113998 -0.001527584 -0.9114537 0.4113998 -0.001527584 -0.9114537 0.4113998 -0.001527584 0.9114537 -0.4113998 0.001527584 0.9114537 -0.4113998 0.001527584 0.9114537 -0.4113998 0.001527584 -0.5435932 0.7159242 0.4381312 -0.5435932 0.7159242 0.4381312 -0.5435932 0.7159242 0.4381312 0.5435932 -0.7159242 -0.4381312 0.5435932 -0.7159242 -0.4381312 0.5435932 -0.7159242 -0.4381312 -0.1057649 -0.001293387 -0.9943903 -0.1057649 -0.001293387 -0.9943903 -0.1057649 -0.001293387 -0.9943903 0.1057649 0.001293387 0.9943903 0.1057649 0.001293387 0.9943903 0.1057649 0.001293387 0.9943903 0.02879999 0.102113 -0.9943558 0.02879999 0.102113 -0.9943558 0.02879999 0.102113 -0.9943558 -0.02879999 -0.102113 0.9943558 -0.02879999 -0.102113 0.9943558 -0.02879999 -0.102113 0.9943558 -0.05505905 0.128962 -0.9901198 -0.05505905 0.128962 -0.9901198 -0.05505905 0.128962 -0.9901198 0.05505905 -0.128962 0.9901198 0.05505905 -0.128962 0.9901198 0.05505905 -0.128962 0.9901198 -0.9133501 -0.3889328 0.1205107 -0.9133501 -0.3889328 0.1205107 -0.9133501 -0.3889328 0.1205107 0.9133501 0.3889328 -0.1205107 0.9133501 0.3889328 -0.1205107 0.9133501 0.3889328 -0.1205107 -0.6775629 0.2387529 0.6956332 -0.6775629 0.2387529 0.6956332 -0.6775629 0.2387529 0.6956332 0.6775629 -0.2387529 -0.6956332 0.6775629 -0.2387529 -0.6956332 0.6775629 -0.2387529 -0.6956332 -0.9790597 -0.08407209 0.1854024 -0.9790597 -0.08407209 0.1854024 -0.9790597 -0.08407209 0.1854024 0.9790597 0.08407209 -0.1854024 0.9790597 0.08407209 -0.1854024 0.9790597 0.08407209 -0.1854024 -0.9814701 -0.07893547 0.1746011 -0.9814701 -0.07893547 0.1746011 -0.9814701 -0.07893547 0.1746011 0.9814701 0.07893547 -0.1746011 0.9814701 0.07893547 -0.1746011 0.9814701 0.07893547 -0.1746011 -0.5162947 0.1792375 0.8374447 -0.5162947 0.1792375 0.8374447 -0.5162947 0.1792375 0.8374447 0.5162947 -0.1792375 -0.8374447 0.5162947 -0.1792375 -0.8374447 0.5162947 -0.1792375 -0.8374447 -0.9583235 -0.2278125 0.1723879 -0.9583235 -0.2278125 0.1723879 -0.9583235 -0.2278125 0.1723879 0.9583235 0.2278125 -0.1723879 0.9583235 0.2278125 -0.1723879 0.9583235 0.2278125 -0.1723879 -0.1534765 0.2786081 -0.9480625 -0.1534765 0.2786081 -0.9480625 -0.1534765 0.2786081 -0.9480625 0.1534765 -0.2786081 0.9480625 0.1534765 -0.2786081 0.9480625 0.1534765 -0.2786081 0.9480625 -0.1148829 0.2381422 -0.9644119 -0.1148829 0.2381422 -0.9644119 -0.1148829 0.2381422 -0.9644119 0.1148829 -0.2381422 0.9644119 0.1148829 -0.2381422 0.9644119 0.1148829 -0.2381422 0.9644119 -0.144541 0.3606741 -0.9214239 -0.144541 0.3606741 -0.9214239 -0.144541 0.3606741 -0.9214239 0.144541 -0.3606741 0.9214239 0.144541 -0.3606741 0.9214239 0.144541 -0.3606741 0.9214239 -0.1796854 0.5892575 -0.7877111 -0.1796854 0.5892575 -0.7877111 -0.1796854 0.5892575 -0.7877111 0.1796854 -0.5892575 0.7877111 0.1796854 -0.5892575 0.7877111 0.1796854 -0.5892575 0.7877111 -0.2924369 0.8831591 -0.366757 -0.2924369 0.8831591 -0.366757 -0.2924369 0.8831591 -0.366757 0.2924369 -0.8831591 0.366757 0.2924369 -0.8831591 0.366757 0.2924369 -0.8831591 0.366757 -0.2410519 0.7396732 -0.6283132 -0.2410519 0.7396732 -0.6283132 -0.2410519 0.7396732 -0.6283132 0.2410519 -0.7396732 0.6283132 0.2410519 -0.7396732 0.6283132 0.2410519 -0.7396732 0.6283132 -0.4355018 0.878581 -0.1960447 -0.4355018 0.878581 -0.1960447 -0.4355018 0.878581 -0.1960447 0.4355018 -0.878581 0.1960447 0.4355018 -0.878581 0.1960447 0.4355018 -0.878581 0.1960447 -0.4555137 0.8902141 0.005120886 -0.4555137 0.8902141 0.005120886 -0.4555137 0.8902141 0.005120886 0.4555137 -0.8902141 -0.005120886 0.4555137 -0.8902141 -0.005120886 0.4555137 -0.8902141 -0.005120886 -0.6617932 0.7425034 0.1035302 -0.6617932 0.7425034 0.1035302 -0.6617932 0.7425034 0.1035302 0.6617932 -0.7425034 -0.1035302 0.6617932 -0.7425034 -0.1035302 0.6617932 -0.7425034 -0.1035302 -0.8359632 0.548311 0.02281502 -0.8359632 0.548311 0.02281502 -0.8359632 0.548311 0.02281502 0.8359632 -0.548311 -0.02281502 0.8359632 -0.548311 -0.02281502 0.8359632 -0.548311 -0.02281502 -0.9183731 0.3874615 0.08040141 -0.9183731 0.3874615 0.08040141 -0.9183731 0.3874615 0.08040141 0.9183731 -0.3874615 -0.08040141 0.9183731 -0.3874615 -0.08040141 0.9183731 -0.3874615 -0.08040141 -0.5623301 0.7253552 0.397045 -0.5623301 0.7253552 0.397045 -0.5623301 0.7253552 0.397045 0.5623301 -0.7253552 -0.397045 0.5623301 -0.7253552 -0.397045 0.5623301 -0.7253552 -0.397045 -0.005677617 -0.03011731 -0.9995302 -0.005677617 -0.03011731 -0.9995302 -0.005677617 -0.03011731 -0.9995302 0.005677617 0.03011731 0.9995302 0.005677617 0.03011731 0.9995302 0.005677617 0.03011731 0.9995302 -0.08559006 -0.06170511 -0.9944178 -0.08559006 -0.06170511 -0.9944178 -0.08559006 -0.06170511 -0.9944178 0.08559006 0.06170511 0.9944178 0.08559006 0.06170511 0.9944178 0.08559006 0.06170511 0.9944178 0.01377465 0.1168488 -0.9930542 0.01377465 0.1168488 -0.9930542 0.01377465 0.1168488 -0.9930542 -0.01377465 -0.1168488 0.9930542 -0.01377465 -0.1168488 0.9930542 -0.01377465 -0.1168488 0.9930542 0.01599626 0.169736 -0.9853597 0.01599626 0.169736 -0.9853597 0.01599626 0.169736 -0.9853597 -0.01599626 -0.169736 0.9853597 -0.01599626 -0.169736 0.9853597 -0.01599626 -0.169736 0.9853597 -0.03545556 0.2006327 -0.9790247 -0.03545556 0.2006327 -0.9790247 -0.03545556 0.2006327 -0.9790247 0.03545556 -0.2006327 0.9790247 0.03545556 -0.2006327 0.9790247 0.03545556 -0.2006327 0.9790247 -0.5883033 0.2670849 0.7632594 -0.5883033 0.2670849 0.7632594 -0.5883033 0.2670849 0.7632594 0.5883033 -0.2670849 -0.7632594 0.5883033 -0.2670849 -0.7632594 0.5883033 -0.2670849 -0.7632594 -0.9761024 0.0395019 0.2136905 -0.9761024 0.0395019 0.2136905 -0.9761024 0.0395019 0.2136905 0.9761024 -0.0395019 -0.2136905 0.9761024 -0.0395019 -0.2136905 0.9761024 -0.0395019 -0.2136905 -0.9690397 -0.149503 0.1964963 -0.9690397 -0.149503 0.1964963 -0.9690397 -0.149503 0.1964963 0.9690397 0.149503 -0.1964963 0.9690397 0.149503 -0.1964963 0.9690397 0.149503 -0.1964963 -0.9389153 -0.08177698 0.3342913 -0.9389153 -0.08177698 0.3342913 -0.9389153 -0.08177698 0.3342913 0.9389153 0.08177698 -0.3342913 0.9389153 0.08177698 -0.3342913 0.9389153 0.08177698 -0.3342913 -0.9776729 0.05855903 0.2018081 -0.9776729 0.05855903 0.2018081 -0.9776729 0.05855903 0.2018081 0.9776729 -0.05855903 -0.2018081 0.9776729 -0.05855903 -0.2018081 0.9776729 -0.05855903 -0.2018081 -0.1440877 0.3471804 -0.9266631 -0.1440877 0.3471804 -0.9266631 -0.1440877 0.3471804 -0.9266631 0.1440877 -0.3471804 0.9266631 0.1440877 -0.3471804 0.9266631 0.1440877 -0.3471804 0.9266631 -0.04245854 0.4085623 -0.9117423 -0.04245854 0.4085623 -0.9117423 -0.04245854 0.4085623 -0.9117423 0.04245854 -0.4085623 0.9117423 0.04245854 -0.4085623 0.9117423 0.04245854 -0.4085623 0.9117423 -0.01243271 0.5743933 -0.818485 -0.01243271 0.5743933 -0.818485 -0.01243271 0.5743933 -0.818485 0.01243271 -0.5743933 0.818485 0.01243271 -0.5743933 0.818485 0.01243271 -0.5743933 0.818485 -0.150955 0.9011921 -0.4062823 -0.150955 0.9011921 -0.4062823 -0.150955 0.9011921 -0.4062823 0.150955 -0.9011921 0.4062823 0.150955 -0.9011921 0.4062823 0.150955 -0.9011921 0.4062823 -0.3040679 0.9094816 -0.2835241 -0.3040679 0.9094816 -0.2835241 -0.3040679 0.9094816 -0.2835241 0.3040679 -0.9094816 0.2835241 0.3040679 -0.9094816 0.2835241 0.3040679 -0.9094816 0.2835241 -0.1157131 0.788465 -0.6040972 -0.1157131 0.788465 -0.6040972 -0.1157131 0.788465 -0.6040972 0.1157131 -0.788465 0.6040972 0.1157131 -0.788465 0.6040972 0.1157131 -0.788465 0.6040972 -0.4002693 0.9030753 -0.1556905 -0.4002693 0.9030753 -0.1556905 -0.4002693 0.9030753 -0.1556905 0.4002693 -0.9030753 0.1556905 0.4002693 -0.9030753 0.1556905 0.4002693 -0.9030753 0.1556905 -0.4256824 0.9046664 -0.01931717 -0.4256824 0.9046664 -0.01931717 -0.4256824 0.9046664 -0.01931717 0.4256824 -0.9046664 0.01931717 0.4256824 -0.9046664 0.01931717 0.4256824 -0.9046664 0.01931717 -0.472213 0.8787848 0.06893629 -0.472213 0.8787848 0.06893629 -0.472213 0.8787848 0.06893629 0.472213 -0.8787848 -0.06893629 0.472213 -0.8787848 -0.06893629 0.472213 -0.8787848 -0.06893629 -0.6627307 0.741209 0.1067579 -0.6627307 0.741209 0.1067579 -0.6627307 0.741209 0.1067579 0.6627307 -0.741209 -0.1067579 0.6627307 -0.741209 -0.1067579 0.6627307 -0.741209 -0.1067579 -0.8901518 0.4500811 0.07111122 -0.8901518 0.4500811 0.07111122 -0.8901518 0.4500811 0.07111122 0.8901518 -0.4500811 -0.07111122 0.8901518 -0.4500811 -0.07111122 0.8901518 -0.4500811 -0.07111122 -0.7143134 0.6866381 0.1352198 -0.7143134 0.6866381 0.1352198 -0.7143134 0.6866381 0.1352198 0.7143134 -0.6866381 -0.1352198 0.7143134 -0.6866381 -0.1352198 0.7143134 -0.6866381 -0.1352198 -0.9516332 0.2833419 0.1187922 -0.9516332 0.2833419 0.1187922 -0.9516332 0.2833419 0.1187922 0.9516332 -0.2833419 -0.1187922 0.9516332 -0.2833419 -0.1187922 0.9516332 -0.2833419 -0.1187922 -0.9276744 0.3669376 0.0691163 -0.9276744 0.3669376 0.0691163 -0.9276744 0.3669376 0.0691163 0.9276744 -0.3669376 -0.0691163 0.9276744 -0.3669376 -0.0691163 0.9276744 -0.3669376 -0.0691163 -0.5301441 0.5257624 0.6652226 -0.5301441 0.5257624 0.6652226 -0.5301441 0.5257624 0.6652226 0.5301441 -0.5257624 -0.6652226 0.5301441 -0.5257624 -0.6652226 0.5301441 -0.5257624 -0.6652226 -0.005637075 -0.08672251 -0.9962166 -0.005637075 -0.08672251 -0.9962166 -0.005637075 -0.08672251 -0.9962166 0.005637075 0.08672251 0.9962166 0.005637075 0.08672251 0.9962166 0.005637075 0.08672251 0.9962166 0.02267576 0.018115 -0.9995787 0.02267576 0.018115 -0.9995787 0.02267576 0.018115 -0.9995787 -0.02267576 -0.018115 0.9995787 -0.02267576 -0.018115 0.9995787 -0.02267576 -0.018115 0.9995787 0.04395697 0.1082317 -0.9931534 0.04395697 0.1082317 -0.9931534 0.04395697 0.1082317 -0.9931534 -0.04395697 -0.1082317 0.9931534 -0.04395697 -0.1082317 0.9931534 -0.04395697 -0.1082317 0.9931534 -0.03053021 0.2061285 -0.9780485 -0.03053021 0.2061285 -0.9780485 -0.03053021 0.2061285 -0.9780485 0.03053021 -0.2061285 0.9780485 0.03053021 -0.2061285 0.9780485 0.03053021 -0.2061285 0.9780485 0.04671255 0.2324191 -0.9714933 0.04671255 0.2324191 -0.9714933 0.04671255 0.2324191 -0.9714933 -0.04671255 -0.2324191 0.9714933 -0.04671255 -0.2324191 0.9714933 -0.04671255 -0.2324191 0.9714933 -0.9385941 0.03589313 0.3431512 -0.9385941 0.03589313 0.3431512 -0.9385941 0.03589313 0.3431512 0.9385941 -0.03589313 -0.3431512 0.9385941 -0.03589313 -0.3431512 0.9385941 -0.03589313 -0.3431512 -0.91456 -0.1859665 0.3591608 -0.91456 -0.1859665 0.3591608 -0.91456 -0.1859665 0.3591608 0.91456 0.1859665 -0.3591608 0.91456 0.1859665 -0.3591608 0.91456 0.1859665 -0.3591608 -0.9082063 -0.1215171 0.4004932 -0.9082063 -0.1215171 0.4004932 -0.9082063 -0.1215171 0.4004932 0.9082063 0.1215171 -0.4004932 0.9082063 0.1215171 -0.4004932 0.9082063 0.1215171 -0.4004932 -0.9189006 -0.006767229 0.3944312 -0.9189006 -0.006767229 0.3944312 -0.9189006 -0.006767229 0.3944312 0.9189006 0.006767229 -0.3944312 0.9189006 0.006767229 -0.3944312 0.9189006 0.006767229 -0.3944312 -0.961902 0.1969997 0.1895668 -0.961902 0.1969997 0.1895668 -0.961902 0.1969997 0.1895668 0.961902 -0.1969997 -0.1895668 0.961902 -0.1969997 -0.1895668 0.961902 -0.1969997 -0.1895668 -0.04165491 0.3948833 -0.9177865 -0.04165491 0.3948833 -0.9177865 -0.04165491 0.3948833 -0.9177865 0.04165491 -0.3948833 0.9177865 0.04165491 -0.3948833 0.9177865 0.04165491 -0.3948833 0.9177865 -0.04200406 0.4075034 -0.9122371 -0.04200406 0.4075034 -0.9122371 -0.04200406 0.4075034 -0.9122371 0.04200406 -0.4075034 0.9122371 0.04200406 -0.4075034 0.9122371 0.04200406 -0.4075034 0.9122371 -0.02928111 0.5534008 -0.8324002 -0.02928111 0.5534008 -0.8324002 -0.02928111 0.5534008 -0.8324002 0.02928111 -0.5534008 0.8324002 0.02928111 -0.5534008 0.8324002 0.02928111 -0.5534008 0.8324002 -0.1428496 0.9058974 -0.3986778 -0.1428496 0.9058974 -0.3986778 -0.1428496 0.9058974 -0.3986778 0.1428496 -0.9058974 0.3986778 0.1428496 -0.9058974 0.3986778 0.1428496 -0.9058974 0.3986778 -0.1074842 0.81235 -0.5731794 -0.1074842 0.81235 -0.5731794 -0.1074842 0.81235 -0.5731794 0.1074842 -0.81235 0.5731794 0.1074842 -0.81235 0.5731794 0.1074842 -0.81235 0.5731794 -0.2966566 0.9237671 -0.2421758 -0.2966566 0.9237671 -0.2421758 -0.2966566 0.9237671 -0.2421758 0.2966566 -0.9237671 0.2421758 0.2966566 -0.9237671 0.2421758 0.2966566 -0.9237671 0.2421758 -0.01351471 0.6251598 -0.7803798 -0.01351471 0.6251598 -0.7803798 -0.01351471 0.6251598 -0.7803798 0.01351471 -0.6251598 0.7803798 0.01351471 -0.6251598 0.7803798 0.01351471 -0.6251598 0.7803798 -0.3493386 0.93617 -0.03934908 -0.3493386 0.93617 -0.03934908 -0.3493386 0.93617 -0.03934908 0.3493386 -0.93617 0.03934908 0.3493386 -0.93617 0.03934908 0.3493386 -0.93617 0.03934908 -0.476128 0.8772666 0.06087223 -0.476128 0.8772666 0.06087223 -0.476128 0.8772666 0.06087223 0.476128 -0.8772666 -0.06087223 0.476128 -0.8772666 -0.06087223 0.476128 -0.8772666 -0.06087223 -0.6132015 0.7259834 0.311339 -0.6132015 0.7259834 0.311339 -0.6132015 0.7259834 0.311339 0.6132015 -0.7259834 -0.311339 0.6132015 -0.7259834 -0.311339 0.6132015 -0.7259834 -0.311339 -0.8430517 0.4777325 0.2470535 -0.8430517 0.4777325 0.2470535 -0.8430517 0.4777325 0.2470535 0.8430517 -0.4777325 -0.2470535 0.8430517 -0.4777325 -0.2470535 0.8430517 -0.4777325 -0.2470535 -0.6810374 0.7004057 0.2135884 -0.6810374 0.7004057 0.2135884 -0.6810374 0.7004057 0.2135884 0.6810374 -0.7004057 -0.2135884 0.6810374 -0.7004057 -0.2135884 0.6810374 -0.7004057 -0.2135884 -0.9607189 0.2100423 0.1813876 -0.9607189 0.2100423 0.1813876 -0.9607189 0.2100423 0.1813876 0.9607189 -0.2100423 -0.1813876 0.9607189 -0.2100423 -0.1813876 0.9607189 -0.2100423 -0.1813876 -0.9274931 0.3177704 0.1969228 -0.9274931 0.3177704 0.1969228 -0.9274931 0.3177704 0.1969228 0.9274931 -0.3177704 -0.1969228 0.9274931 -0.3177704 -0.1969228 0.9274931 -0.3177704 -0.1969228 0.07990868 -0.007796668 -0.9967717 0.07990868 -0.007796668 -0.9967717 0.07990868 -0.007796668 -0.9967717 -0.07990868 0.007796668 0.9967717 -0.07990868 0.007796668 0.9967717 -0.07990868 0.007796668 0.9967717 0.07351973 0.07608331 -0.9943873 0.07351973 0.07608331 -0.9943873 0.07351973 0.07608331 -0.9943873 -0.07351973 -0.07608331 0.9943873 -0.07351973 -0.07608331 0.9943873 -0.07351973 -0.07608331 0.9943873 0.0855223 0.145523 -0.9856516 0.0855223 0.145523 -0.9856516 0.0855223 0.145523 -0.9856516 -0.0855223 -0.145523 0.9856516 -0.0855223 -0.145523 0.9856516 -0.0855223 -0.145523 0.9856516 -0.02795306 0.3241548 -0.945591 -0.02795306 0.3241548 -0.945591 -0.02795306 0.3241548 -0.945591 0.02795306 -0.3241548 0.945591 0.02795306 -0.3241548 0.945591 0.02795306 -0.3241548 0.945591 0.0974614 0.2088311 -0.9730832 0.0974614 0.2088311 -0.9730832 0.0974614 0.2088311 -0.9730832 -0.0974614 -0.2088311 0.9730832 -0.0974614 -0.2088311 0.9730832 -0.0974614 -0.2088311 0.9730832 0.04597372 0.3739968 -0.9262898 0.04597372 0.3739968 -0.9262898 0.04597372 0.3739968 -0.9262898 -0.04597372 -0.3739968 0.9262898 -0.04597372 -0.3739968 0.9262898 -0.04597372 -0.3739968 0.9262898 -0.920816 0.05848418 0.3855871 -0.920816 0.05848418 0.3855871 -0.920816 0.05848418 0.3855871 0.920816 -0.05848418 -0.3855871 0.920816 -0.05848418 -0.3855871 0.920816 -0.05848418 -0.3855871 -0.7873346 -0.07680179 0.6117236 -0.7873346 -0.07680179 0.6117236 -0.7873346 -0.07680179 0.6117236 0.7873346 0.07680179 -0.6117236 0.7873346 0.07680179 -0.6117236 0.7873346 0.07680179 -0.6117236 -0.71135 -0.03301094 0.7020623 -0.71135 -0.03301094 0.7020623 -0.71135 -0.03301094 0.7020623 0.71135 0.03301094 -0.7020623 0.71135 0.03301094 -0.7020623 0.71135 0.03301094 -0.7020623 -0.9669027 0.1749375 0.1857311 -0.9669027 0.1749375 0.1857311 -0.9669027 0.1749375 0.1857311 0.9669027 -0.1749375 -0.1857311 0.9669027 -0.1749375 -0.1857311 0.9669027 -0.1749375 -0.1857311 0.0118082 0.3775072 -0.9259314 0.0118082 0.3775072 -0.9259314 0.0118082 0.3775072 -0.9259314 -0.0118082 -0.3775072 0.9259314 -0.0118082 -0.3775072 0.9259314 -0.0118082 -0.3775072 0.9259314 0.01803019 0.5274047 -0.8494228 0.01803019 0.5274047 -0.8494228 0.01803019 0.5274047 -0.8494228 -0.01803019 -0.5274047 0.8494228 -0.01803019 -0.5274047 0.8494228 -0.01803019 -0.5274047 0.8494228 -0.09614558 0.960236 -0.2621125 -0.09614558 0.960236 -0.2621125 -0.09614558 0.960236 -0.2621125 0.09614558 -0.960236 0.2621125 0.09614558 -0.960236 0.2621125 0.09614558 -0.960236 0.2621125 -0.05869703 0.7878238 -0.6130973 -0.05869703 0.7878238 -0.6130973 -0.05869703 0.7878238 -0.6130973 0.05869703 -0.7878238 0.6130973 0.05869703 -0.7878238 0.6130973 0.05869703 -0.7878238 0.6130973 -0.06078383 0.8445341 -0.5320409 -0.06078383 0.8445341 -0.5320409 -0.06078383 0.8445341 -0.5320409 0.06078383 -0.8445341 0.5320409 0.06078383 -0.8445341 0.5320409 0.06078383 -0.8445341 0.5320409 -0.2687551 0.9414353 -0.2036426 -0.2687551 0.9414353 -0.2036426 -0.2687551 0.9414353 -0.2036426 0.2687551 -0.9414353 0.2036426 0.2687551 -0.9414353 0.2036426 0.2687551 -0.9414353 0.2036426 -0.00118788 0.6392282 -0.7690162 -0.00118788 0.6392282 -0.7690162 -0.00118788 0.6392282 -0.7690162 0.00118788 -0.6392282 0.7690162 0.00118788 -0.6392282 0.7690162 0.00118788 -0.6392282 0.7690162 -0.2755194 0.9598651 0.05242144 -0.2755194 0.9598651 0.05242144 -0.2755194 0.9598651 0.05242144 0.2755194 -0.9598651 -0.05242144 0.2755194 -0.9598651 -0.05242144 0.2755194 -0.9598651 -0.05242144 -0.2824415 0.9541612 -0.09901109 -0.2824415 0.9541612 -0.09901109 -0.2824415 0.9541612 -0.09901109 0.2824415 -0.9541612 0.09901109 0.2824415 -0.9541612 0.09901109 0.2824415 -0.9541612 0.09901109 -0.4473168 0.8902704 0.08559367 -0.4473168 0.8902704 0.08559367 -0.4473168 0.8902704 0.08559367 0.4473168 -0.8902704 -0.08559367 0.4473168 -0.8902704 -0.08559367 0.4473168 -0.8902704 -0.08559367 -0.5930212 0.7944166 0.131256 -0.5930212 0.7944166 0.131256 -0.5930212 0.7944166 0.131256 0.5930212 -0.7944166 -0.131256 0.5930212 -0.7944166 -0.131256 0.5930212 -0.7944166 -0.131256 -0.7752784 0.5278302 0.3468987 -0.7752784 0.5278302 0.3468987 -0.7752784 0.5278302 0.3468987 0.7752784 -0.5278302 -0.3468987 0.7752784 -0.5278302 -0.3468987 0.7752784 -0.5278302 -0.3468987 -0.7010728 0.6356098 0.3232599 -0.7010728 0.6356098 0.3232599 -0.7010728 0.6356098 0.3232599 0.7010728 -0.6356098 -0.3232599 0.7010728 -0.6356098 -0.3232599 0.7010728 -0.6356098 -0.3232599 -0.9320404 0.2815519 0.228099 -0.9320404 0.2815519 0.228099 -0.9320404 0.2815519 0.228099 0.9320404 -0.2815519 -0.228099 0.9320404 -0.2815519 -0.228099 0.9320404 -0.2815519 -0.228099 0.06580681 -0.0952955 -0.9932715 0.06580681 -0.0952955 -0.9932715 0.06580681 -0.0952955 -0.9932715 -0.06580681 0.0952955 0.9932715 -0.06580681 0.0952955 0.9932715 -0.06580681 0.0952955 0.9932715 0.1364086 0.06832323 -0.9882938 0.1364086 0.06832323 -0.9882938 0.1364086 0.06832323 -0.9882938 -0.1364086 -0.06832323 0.9882938 -0.1364086 -0.06832323 0.9882938 -0.1364086 -0.06832323 0.9882938 0.1400852 0.1448527 -0.9794865 0.1400852 0.1448527 -0.9794865 0.1400852 0.1448527 -0.9794865 -0.1400852 -0.1448527 0.9794865 -0.1400852 -0.1448527 0.9794865 -0.1400852 -0.1448527 0.9794865 0.01320884 0.4612258 -0.8871845 0.01320884 0.4612258 -0.8871845 0.01320884 0.4612258 -0.8871845 -0.01320884 -0.4612258 0.8871845 -0.01320884 -0.4612258 0.8871845 -0.01320884 -0.4612258 0.8871845 0.1604055 0.2448005 -0.9562127 0.1604055 0.2448005 -0.9562127 0.1604055 0.2448005 -0.9562127 -0.1604055 -0.2448005 0.9562127 -0.1604055 -0.2448005 0.9562127 -0.1604055 -0.2448005 0.9562127 0.07444112 0.488006 -0.8696601 0.07444112 0.488006 -0.8696601 0.07444112 0.488006 -0.8696601 -0.07444112 -0.488006 0.8696601 -0.07444112 -0.488006 0.8696601 -0.07444112 -0.488006 0.8696601 -0.7602967 0.1000307 0.6418277 -0.7602967 0.1000307 0.6418277 -0.7602967 0.1000307 0.6418277 0.7602967 -0.1000307 -0.6418277 0.7602967 -0.1000307 -0.6418277 0.7602967 -0.1000307 -0.6418277 -0.8915949 0.2003031 0.4061246 -0.8915949 0.2003031 0.4061246 -0.8915949 0.2003031 0.4061246 0.8915949 -0.2003031 -0.4061246 0.8915949 -0.2003031 -0.4061246 0.8915949 -0.2003031 -0.4061246 -0.738884 -0.004876171 0.673815 -0.738884 -0.004876171 0.673815 -0.738884 -0.004876171 0.673815 0.738884 0.004876171 -0.673815 0.738884 0.004876171 -0.673815 0.738884 0.004876171 -0.673815 0.02337117 0.3991485 -0.9165884 0.02337117 0.3991485 -0.9165884 0.02337117 0.3991485 -0.9165884 -0.02337117 -0.3991485 0.9165884 -0.02337117 -0.3991485 0.9165884 -0.02337117 -0.3991485 0.9165884 0.03651052 0.5636778 -0.8251874 0.03651052 0.5636778 -0.8251874 0.03651052 0.5636778 -0.8251874 -0.03651052 -0.5636778 0.8251874 -0.03651052 -0.5636778 0.8251874 -0.03651052 -0.5636778 0.8251874 -0.01023574 0.947717 -0.3189478 -0.01023574 0.947717 -0.3189478 -0.01023574 0.947717 -0.3189478 0.01023574 -0.947717 0.3189478 0.01023574 -0.947717 0.3189478 0.01023574 -0.947717 0.3189478 -0.1272972 0.9747302 -0.1835659 -0.1272972 0.9747302 -0.1835659 -0.1272972 0.9747302 -0.1835659 0.1272972 -0.9747302 0.1835659 0.1272972 -0.9747302 0.1835659 0.1272972 -0.9747302 0.1835659 0.0002750128 0.9002641 -0.4353441 0.0002750128 0.9002641 -0.4353441 0.0002750128 0.9002641 -0.4353441 -0.0002750128 -0.9002641 0.4353441 -0.0002750128 -0.9002641 0.4353441 -0.0002750128 -0.9002641 0.4353441 0.01015828 0.7835062 -0.6213009 0.01015828 0.7835062 -0.6213009 0.01015828 0.7835062 -0.6213009 -0.01015828 -0.7835062 0.6213009 -0.01015828 -0.7835062 0.6213009 -0.01015828 -0.7835062 0.6213009 0.02617489 0.6022087 -0.7979095 0.02617489 0.6022087 -0.7979095 0.02617489 0.6022087 -0.7979095 -0.02617489 -0.6022087 0.7979095 -0.02617489 -0.6022087 0.7979095 -0.02617489 -0.6022087 0.7979095 -0.1788053 0.9828162 -0.04583625 -0.1788053 0.9828162 -0.04583625 -0.1788053 0.9828162 -0.04583625 0.1788053 -0.9828162 0.04583625 0.1788053 -0.9828162 0.04583625 0.1788053 -0.9828162 0.04583625 -0.2963443 0.9476282 0.1190831 -0.2963443 0.9476282 0.1190831 -0.2963443 0.9476282 0.1190831 0.2963443 -0.9476282 -0.1190831 0.2963443 -0.9476282 -0.1190831 0.2963443 -0.9476282 -0.1190831 -0.1831025 0.9799345 -0.07875147 -0.1831025 0.9799345 -0.07875147 -0.1831025 0.9799345 -0.07875147 0.1831025 -0.9799345 0.07875147 0.1831025 -0.9799345 0.07875147 0.1831025 -0.9799345 0.07875147 -0.2991555 0.9466126 0.1201274 -0.2991555 0.9466126 0.1201274 -0.2991555 0.9466126 0.1201274 0.2991555 -0.9466126 -0.1201274 0.2991555 -0.9466126 -0.1201274 0.2991555 -0.9466126 -0.1201274 -0.4428203 0.8800321 0.1716206 -0.4428203 0.8800321 0.1716206 -0.4428203 0.8800321 0.1716206 0.4428203 -0.8800321 -0.1716206 0.4428203 -0.8800321 -0.1716206 0.4428203 -0.8800321 -0.1716206 -0.5027852 0.826443 0.2533752 -0.5027852 0.826443 0.2533752 -0.5027852 0.826443 0.2533752 0.5027852 -0.826443 -0.2533752 0.5027852 -0.826443 -0.2533752 0.5027852 -0.826443 -0.2533752 -0.7931886 0.4478078 0.4126985 -0.7931886 0.4478078 0.4126985 -0.7931886 0.4478078 0.4126985 0.7931886 -0.4478078 -0.4126985 0.7931886 -0.4478078 -0.4126985 0.7931886 -0.4478078 -0.4126985 -0.5422123 0.715544 0.4404572 -0.5422123 0.715544 0.4404572 -0.5422123 0.715544 0.4404572 0.5422123 -0.715544 -0.4404572 0.5422123 -0.715544 -0.4404572 0.5422123 -0.715544 -0.4404572 -0.8261923 0.3475339 0.443426 -0.8261923 0.3475339 0.443426 -0.8261923 0.3475339 0.443426 0.8261923 -0.3475339 -0.443426 0.8261923 -0.3475339 -0.443426 0.8261923 -0.3475339 -0.443426 0.2006365 0.02722768 -0.9792873 0.2006365 0.02722768 -0.9792873 0.2006365 0.02722768 -0.9792873 -0.2006365 -0.02722768 0.9792873 -0.2006365 -0.02722768 0.9792873 -0.2006365 -0.02722768 0.9792873 0.1329559 0.1392609 -0.9812895 0.1329559 0.1392609 -0.9812895 0.1329559 0.1392609 -0.9812895 -0.1329559 -0.1392609 0.9812895 -0.1329559 -0.1392609 0.9812895 -0.1329559 -0.1392609 0.9812895 0.1803969 0.2700491 -0.9457962 0.1803969 0.2700491 -0.9457962 0.1803969 0.2700491 -0.9457962 -0.1803969 -0.2700491 0.9457962 -0.1803969 -0.2700491 0.9457962 -0.1803969 -0.2700491 0.9457962 0.1360586 0.4736389 -0.8701461 0.1360586 0.4736389 -0.8701461 0.1360586 0.4736389 -0.8701461 -0.1360586 -0.4736389 0.8701461 -0.1360586 -0.4736389 0.8701461 -0.1360586 -0.4736389 0.8701461 0.07121585 0.3329763 -0.940242 0.07121585 0.3329763 -0.940242 0.07121585 0.3329763 -0.940242 -0.07121585 -0.3329763 0.940242 -0.07121585 -0.3329763 0.940242 -0.07121585 -0.3329763 0.940242 -0.7612094 0.09511013 0.6414938 -0.7612094 0.09511013 0.6414938 -0.7612094 0.09511013 0.6414938 0.7612094 -0.09511013 -0.6414938 0.7612094 -0.09511013 -0.6414938 0.7612094 -0.09511013 -0.6414938 -0.8022424 0.2693517 0.532782 -0.8022424 0.2693517 0.532782 -0.8022424 0.2693517 0.532782 0.8022424 -0.2693517 -0.532782 0.8022424 -0.2693517 -0.532782 0.8022424 -0.2693517 -0.532782 -0.6101144 -0.006075454 0.7922901 -0.6101144 -0.006075454 0.7922901 -0.6101144 -0.006075454 0.7922901 0.6101144 0.006075454 -0.7922901 0.6101144 0.006075454 -0.7922901 0.6101144 0.006075454 -0.7922901 0.1567192 0.5491198 -0.8209181 0.1567192 0.5491198 -0.8209181 0.1567192 0.5491198 -0.8209181 -0.1567192 -0.5491198 0.8209181 -0.1567192 -0.5491198 0.8209181 -0.1567192 -0.5491198 0.8209181 0.07305837 0.961324 -0.2655533 0.07305837 0.961324 -0.2655533 0.07305837 0.961324 -0.2655533 -0.07305837 -0.961324 0.2655533 -0.07305837 -0.961324 0.2655533 -0.07305837 -0.961324 0.2655533 -0.1278848 0.9694176 -0.2094636 -0.1278848 0.9694176 -0.2094636 -0.1278848 0.9694176 -0.2094636 0.1278848 -0.9694176 0.2094636 0.1278848 -0.9694176 0.2094636 0.1278848 -0.9694176 0.2094636 0.04219868 0.8428273 -0.5365272 0.04219868 0.8428273 -0.5365272 0.04219868 0.8428273 -0.5365272 -0.04219868 -0.8428273 0.5365272 -0.04219868 -0.8428273 0.5365272 -0.04219868 -0.8428273 0.5365272 0.04252508 0.8346352 -0.5491591 0.04252508 0.8346352 -0.5491591 0.04252508 0.8346352 -0.5491591 -0.04252508 -0.8346352 0.5491591 -0.04252508 -0.8346352 0.5491591 -0.04252508 -0.8346352 0.5491591 0.1937506 0.77216 -0.6051691 0.1937506 0.77216 -0.6051691 0.1937506 0.77216 -0.6051691 -0.1937506 -0.77216 0.6051691 -0.1937506 -0.77216 0.6051691 -0.1937506 -0.77216 0.6051691 -0.1226589 0.9924388 -0.004469333 -0.1226589 0.9924388 -0.004469333 -0.1226589 0.9924388 -0.004469333 0.1226589 -0.9924388 0.004469333 0.1226589 -0.9924388 0.004469333 0.1226589 -0.9924388 0.004469333 -0.1891878 0.9675214 0.1676614 -0.1891878 0.9675214 0.1676614 -0.1891878 0.9675214 0.1676614 0.1891878 -0.9675214 -0.1676614 0.1891878 -0.9675214 -0.1676614 0.1891878 -0.9675214 -0.1676614 -0.3411289 0.9234817 0.1755353 -0.3411289 0.9234817 0.1755353 -0.3411289 0.9234817 0.1755353 0.3411289 -0.9234817 -0.1755353 0.3411289 -0.9234817 -0.1755353 0.3411289 -0.9234817 -0.1755353 -0.4978813 0.7963744 0.3433685 -0.4978813 0.7963744 0.3433685 -0.4978813 0.7963744 0.3433685 0.4978813 -0.7963744 -0.3433685 0.4978813 -0.7963744 -0.3433685 0.4978813 -0.7963744 -0.3433685 -0.6794162 0.5220092 0.5156549 -0.6794162 0.5220092 0.5156549 -0.6794162 0.5220092 0.5156549 0.6794162 -0.5220092 -0.5156549 0.6794162 -0.5220092 -0.5156549 0.6794162 -0.5220092 -0.5156549 -0.5587867 0.7053832 0.4361099 -0.5587867 0.7053832 0.4361099 -0.5587867 0.7053832 0.4361099 0.5587867 -0.7053832 -0.4361099 0.5587867 -0.7053832 -0.4361099 0.5587867 -0.7053832 -0.4361099 0.2467665 0.1671836 -0.9545449 0.2467665 0.1671836 -0.9545449 0.2467665 0.1671836 -0.9545449 -0.2467665 -0.1671836 0.9545449 -0.2467665 -0.1671836 0.9545449 -0.2467665 -0.1671836 0.9545449 0.286343 0.06131177 -0.9561634 0.286343 0.06131177 -0.9561634 0.286343 0.06131177 -0.9561634 -0.286343 -0.06131177 0.9561634 -0.286343 -0.06131177 0.9561634 -0.286343 -0.06131177 0.9561634 0.3034983 0.2744434 -0.9124525 0.3034983 0.2744434 -0.9124525 0.3034983 0.2744434 -0.9124525 0.3034983 0.2744434 -0.9124525 -0.3034983 -0.2744434 0.9124525 -0.3034983 -0.2744434 0.9124525 -0.3034983 -0.2744434 0.9124525 -0.3034983 -0.2744434 0.9124525 0.1434335 0.328816 -0.9334382 0.1434335 0.328816 -0.9334382 0.1434335 0.328816 -0.9334382 -0.1434335 -0.328816 0.9334382 -0.1434335 -0.328816 0.9334382 -0.1434335 -0.328816 0.9334382 -0.8227549 0.2902002 0.4887313 -0.8227549 0.2902002 0.4887313 -0.8227549 0.2902002 0.4887313 0.8227549 -0.2902002 -0.4887313 0.8227549 -0.2902002 -0.4887313 0.8227549 -0.2902002 -0.4887313 -0.6147922 0.07657417 0.784963 -0.6147922 0.07657417 0.784963 -0.6147922 0.07657417 0.784963 0.6147922 -0.07657417 -0.784963 0.6147922 -0.07657417 -0.784963 0.6147922 -0.07657417 -0.784963 -0.6012483 -0.0001336339 0.7990622 -0.6012483 -0.0001336339 0.7990622 -0.6012483 -0.0001336339 0.7990622 0.6012483 0.0001336339 -0.7990622 0.6012483 0.0001336339 -0.7990622 0.6012483 0.0001336339 -0.7990622 -0.6209788 0.04423367 0.7825782 -0.6209788 0.04423367 0.7825782 -0.6209788 0.04423367 0.7825782 0.6209788 -0.04423367 -0.7825782 0.6209788 -0.04423367 -0.7825782 0.6209788 -0.04423367 -0.7825782 0.2013133 0.4172376 -0.8862199 0.2013133 0.4172376 -0.8862199 0.2013133 0.4172376 -0.8862199 -0.2013133 -0.4172376 0.8862199 -0.2013133 -0.4172376 0.8862199 -0.2013133 -0.4172376 0.8862199 0.2324051 0.658134 -0.7161337 0.2324051 0.658134 -0.7161337 0.2324051 0.658134 -0.7161337 -0.2324051 -0.658134 0.7161337 -0.2324051 -0.658134 0.7161337 -0.2324051 -0.658134 0.7161337 0.09247852 0.9883297 -0.121046 0.09247852 0.9883297 -0.121046 0.09247852 0.9883297 -0.121046 -0.09247852 -0.9883297 0.121046 -0.09247852 -0.9883297 0.121046 -0.09247852 -0.9883297 0.121046 0.1413714 0.9378009 -0.3170863 0.1413714 0.9378009 -0.3170863 0.1413714 0.9378009 -0.3170863 -0.1413714 -0.9378009 0.3170863 -0.1413714 -0.9378009 0.3170863 -0.1413714 -0.9378009 0.3170863 -0.05052561 0.9930735 -0.1060762 -0.05052561 0.9930735 -0.1060762 -0.05052561 0.9930735 -0.1060762 0.05052561 -0.9930735 0.1060762 0.05052561 -0.9930735 0.1060762 0.05052561 -0.9930735 0.1060762 0.08987892 0.860011 -0.5022975 0.08987892 0.860011 -0.5022975 0.08987892 0.860011 -0.5022975 -0.08987892 -0.860011 0.5022975 -0.08987892 -0.860011 0.5022975 -0.08987892 -0.860011 0.5022975 0.08921623 0.8549499 -0.5109806 0.08921623 0.8549499 -0.5109806 0.08921623 0.8549499 -0.5109806 -0.08921623 -0.8549499 0.5109806 -0.08921623 -0.8549499 0.5109806 -0.08921623 -0.8549499 0.5109806 0.1953736 0.786879 -0.5853637 0.1953736 0.786879 -0.5853637 0.1953736 0.786879 -0.5853637 -0.1953736 -0.786879 0.5853637 -0.1953736 -0.786879 0.5853637 -0.1953736 -0.786879 0.5853637 -0.1026857 0.9882521 0.1131966 -0.1026857 0.9882521 0.1131966 -0.1026857 0.9882521 0.1131966 0.1026857 -0.9882521 -0.1131966 0.1026857 -0.9882521 -0.1131966 0.1026857 -0.9882521 -0.1131966 -0.1894215 0.9655849 0.1782281 -0.1894215 0.9655849 0.1782281 -0.1894215 0.9655849 0.1782281 0.1894215 -0.9655849 -0.1782281 0.1894215 -0.9655849 -0.1782281 0.1894215 -0.9655849 -0.1782281 -0.3581159 0.8847147 0.2983838 -0.3581159 0.8847147 0.2983838 -0.3581159 0.8847147 0.2983838 0.3581159 -0.8847147 -0.2983838 0.3581159 -0.8847147 -0.2983838 0.3581159 -0.8847147 -0.2983838 -0.3717626 0.869094 0.3262946 -0.3717626 0.869094 0.3262946 -0.3717626 0.869094 0.3262946 0.3717626 -0.869094 -0.3262946 0.3717626 -0.869094 -0.3262946 0.3717626 -0.869094 -0.3262946 -0.6521959 0.4388233 0.6181219 -0.6521959 0.4388233 0.6181219 -0.6521959 0.4388233 0.6181219 0.6521959 -0.4388233 -0.6181219 0.6521959 -0.4388233 -0.6181219 0.6521959 -0.4388233 -0.6181219 -0.4807582 0.6504244 0.5880644 -0.4807582 0.6504244 0.5880644 -0.4807582 0.6504244 0.5880644 0.4807582 -0.6504244 -0.5880644 0.4807582 -0.6504244 -0.5880644 0.4807582 -0.6504244 -0.5880644 0.3050565 0.2678136 -0.9139017 0.3050565 0.2678136 -0.9139017 0.3050565 0.2678136 -0.9139017 -0.3050565 -0.2678136 0.9139017 -0.3050565 -0.2678136 0.9139017 -0.3050565 -0.2678136 0.9139017 0.3076906 0.3812614 -0.8717604 0.3076906 0.3812614 -0.8717604 0.3076906 0.3812614 -0.8717604 -0.3076906 -0.3812614 0.8717604 -0.3076906 -0.3812614 0.8717604 -0.3076906 -0.3812614 0.8717604 0.4830255 0.2231084 -0.8467048 0.4830255 0.2231084 -0.8467048 0.4830255 0.2231084 -0.8467048 -0.4830255 -0.2231084 0.8467048 -0.4830255 -0.2231084 0.8467048 -0.4830255 -0.2231084 0.8467048 -0.6909884 0.3222434 0.6470659 -0.6909884 0.3222434 0.6470659 -0.6909884 0.3222434 0.6470659 0.6909884 -0.3222434 -0.6470659 0.6909884 -0.3222434 -0.6470659 0.6909884 -0.3222434 -0.6470659 -0.5764686 0.2732262 0.7700853 -0.5764686 0.2732262 0.7700853 -0.5764686 0.2732262 0.7700853 0.5764686 -0.2732262 -0.7700853 0.5764686 -0.2732262 -0.7700853 0.5764686 -0.2732262 -0.7700853 -0.6357808 0.1005779 0.7652888 -0.6357808 0.1005779 0.7652888 -0.6357808 0.1005779 0.7652888 0.6357808 -0.1005779 -0.7652888 0.6357808 -0.1005779 -0.7652888 0.6357808 -0.1005779 -0.7652888 -0.5328201 -0.007602402 0.8461944 -0.5328201 -0.007602402 0.8461944 -0.5328201 -0.007602402 0.8461944 0.5328201 0.007602402 -0.8461944 0.5328201 0.007602402 -0.8461944 0.5328201 0.007602402 -0.8461944 -0.6245402 -0.2108556 0.7519903 -0.6245402 -0.2108556 0.7519903 -0.6245402 -0.2108556 0.7519903 0.6245402 0.2108556 -0.7519903 0.6245402 0.2108556 -0.7519903 0.6245402 0.2108556 -0.7519903 0.2690185 0.6649797 -0.6967288 0.2690185 0.6649797 -0.6967288 0.2690185 0.6649797 -0.6967288 -0.2690185 -0.6649797 0.6967288 -0.2690185 -0.6649797 0.6967288 -0.2690185 -0.6649797 0.6967288 0.1426473 0.9866865 -0.07811145 0.1426473 0.9866865 -0.07811145 0.1426473 0.9866865 -0.07811145 -0.1426473 -0.9866865 0.07811145 -0.1426473 -0.9866865 0.07811145 -0.1426473 -0.9866865 0.07811145 0.1321587 0.9374631 -0.3220203 0.1321587 0.9374631 -0.3220203 0.1321587 0.9374631 -0.3220203 -0.1321587 -0.9374631 0.3220203 -0.1321587 -0.9374631 0.3220203 -0.1321587 -0.9374631 0.3220203 0.2595156 0.8218075 -0.5072317 0.2595156 0.8218075 -0.5072317 0.2595156 0.8218075 -0.5072317 -0.2595156 -0.8218075 0.5072317 -0.2595156 -0.8218075 0.5072317 -0.2595156 -0.8218075 0.5072317 -0.06442097 0.9890167 0.133026 -0.06442097 0.9890167 0.133026 -0.06442097 0.9890167 0.133026 0.06442097 -0.9890167 -0.133026 0.06442097 -0.9890167 -0.133026 0.06442097 -0.9890167 -0.133026 -0.3449216 0.8505872 0.3969011 -0.3449216 0.8505872 0.3969011 -0.3449216 0.8505872 0.3969011 0.3449216 -0.8505872 -0.3969011 0.3449216 -0.8505872 -0.3969011 0.3449216 -0.8505872 -0.3969011 -0.4992996 0.4333503 0.7502716 -0.4992996 0.4333503 0.7502716 -0.4992996 0.4333503 0.7502716 0.4992996 -0.4333503 -0.7502716 0.4992996 -0.4333503 -0.7502716 0.4992996 -0.4333503 -0.7502716 -0.5760354 0.6199807 0.5327355 -0.5760354 0.6199807 0.5327355 -0.5760354 0.6199807 0.5327355 0.5760354 -0.6199807 -0.5327355 0.5760354 -0.6199807 -0.5327355 0.5760354 -0.6199807 -0.5327355 0.47541 0.1300104 -0.870105 0.47541 0.1300104 -0.870105 0.47541 0.1300104 -0.870105 -0.47541 -0.1300104 0.870105 -0.47541 -0.1300104 0.870105 -0.47541 -0.1300104 0.870105 0.3598006 0.4216856 -0.8323009 0.3598006 0.4216856 -0.8323009 0.3598006 0.4216856 -0.8323009 -0.3598006 -0.4216856 0.8323009 -0.3598006 -0.4216856 0.8323009 -0.3598006 -0.4216856 0.8323009 0.5798209 0.2552174 -0.7737388 0.5798209 0.2552174 -0.7737388 0.5798209 0.2552174 -0.7737388 -0.5798209 -0.2552174 0.7737388 -0.5798209 -0.2552174 0.7737388 -0.5798209 -0.2552174 0.7737388 -0.525427 0.2910327 0.7995164 -0.525427 0.2910327 0.7995164 -0.525427 0.2910327 0.7995164 0.525427 -0.2910327 -0.7995164 0.525427 -0.2910327 -0.7995164 0.525427 -0.2910327 -0.7995164 -0.4498076 0.01255992 0.8930372 -0.4498076 0.01255992 0.8930372 -0.4498076 0.01255992 0.8930372 0.4498076 -0.01255992 -0.8930372 0.4498076 -0.01255992 -0.8930372 0.4498076 -0.01255992 -0.8930372 -0.4254011 -0.1058816 0.8987897 -0.4254011 -0.1058816 0.8987897 -0.4254011 -0.1058816 0.8987897 0.4254011 0.1058816 -0.8987897 0.4254011 0.1058816 -0.8987897 0.4254011 0.1058816 -0.8987897 0.3806323 0.4932372 -0.7821995 0.3806323 0.4932372 -0.7821995 0.3806323 0.4932372 -0.7821995 -0.3806323 -0.4932372 0.7821995 -0.3806323 -0.4932372 0.7821995 -0.3806323 -0.4932372 0.7821995 0.3230997 0.7811464 -0.5342443 0.3230997 0.7811464 -0.5342443 0.3230997 0.7811464 -0.5342443 -0.3230997 -0.7811464 0.5342443 -0.3230997 -0.7811464 0.5342443 -0.3230997 -0.7811464 0.5342443 0.1515254 0.9879378 -0.03192111 0.1515254 0.9879378 -0.03192111 0.1515254 0.9879378 -0.03192111 -0.1515254 -0.9879378 0.03192111 -0.1515254 -0.9879378 0.03192111 -0.1515254 -0.9879378 0.03192111 0.1691757 0.9812881 -0.0919411 0.1691757 0.9812881 -0.0919411 0.1691757 0.9812881 -0.0919411 -0.1691757 -0.9812881 0.0919411 -0.1691757 -0.9812881 0.0919411 -0.1691757 -0.9812881 0.0919411 0.2127536 0.9512694 -0.2232096 0.2127536 0.9512694 -0.2232096 0.2127536 0.9512694 -0.2232096 -0.2127536 -0.9512694 0.2232096 -0.2127536 -0.9512694 0.2232096 -0.2127536 -0.9512694 0.2232096 0.3044137 0.8196921 -0.4852186 0.3044137 0.8196921 -0.4852186 0.3044137 0.8196921 -0.4852186 -0.3044137 -0.8196921 0.4852186 -0.3044137 -0.8196921 0.4852186 -0.3044137 -0.8196921 0.4852186 0.08499612 0.9854482 0.1471986 0.08499612 0.9854482 0.1471986 0.08499612 0.9854482 0.1471986 -0.08499612 -0.9854482 -0.1471986 -0.08499612 -0.9854482 -0.1471986 -0.08499612 -0.9854482 -0.1471986 -0.4980537 0.4295628 0.7532718 -0.4980537 0.4295628 0.7532718 -0.4980537 0.4295628 0.7532718 0.4980537 -0.4295628 -0.7532718 0.4980537 -0.4295628 -0.7532718 0.4980537 -0.4295628 -0.7532718 0.4812616 0.1061166 -0.8701302 0.4812616 0.1061166 -0.8701302 0.4812616 0.1061166 -0.8701302 -0.4812616 -0.1061166 0.8701302 -0.4812616 -0.1061166 0.8701302 -0.4812616 -0.1061166 0.8701302 0.5899325 0.2747333 -0.7592768 0.5899325 0.2747333 -0.7592768 0.5899325 0.2747333 -0.7592768 -0.5899325 -0.2747333 0.7592768 -0.5899325 -0.2747333 0.7592768 -0.5899325 -0.2747333 0.7592768 0.6506499 0.1916949 -0.7347842 0.6506499 0.1916949 -0.7347842 0.6506499 0.1916949 -0.7347842 -0.6506499 -0.1916949 0.7347842 -0.6506499 -0.1916949 0.7347842 -0.6506499 -0.1916949 0.7347842 -0.5331999 0.2860441 0.7961637 -0.5331999 0.2860441 0.7961637 -0.5331999 0.2860441 0.7961637 0.5331999 -0.2860441 -0.7961637 0.5331999 -0.2860441 -0.7961637 0.5331999 -0.2860441 -0.7961637 -0.3822865 0.04898882 0.9227444 -0.3822865 0.04898882 0.9227444 -0.3822865 0.04898882 0.9227444 0.3822865 -0.04898882 -0.9227444 0.3822865 -0.04898882 -0.9227444 0.3822865 -0.04898882 -0.9227444 -0.3342382 -0.1744919 0.9261951 -0.3342382 -0.1744919 0.9261951 -0.3342382 -0.1744919 0.9261951 0.3342382 0.1744919 -0.9261951 0.3342382 0.1744919 -0.9261951 0.3342382 0.1744919 -0.9261951 0.4559953 0.5267225 -0.7173783 0.4559953 0.5267225 -0.7173783 0.4559953 0.5267225 -0.7173783 -0.4559953 -0.5267225 0.7173783 -0.4559953 -0.5267225 0.7173783 -0.4559953 -0.5267225 0.7173783 0.4466564 0.7409248 -0.5015262 0.4466564 0.7409248 -0.5015262 0.4466564 0.7409248 -0.5015262 -0.4466564 -0.7409248 0.5015262 -0.4466564 -0.7409248 0.5015262 -0.4466564 -0.7409248 0.5015262 0.1271472 0.9905228 -0.05194376 0.1271472 0.9905228 -0.05194376 0.1271472 0.9905228 -0.05194376 -0.1271472 -0.9905228 0.05194376 -0.1271472 -0.9905228 0.05194376 -0.1271472 -0.9905228 0.05194376 0.2201364 0.9725394 -0.07554554 0.2201364 0.9725394 -0.07554554 0.2201364 0.9725394 -0.07554554 -0.2201364 -0.9725394 0.07554554 -0.2201364 -0.9725394 0.07554554 -0.2201364 -0.9725394 0.07554554 0.2580371 0.9426158 -0.2118779 0.2580371 0.9426158 -0.2118779 0.2580371 0.9426158 -0.2118779 -0.2580371 -0.9426158 0.2118779 -0.2580371 -0.9426158 0.2118779 -0.2580371 -0.9426158 0.2118779 0.3514398 0.8656966 -0.356454 0.3514398 0.8656966 -0.356454 0.3514398 0.8656966 -0.356454 -0.3514398 -0.8656966 0.356454 -0.3514398 -0.8656966 0.356454 -0.3514398 -0.8656966 0.356454 0.06963172 0.9889282 0.1310437 0.06963172 0.9889282 0.1310437 0.06963172 0.9889282 0.1310437 -0.06963172 -0.9889282 -0.1310437 -0.06963172 -0.9889282 -0.1310437 -0.06963172 -0.9889282 -0.1310437 0.5995787 0.1114482 -0.792518 0.5995787 0.1114482 -0.792518 0.5995787 0.1114482 -0.792518 -0.5995787 -0.1114482 0.792518 -0.5995787 -0.1114482 0.792518 -0.5995787 -0.1114482 0.792518 0.7554371 0.3025475 -0.5811883 0.7554371 0.3025475 -0.5811883 0.7554371 0.3025475 -0.5811883 -0.7554371 -0.3025475 0.5811883 -0.7554371 -0.3025475 0.5811883 -0.7554371 -0.3025475 0.5811883 0.8090656 0.1864322 -0.5573651 0.8090656 0.1864322 -0.5573651 0.8090656 0.1864322 -0.5573651 -0.8090656 -0.1864322 0.5573651 -0.8090656 -0.1864322 0.5573651 -0.8090656 -0.1864322 0.5573651 -0.3664345 0.1816473 0.9125404 -0.3664345 0.1816473 0.9125404 -0.3664345 0.1816473 0.9125404 0.3664345 -0.1816473 -0.9125404 0.3664345 -0.1816473 -0.9125404 0.3664345 -0.1816473 -0.9125404 -0.3620544 0.08417268 0.9283488 -0.3620544 0.08417268 0.9283488 -0.3620544 0.08417268 0.9283488 0.3620544 -0.08417268 -0.9283488 0.3620544 -0.08417268 -0.9283488 0.3620544 -0.08417268 -0.9283488 -0.2605382 -0.05905405 0.9636558 -0.2605382 -0.05905405 0.9636558 -0.2605382 -0.05905405 0.9636558 0.2605382 0.05905405 -0.9636558 0.2605382 0.05905405 -0.9636558 0.2605382 0.05905405 -0.9636558 0.7714677 0.4293143 -0.4696028 0.7714677 0.4293143 -0.4696028 0.7714677 0.4293143 -0.4696028 -0.7714677 -0.4293143 0.4696028 -0.7714677 -0.4293143 0.4696028 -0.7714677 -0.4293143 0.4696028 0.6651678 0.7174381 -0.2069644 0.6651678 0.7174381 -0.2069644 0.6651678 0.7174381 -0.2069644 -0.6651678 -0.7174381 0.2069644 -0.6651678 -0.7174381 0.2069644 -0.6651678 -0.7174381 0.2069644 0.2540189 0.954963 0.1533628 0.2540189 0.954963 0.1533628 0.2540189 0.954963 0.1533628 -0.2540189 -0.954963 -0.1533628 -0.2540189 -0.954963 -0.1533628 -0.2540189 -0.954963 -0.1533628 0.2016732 0.9733801 -0.1088998 0.2016732 0.9733801 -0.1088998 0.2016732 0.9733801 -0.1088998 -0.2016732 -0.9733801 0.1088998 -0.2016732 -0.9733801 0.1088998 -0.2016732 -0.9733801 0.1088998 0.2781929 0.9516369 -0.1303684 0.2781929 0.9516369 -0.1303684 0.2781929 0.9516369 -0.1303684 -0.2781929 -0.9516369 0.1303684 -0.2781929 -0.9516369 0.1303684 -0.2781929 -0.9516369 0.1303684 0.2731237 0.946801 -0.1702098 0.2731237 0.946801 -0.1702098 0.2731237 0.946801 -0.1702098 -0.2731237 -0.946801 0.1702098 -0.2731237 -0.946801 0.1702098 -0.2731237 -0.946801 0.1702098 0.333267 0.9019763 -0.2745395 0.333267 0.9019763 -0.2745395 0.333267 0.9019763 -0.2745395 -0.333267 -0.9019763 0.2745395 -0.333267 -0.9019763 0.2745395 -0.333267 -0.9019763 0.2745395 0.5098602 0.8307357 -0.2234295 0.5098602 0.8307357 -0.2234295 0.5098602 0.8307357 -0.2234295 -0.5098602 -0.8307357 0.2234295 -0.5098602 -0.8307357 0.2234295 -0.5098602 -0.8307357 0.2234295 0.2162897 0.9612073 0.1711707 0.2162897 0.9612073 0.1711707 0.2162897 0.9612073 0.1711707 -0.2162897 -0.9612073 -0.1711707 -0.2162897 -0.9612073 -0.1711707 -0.2162897 -0.9612073 -0.1711707 0.7192757 0.0460458 -0.6931971 0.7192757 0.0460458 -0.6931971 0.7192757 0.0460458 -0.6931971 -0.7192757 -0.0460458 0.6931971 -0.7192757 -0.0460458 0.6931971 -0.7192757 -0.0460458 0.6931971 0.8515335 0.1336494 -0.5069798 0.8515335 0.1336494 -0.5069798 0.8515335 0.1336494 -0.5069798 -0.8515335 -0.1336494 0.5069798 -0.8515335 -0.1336494 0.5069798 -0.8515335 -0.1336494 0.5069798 0.8022748 0.475158 -0.3613585 0.8022748 0.475158 -0.3613585 0.8022748 0.475158 -0.3613585 -0.8022748 -0.475158 0.3613585 -0.8022748 -0.475158 0.3613585 -0.8022748 -0.475158 0.3613585 0.7241141 0.6558992 -0.2132021 0.7241141 0.6558992 -0.2132021 0.7241141 0.6558992 -0.2132021 -0.7241141 -0.6558992 0.2132021 -0.7241141 -0.6558992 0.2132021 -0.7241141 -0.6558992 0.2132021 0.6340822 0.7517215 -0.1812582 0.6340822 0.7517215 -0.1812582 0.6340822 0.7517215 -0.1812582 -0.6340822 -0.7517215 0.1812582 -0.6340822 -0.7517215 0.1812582 -0.6340822 -0.7517215 0.1812582 0.3287435 0.9348673 0.133981 0.3287435 0.9348673 0.133981 0.3287435 0.9348673 0.133981 -0.3287435 -0.9348673 -0.133981 -0.3287435 -0.9348673 -0.133981 -0.3287435 -0.9348673 -0.133981 0.2460046 0.9556515 0.1619011 0.2460046 0.9556515 0.1619011 0.2460046 0.9556515 0.1619011 -0.2460046 -0.9556515 -0.1619011 -0.2460046 -0.9556515 -0.1619011 -0.2460046 -0.9556515 -0.1619011 0.4085755 0.9106308 0.06178707 0.4085755 0.9106308 0.06178707 0.4085755 0.9106308 0.06178707 -0.4085755 -0.9106308 -0.06178707 -0.4085755 -0.9106308 -0.06178707 -0.4085755 -0.9106308 -0.06178707 0.4106177 0.9108208 -0.04241095 0.4106177 0.9108208 -0.04241095 0.4106177 0.9108208 -0.04241095 -0.4106177 -0.9108208 0.04241095 -0.4106177 -0.9108208 0.04241095 -0.4106177 -0.9108208 0.04241095 0.4103058 0.9107992 -0.04575997 0.4103058 0.9107992 -0.04575997 0.4103058 0.9107992 -0.04575997 -0.4103058 -0.9107992 0.04575997 -0.4103058 -0.9107992 0.04575997 -0.4103058 -0.9107992 0.04575997 0.4487468 0.8700714 -0.2039659 0.4487468 0.8700714 -0.2039659 0.4487468 0.8700714 -0.2039659 -0.4487468 -0.8700714 0.2039659 -0.4487468 -0.8700714 0.2039659 -0.4487468 -0.8700714 0.2039659 0.8501753 0.2110783 -0.482336 0.8501753 0.2110783 -0.482336 0.8501753 0.2110783 -0.482336 -0.8501753 -0.2110783 0.482336 -0.8501753 -0.2110783 0.482336 -0.8501753 -0.2110783 0.482336 0.9325639 0.1420851 -0.331868 0.9325639 0.1420851 -0.331868 0.9325639 0.1420851 -0.331868 -0.9325639 -0.1420851 0.331868 -0.9325639 -0.1420851 0.331868 -0.9325639 -0.1420851 0.331868 0.9488489 0.2765061 -0.1524141 0.9488489 0.2765061 -0.1524141 0.9488489 0.2765061 -0.1524141 -0.9488489 -0.2765061 0.1524141 -0.9488489 -0.2765061 0.1524141 -0.9488489 -0.2765061 0.1524141 0.6384372 0.7664668 -0.07018961 0.6384372 0.7664668 -0.07018961 0.6384372 0.7664668 -0.07018961 -0.6384372 -0.7664668 0.07018961 -0.6384372 -0.7664668 0.07018961 -0.6384372 -0.7664668 0.07018961 0.432723 0.86898 0.2400511 0.432723 0.86898 0.2400511 0.432723 0.86898 0.2400511 -0.432723 -0.86898 -0.2400511 -0.432723 -0.86898 -0.2400511 -0.432723 -0.86898 -0.2400511 0.3548355 0.927553 0.1172062 0.3548355 0.927553 0.1172062 0.3548355 0.927553 0.1172062 -0.3548355 -0.927553 -0.1172062 -0.3548355 -0.927553 -0.1172062 -0.3548355 -0.927553 -0.1172062 0.3532265 0.8620012 0.3635726 0.3532265 0.8620012 0.3635726 0.3532265 0.8620012 0.3635726 -0.3532265 -0.8620012 -0.3635726 -0.3532265 -0.8620012 -0.3635726 -0.3532265 -0.8620012 -0.3635726 0.4084155 0.9118233 0.04213095 0.4084155 0.9118233 0.04213095 0.4084155 0.9118233 0.04213095 -0.4084155 -0.9118233 -0.04213095 -0.4084155 -0.9118233 -0.04213095 -0.4084155 -0.9118233 -0.04213095 0.4338145 0.9009956 0.003437916 0.4338145 0.9009956 0.003437916 0.4338145 0.9009956 0.003437916 -0.4338145 -0.9009956 -0.003437916 -0.4338145 -0.9009956 -0.003437916 -0.4338145 -0.9009956 -0.003437916 0.4093543 0.4668797 -0.7838702 0.4093543 0.4668797 -0.7838702 0.4093543 0.4668797 -0.7838702 -0.4093543 -0.4668797 0.7838702 -0.4093543 -0.4668797 0.7838702 -0.4093543 -0.4668797 0.7838702 0.955822 0.270111 -0.1159497 0.955822 0.270111 -0.1159497 0.955822 0.270111 -0.1159497 -0.955822 -0.270111 0.1159497 -0.955822 -0.270111 0.1159497 -0.955822 -0.270111 0.1159497 0.8522994 0.5200621 0.05586607 0.8522994 0.5200621 0.05586607 0.8522994 0.5200621 0.05586607 -0.8522994 -0.5200621 -0.05586607 -0.8522994 -0.5200621 -0.05586607 -0.8522994 -0.5200621 -0.05586607 0.6141619 0.7886684 -0.0284149 0.6141619 0.7886684 -0.0284149 0.6141619 0.7886684 -0.0284149 -0.6141619 -0.7886684 0.0284149 -0.6141619 -0.7886684 0.0284149 -0.6141619 -0.7886684 0.0284149 0.4699152 0.8516268 0.2321885 0.4699152 0.8516268 0.2321885 0.4699152 0.8516268 0.2321885 -0.4699152 -0.8516268 -0.2321885 -0.4699152 -0.8516268 -0.2321885 -0.4699152 -0.8516268 -0.2321885 0.4606949 0.8663562 0.1928398 0.4606949 0.8663562 0.1928398 0.4606949 0.8663562 0.1928398 -0.4606949 -0.8663562 -0.1928398 -0.4606949 -0.8663562 -0.1928398 -0.4606949 -0.8663562 -0.1928398 0.3543648 0.8172953 0.4543721 0.3543648 0.8172953 0.4543721 0.3543648 0.8172953 0.4543721 -0.3543648 -0.8172953 -0.4543721 -0.3543648 -0.8172953 -0.4543721 -0.3543648 -0.8172953 -0.4543721 0.5371745 0.8303383 0.1482631 0.5371745 0.8303383 0.1482631 0.5371745 0.8303383 0.1482631 -0.5371745 -0.8303383 -0.1482631 -0.5371745 -0.8303383 -0.1482631 -0.5371745 -0.8303383 -0.1482631 0.4915494 0.2937296 -0.8198183 0.4915494 0.2937296 -0.8198183 0.4915494 0.2937296 -0.8198183 -0.4915494 -0.2937296 0.8198183 -0.4915494 -0.2937296 0.8198183 -0.4915494 -0.2937296 0.8198183 0.478558 0.6926667 -0.5396249 0.478558 0.6926667 -0.5396249 0.478558 0.6926667 -0.5396249 -0.478558 -0.6926667 0.5396249 -0.478558 -0.6926667 0.5396249 -0.478558 -0.6926667 0.5396249 0.9504495 0.3089125 -0.03491038 0.9504495 0.3089125 -0.03491038 0.9504495 0.3089125 -0.03491038 -0.9504495 -0.3089125 0.03491038 -0.9504495 -0.3089125 0.03491038 -0.9504495 -0.3089125 0.03491038 0.3531071 0.8092861 -0.4694372 0.3531071 0.8092861 -0.4694372 0.3531071 0.8092861 -0.4694372 -0.3531071 -0.8092861 0.4694372 -0.3531071 -0.8092861 0.4694372 -0.3531071 -0.8092861 0.4694372 0.6857967 0.7236454 0.07759065 0.6857967 0.7236454 0.07759065 0.6857967 0.7236454 0.07759065 -0.6857967 -0.7236454 -0.07759065 -0.6857967 -0.7236454 -0.07759065 -0.6857967 -0.7236454 -0.07759065 0.8484912 0.5263397 0.05503769 0.8484912 0.5263397 0.05503769 0.8484912 0.5263397 0.05503769 -0.8484912 -0.5263397 -0.05503769 -0.8484912 -0.5263397 -0.05503769 -0.8484912 -0.5263397 -0.05503769 0.6561143 0.752065 0.06254823 0.6561143 0.752065 0.06254823 0.6561143 0.752065 0.06254823 -0.6561143 -0.752065 -0.06254823 -0.6561143 -0.752065 -0.06254823 -0.6561143 -0.752065 -0.06254823 0.5765166 0.7511047 0.3216681 0.5765166 0.7511047 0.3216681 0.5765166 0.7511047 0.3216681 -0.5765166 -0.7511047 -0.3216681 -0.5765166 -0.7511047 -0.3216681 -0.5765166 -0.7511047 -0.3216681 0.5155313 0.8555381 0.04777122 0.5155313 0.8555381 0.04777122 0.5155313 0.8555381 0.04777122 -0.5155313 -0.8555381 -0.04777122 -0.5155313 -0.8555381 -0.04777122 -0.5155313 -0.8555381 -0.04777122 0.527428 0.6864624 0.5005886 0.527428 0.6864624 0.5005886 0.527428 0.6864624 0.5005886 -0.527428 -0.6864624 -0.5005886 -0.527428 -0.6864624 -0.5005886 -0.527428 -0.6864624 -0.5005886 0.7462319 0.334765 -0.5753871 0.7462319 0.334765 -0.5753871 0.7462319 0.334765 -0.5753871 -0.7462319 -0.334765 0.5753871 -0.7462319 -0.334765 0.5753871 -0.7462319 -0.334765 0.5753871 0.5711602 0.7305256 -0.3743106 0.5711602 0.7305256 -0.3743106 0.5711602 0.7305256 -0.3743106 -0.5711602 -0.7305256 0.3743106 -0.5711602 -0.7305256 0.3743106 -0.5711602 -0.7305256 0.3743106 0.5951862 0.8017062 -0.0549605 0.5951862 0.8017062 -0.0549605 0.5951862 0.8017062 -0.0549605 -0.5951862 -0.8017062 0.0549605 -0.5951862 -0.8017062 0.0549605 -0.5951862 -0.8017062 0.0549605 0.6849735 0.7208918 -0.1054809 0.6849735 0.7208918 -0.1054809 0.6849735 0.7208918 -0.1054809 -0.6849735 -0.7208918 0.1054809 -0.6849735 -0.7208918 0.1054809 -0.6849735 -0.7208918 0.1054809 0.6903493 0.7168217 0.09790037 0.6903493 0.7168217 0.09790037 0.6903493 0.7168217 0.09790037 -0.6903493 -0.7168217 -0.09790037 -0.6903493 -0.7168217 -0.09790037 -0.6903493 -0.7168217 -0.09790037 0.8419615 0.5386478 0.03097254 0.8419615 0.5386478 0.03097254 0.8419615 0.5386478 0.03097254 -0.8419615 -0.5386478 -0.03097254 -0.8419615 -0.5386478 -0.03097254 -0.8419615 -0.5386478 -0.03097254 0.5892752 0.7017022 0.4004607 0.5892752 0.7017022 0.4004607 0.5892752 0.7017022 0.4004607 -0.5892752 -0.7017022 -0.4004607 -0.5892752 -0.7017022 -0.4004607 -0.5892752 -0.7017022 -0.4004607 0.6272734 0.7486665 0.214538 0.6272734 0.7486665 0.214538 0.6272734 0.7486665 0.214538 -0.6272734 -0.7486665 -0.214538 -0.6272734 -0.7486665 -0.214538 -0.6272734 -0.7486665 -0.214538 0.6233931 0.7599569 0.1839743 0.6233931 0.7599569 0.1839743 0.6233931 0.7599569 0.1839743 -0.6233931 -0.7599569 -0.1839743 -0.6233931 -0.7599569 -0.1839743 -0.6233931 -0.7599569 -0.1839743 0.475682 0.5138678 0.7139093 0.475682 0.5138678 0.7139093 0.475682 0.5138678 0.7139093 -0.475682 -0.5138678 -0.7139093 -0.475682 -0.5138678 -0.7139093 -0.475682 -0.5138678 -0.7139093 0.569913 0.6881617 0.4490352 0.569913 0.6881617 0.4490352 0.569913 0.6881617 0.4490352 -0.569913 -0.6881617 -0.4490352 -0.569913 -0.6881617 -0.4490352 -0.569913 -0.6881617 -0.4490352 0.5477804 0.7430272 -0.384509 0.5477804 0.7430272 -0.384509 0.5477804 0.7430272 -0.384509 -0.5477804 -0.7430272 0.384509 -0.5477804 -0.7430272 0.384509 -0.5477804 -0.7430272 0.384509 0.8255151 0.2065095 -0.5252415 0.8255151 0.2065095 -0.5252415 0.8255151 0.2065095 -0.5252415 -0.8255151 -0.2065095 0.5252415 -0.8255151 -0.2065095 0.5252415 -0.8255151 -0.2065095 0.5252415 0.3339314 0.9255975 -0.1782107 0.3339314 0.9255975 -0.1782107 0.3339314 0.9255975 -0.1782107 -0.3339314 -0.9255975 0.1782107 -0.3339314 -0.9255975 0.1782107 -0.3339314 -0.9255975 0.1782107 0.7120429 0.5914609 0.3783766 0.7120429 0.5914609 0.3783766 0.7120429 0.5914609 0.3783766 -0.7120429 -0.5914609 -0.3783766 -0.7120429 -0.5914609 -0.3783766 -0.7120429 -0.5914609 -0.3783766 0.7700296 0.6211673 0.1456216 0.7700296 0.6211673 0.1456216 0.7700296 0.6211673 0.1456216 -0.7700296 -0.6211673 -0.1456216 -0.7700296 -0.6211673 -0.1456216 -0.7700296 -0.6211673 -0.1456216 0.9101853 0.4072681 0.07546775 0.9101853 0.4072681 0.07546775 0.9101853 0.4072681 0.07546775 -0.9101853 -0.4072681 -0.07546775 -0.9101853 -0.4072681 -0.07546775 -0.9101853 -0.4072681 -0.07546775 0.8000043 0.493344 0.3414747 0.8000043 0.493344 0.3414747 0.8000043 0.493344 0.3414747 -0.8000043 -0.493344 -0.3414747 -0.8000043 -0.493344 -0.3414747 -0.8000043 -0.493344 -0.3414747 0.7630727 0.6217923 0.1763359 0.7630727 0.6217923 0.1763359 0.7630727 0.6217923 0.1763359 -0.7630727 -0.6217923 -0.1763359 -0.7630727 -0.6217923 -0.1763359 -0.7630727 -0.6217923 -0.1763359 0.4869446 0.4254344 0.7628175 0.4869446 0.4254344 0.7628175 0.4869446 0.4254344 0.7628175 -0.4869446 -0.4254344 -0.7628175 -0.4869446 -0.4254344 -0.7628175 -0.4869446 -0.4254344 -0.7628175 0.7086918 0.495293 0.5024349 0.7086918 0.495293 0.5024349 0.7086918 0.495293 0.5024349 -0.7086918 -0.495293 -0.5024349 -0.7086918 -0.495293 -0.5024349 -0.7086918 -0.495293 -0.5024349 0.7175332 0.6964078 -0.01273523 0.7175332 0.6964078 -0.01273523 0.7175332 0.6964078 -0.01273523 -0.7175332 -0.6964078 0.01273523 -0.7175332 -0.6964078 0.01273523 -0.7175332 -0.6964078 0.01273523 0.939451 0.342671 -0.002883117 0.939451 0.342671 -0.002883117 0.939451 0.342671 -0.002883117 -0.939451 -0.342671 0.002883117 -0.939451 -0.342671 0.002883117 -0.939451 -0.342671 0.002883117 0.5781951 0.7777384 0.2466038 0.5781951 0.7777384 0.2466038 0.5781951 0.7777384 0.2466038 -0.5781951 -0.7777384 -0.2466038 -0.5781951 -0.7777384 -0.2466038 -0.5781951 -0.7777384 -0.2466038 0.5464128 0.738238 0.3955221 0.5464128 0.738238 0.3955221 0.5464128 0.738238 0.3955221 -0.5464128 -0.738238 -0.3955221 -0.5464128 -0.738238 -0.3955221 -0.5464128 -0.738238 -0.3955221 0.6340918 0.2776321 0.721698 0.6340918 0.2776321 0.721698 0.6340918 0.2776321 0.721698 -0.6340918 -0.2776321 -0.721698 -0.6340918 -0.2776321 -0.721698 -0.6340918 -0.2776321 -0.721698 0.9496666 0.3089956 0.05152757 0.9496666 0.3089956 0.05152757 0.9496666 0.3089956 0.05152757 -0.9496666 -0.3089956 -0.05152757 -0.9496666 -0.3089956 -0.05152757 -0.9496666 -0.3089956 -0.05152757 0.7812081 0.2358495 0.5780043 0.7812081 0.2358495 0.5780043 0.7812081 0.2358495 0.5780043 -0.7812081 -0.2358495 -0.5780043 -0.7812081 -0.2358495 -0.5780043 -0.7812081 -0.2358495 -0.5780043 0.9332217 -0.3244447 0.1543794 0.9332217 -0.3244447 0.1543794 0.9332217 -0.3244447 0.1543794 -0.9332217 0.3244447 -0.1543794 -0.9332217 0.3244447 -0.1543794 -0.9332217 0.3244447 -0.1543794 0.734921 0.05840564 0.675633 0.734921 0.05840564 0.675633 0.734921 0.05840564 0.675633 -0.734921 -0.05840564 -0.675633 -0.734921 -0.05840564 -0.675633 -0.734921 -0.05840564 -0.675633 0.7967327 -0.3244604 0.5098455 0.7967327 -0.3244604 0.5098455 0.7967327 -0.3244604 0.5098455 -0.7967327 0.3244604 -0.5098455 -0.7967327 0.3244604 -0.5098455 -0.7967327 0.3244604 -0.5098455 0.8956383 -0.4423213 -0.04673214 0.8956383 -0.4423213 -0.04673214 0.8956383 -0.4423213 -0.04673214 -0.8956383 0.4423213 0.04673214 -0.8956383 0.4423213 0.04673214 -0.8956383 0.4423213 0.04673214 0.7517545 0.06007454 0.6567011 0.7517545 0.06007454 0.6567011 0.7517545 0.06007454 0.6567011 -0.7517545 -0.06007454 -0.6567011 -0.7517545 -0.06007454 -0.6567011 -0.7517545 -0.06007454 -0.6567011 0.6102945 -0.5087294 0.6072356 0.6102945 -0.5087294 0.6072356 0.6102945 -0.5087294 0.6072356 -0.6102945 0.5087294 -0.6072356 -0.6102945 0.5087294 -0.6072356 -0.6102945 0.5087294 -0.6072356 0.7080163 -0.7037833 -0.05832545 0.7080163 -0.7037833 -0.05832545 0.7080163 -0.7037833 -0.05832545 -0.7080163 0.7037833 0.05832545 -0.7080163 0.7037833 0.05832545 -0.7080163 0.7037833 0.05832545 0.5509521 -0.3936267 0.7358735 0.5509521 -0.3936267 0.7358735 0.5509521 -0.3936267 0.7358735 -0.5509521 0.3936267 -0.7358735 -0.5509521 0.3936267 -0.7358735 -0.5509521 0.3936267 -0.7358735 0.6310905 -0.5051121 0.5887161 0.6310905 -0.5051121 0.5887161 0.6310905 -0.5051121 0.5887161 -0.6310905 0.5051121 -0.5887161 -0.6310905 0.5051121 -0.5887161 -0.6310905 0.5051121 -0.5887161 0.6178015 -0.7696974 -0.1608952 0.6178015 -0.7696974 -0.1608952 0.6178015 -0.7696974 -0.1608952 -0.6178015 0.7696974 0.1608952 -0.6178015 0.7696974 0.1608952 -0.6178015 0.7696974 0.1608952 0.5427967 -0.3895038 0.7440824 0.5427967 -0.3895038 0.7440824 0.5427967 -0.3895038 0.7440824 -0.5427967 0.3895038 -0.7440824 -0.5427967 0.3895038 -0.7440824 -0.5427967 0.3895038 -0.7440824 0.3416271 -0.8358975 0.4296117 0.3416271 -0.8358975 0.4296117 0.3416271 -0.8358975 0.4296117 -0.3416271 0.8358975 -0.4296117 -0.3416271 0.8358975 -0.4296117 -0.3416271 0.8358975 -0.4296117 0.5068457 -0.8537645 -0.1191373 0.5068457 -0.8537645 -0.1191373 0.5068457 -0.8537645 -0.1191373 -0.5068457 0.8537645 0.1191373 -0.5068457 0.8537645 0.1191373 -0.5068457 0.8537645 0.1191373 0.6074855 -0.328584 0.7231832 0.6074855 -0.328584 0.7231832 0.6074855 -0.328584 0.7231832 -0.6074855 0.328584 -0.7231832 -0.6074855 0.328584 -0.7231832 -0.6074855 0.328584 -0.7231832 0.8310535 -0.5514083 0.07279413 0.8310535 -0.5514083 0.07279413 0.8310535 -0.5514083 0.07279413 -0.8310535 0.5514083 -0.07279413 -0.8310535 0.5514083 -0.07279413 -0.8310535 0.5514083 -0.07279413</float_array>
                    <technique_common>
                        <accessor count="2504" source="#ID13" stride="3">
                            <param name="X" type="float"/>
                            <param name="Y" type="float"/>
                            <param name="Z" type="float"/>
                        </accessor>
                    </technique_common>
                </source>
                <vertices id="ID9">
                    <input semantic="POSITION" source="#ID7"/>
                    <input semantic="NORMAL" source="#ID8"/>
                </vertices>
                <triangles count="418" material="Material2">
                    <input offset="0" semantic="VERTEX" source="#ID9"/>
                    <p>0 1 2 6 7 8 12 13 14 18 19 20 24 25 26 30 31 32 36 37 38 42 43 44 48 49 50 54 55 56 60 61 62 66 67 68 72 73 74 78 79 80 84 85 86 90 91 92 96 97 98 102 103 104 108 109 110 114 115 116 120 121 122 126 127 128 132 133 134 138 139 140 144 145 146 150 151 152 156 157 158 162 163 164 168 169 170 174 175 176 180 181 182 186 187 188 192 193 194 198 199 200 204 205 206 210 211 212 216 217 218 222 223 224 228 229 230 234 235 236 240 241 242 246 247 248 252 253 254 258 259 260 264 265 266 270 271 272 276 277 278 282 283 284 288 289 290 294 295 296 300 301 302 306 307 308 312 313 314 318 319 320 324 325 326 330 331 332 336 337 338 342 343 344 348 349 350 354 355 356 360 361 362 366 367 368 372 373 374 378 379 380 384 385 386 390 391 392 396 397 398 402 403 404 408 409 410 414 415 416 420 421 422 426 427 428 432 433 434 438 439 440 444 445 446 450 451 452 456 457 458 462 463 464 468 469 470 474 475 476 480 481 482 486 487 488 492 493 494 498 499 500 504 505 506 510 511 512 516 517 518 522 523 524 528 529 530 534 535 536 540 541 542 546 547 548 552 553 554 558 559 560 564 565 566 570 571 572 576 577 578 582 583 584 588 589 590 594 595 596 600 601 602 606 607 608 612 613 614 618 619 620 624 625 626 630 631 632 636 637 638 642 643 644 648 649 650 654 655 656 660 661 662 666 667 668 672 673 674 678 679 680 684 685 686 690 691 692 696 697 698 702 703 704 708 709 710 714 715 716 720 721 722 726 727 728 732 733 734 738 739 740 744 745 746 750 751 752 756 757 758 762 763 764 768 769 770 774 775 776 780 781 782 786 787 788 792 793 794 798 799 800 804 805 806 810 811 812 816 817 818 822 823 824 828 829 830 834 835 836 840 841 842 846 847 848 852 853 854 858 859 860 864 865 866 870 871 872 876 877 878 882 883 884 888 889 890 894 895 896 900 901 902 906 907 908 912 913 914 918 919 920 924 925 926 930 931 932 936 937 938 942 943 944 948 949 950 954 955 956 960 961 962 966 967 968 972 973 974 978 979 980 984 985 986 990 991 992 996 997 998 1002 1003 1004 1008 1009 1010 1014 1015 1016 1020 1021 1022 1026 1027 1028 1032 1033 1034 1038 1039 1040 1044 1045 1046 1050 1051 1052 1056 1057 1058 1062 1063 1064 1068 1069 1070 1074 1075 1076 1080 1081 1082 1086 1087 1088 1092 1093 1094 1098 1099 1100 1104 1105 1106 1110 1111 1112 1116 1117 1118 1122 1123 1124 1128 1129 1130 1134 1135 1136 1140 1141 1142 1146 1147 1148 1152 1153 1154 1158 1159 1160 1164 1165 1166 1170 1171 1172 1176 1177 1178 1182 1183 1184 1188 1189 1190 1194 1195 1196 1200 1201 1202 1206 1207 1208 1212 1213 1214 1218 1219 1220 1224 1225 1226 1230 1231 1232 1236 1237 1238 1242 1243 1244 1248 1249 1250 1254 1255 1256 1260 1261 1262 1266 1267 1268 1272 1273 1274 1278 1279 1280 1284 1285 1286 1290 1291 1292 1296 1297 1298 1302 1303 1304 1308 1309 1310 1314 1315 1316 1320 1321 1322 1326 1327 1328 1332 1333 1334 1338 1339 1340 1344 1345 1346 1350 1351 1352 1356 1357 1358 1362 1363 1364 1368 1369 1370 1374 1375 1376 1380 1381 1382 1386 1387 1388 1392 1393 1394 1398 1399 1400 1404 1405 1406 1410 1411 1412 1416 1417 1418 1422 1423 1424 1428 1429 1430 1434 1435 1436 1440 1441 1442 1446 1447 1448 1452 1453 1454 1458 1459 1460 1464 1465 1466 1470 1471 1472 1476 1477 1478 1482 1483 1484 1488 1489 1490 1494 1495 1496 1500 1501 1502 1506 1507 1508 1512 1513 1514 1518 1519 1520 1524 1525 1526 1530 1531 1532 1536 1537 1538 1542 1543 1544 1548 1549 1550 1549 1548 1551 1556 1557 1558 1562 1563 1564 1568 1569 1570 1574 1575 1576 1580 1581 1582 1586 1587 1588 1592 1593 1594 1598 1599 1600 1604 1605 1606 1610 1611 1612 1616 1617 1618 1622 1623 1624 1628 1629 1630 1634 1635 1636 1640 1641 1642 1646 1647 1648 1652 1653 1654 1658 1659 1660 1664 1665 1666 1670 1671 1672 1676 1677 1678 1682 1683 1684 1688 1689 1690 1694 1695 1696 1700 1701 1702 1706 1707 1708 1712 1713 1714 1718 1719 1720 1724 1725 1726 1730 1731 1732 1736 1737 1738 1742 1743 1744 1748 1749 1750 1754 1755 1756 1760 1761 1762 1766 1767 1768 1772 1773 1774 1778 1779 1780 1784 1785 1786 1790 1791 1792 1796 1797 1798 1802 1803 1804 1808 1809 1810 1814 1815 1816 1820 1821 1822 1826 1827 1828 1832 1833 1834 1838 1839 1840 1844 1845 1846 1850 1851 1852 1856 1857 1858 1862 1863 1864 1868 1869 1870 1874 1875 1876 1880 1881 1882 1886 1887 1888 1892 1893 1894 1898 1899 1900 1904 1905 1906 1910 1911 1912 1916 1917 1918 1922 1923 1924 1928 1929 1930 1934 1935 1936 1940 1941 1942 1946 1947 1948 1952 1953 1954 1958 1959 1960 1964 1965 1966 1970 1971 1972 1976 1977 1978 1982 1983 1984 1988 1989 1990 1994 1995 1996 2000 2001 2002 2006 2007 2008 2012 2013 2014 2018 2019 2020 2024 2025 2026 2030 2031 2032 2036 2037 2038 2042 2043 2044 2048 2049 2050 2054 2055 2056 2060 2061 2062 2066 2067 2068 2072 2073 2074 2078 2079 2080 2084 2085 2086 2090 2091 2092 2096 2097 2098 2102 2103 2104 2108 2109 2110 2114 2115 2116 2120 2121 2122 2126 2127 2128 2132 2133 2134 2138 2139 2140 2144 2145 2146 2150 2151 2152 2156 2157 2158 2162 2163 2164 2168 2169 2170 2174 2175 2176 2180 2181 2182 2186 2187 2188 2192 2193 2194 2198 2199 2200 2204 2205 2206 2210 2211 2212 2216 2217 2218 2222 2223 2224 2228 2229 2230 2234 2235 2236 2240 2241 2242 2246 2247 2248 2252 2253 2254 2258 2259 2260 2264 2265 2266 2270 2271 2272 2276 2277 2278 2282 2283 2284 2288 2289 2290 2294 2295 2296 2300 2301 2302 2306 2307 2308 2312 2313 2314 2318 2319 2320 2324 2325 2326 2330 2331 2332 2336 2337 2338 2342 2343 2344 2348 2349 2350 2354 2355 2356 2360 2361 2362 2366 2367 2368 2372 2373 2374 2378 2379 2380 2384 2385 2386 2390 2391 2392 2396 2397 2398 2402 2403 2404 2408 2409 2410 2414 2415 2416 2420 2421 2422 2426 2427 2428 2432 2433 2434 2438 2439 2440 2444 2445 2446 2450 2451 2452 2456 2457 2458 2462 2463 2464 2468 2469 2470 2474 2475 2476 2480 2481 2482 2486 2487 2488 2492 2493 2494 2498 2499 2500</p>
                </triangles>
                <triangles count="418" material="Material3">
                    <input offset="0" semantic="VERTEX" source="#ID9"/>
                    <p>3 4 5 9 10 11 15 16 17 21 22 23 27 28 29 33 34 35 39 40 41 45 46 47 51 52 53 57 58 59 63 64 65 69 70 71 75 76 77 81 82 83 87 88 89 93 94 95 99 100 101 105 106 107 111 112 113 117 118 119 123 124 125 129 130 131 135 136 137 141 142 143 147 148 149 153 154 155 159 160 161 165 166 167 171 172 173 177 178 179 183 184 185 189 190 191 195 196 197 201 202 203 207 208 209 213 214 215 219 220 221 225 226 227 231 232 233 237 238 239 243 244 245 249 250 251 255 256 257 261 262 263 267 268 269 273 274 275 279 280 281 285 286 287 291 292 293 297 298 299 303 304 305 309 310 311 315 316 317 321 322 323 327 328 329 333 334 335 339 340 341 345 346 347 351 352 353 357 358 359 363 364 365 369 370 371 375 376 377 381 382 383 387 388 389 393 394 395 399 400 401 405 406 407 411 412 413 417 418 419 423 424 425 429 430 431 435 436 437 441 442 443 447 448 449 453 454 455 459 460 461 465 466 467 471 472 473 477 478 479 483 484 485 489 490 491 495 496 497 501 502 503 507 508 509 513 514 515 519 520 521 525 526 527 531 532 533 537 538 539 543 544 545 549 550 551 555 556 557 561 562 563 567 568 569 573 574 575 579 580 581 585 586 587 591 592 593 597 598 599 603 604 605 609 610 611 615 616 617 621 622 623 627 628 629 633 634 635 639 640 641 645 646 647 651 652 653 657 658 659 663 664 665 669 670 671 675 676 677 681 682 683 687 688 689 693 694 695 699 700 701 705 706 707 711 712 713 717 718 719 723 724 725 729 730 731 735 736 737 741 742 743 747 748 749 753 754 755 759 760 761 765 766 767 771 772 773 777 778 779 783 784 785 789 790 791 795 796 797 801 802 803 807 808 809 813 814 815 819 820 821 825 826 827 831 832 833 837 838 839 843 844 845 849 850 851 855 856 857 861 862 863 867 868 869 873 874 875 879 880 881 885 886 887 891 892 893 897 898 899 903 904 905 909 910 911 915 916 917 921 922 923 927 928 929 933 934 935 939 940 941 945 946 947 951 952 953 957 958 959 963 964 965 969 970 971 975 976 977 981 982 983 987 988 989 993 994 995 999 1000 1001 1005 1006 1007 1011 1012 1013 1017 1018 1019 1023 1024 1025 1029 1030 1031 1035 1036 1037 1041 1042 1043 1047 1048 1049 1053 1054 1055 1059 1060 1061 1065 1066 1067 1071 1072 1073 1077 1078 1079 1083 1084 1085 1089 1090 1091 1095 1096 1097 1101 1102 1103 1107 1108 1109 1113 1114 1115 1119 1120 1121 1125 1126 1127 1131 1132 1133 1137 1138 1139 1143 1144 1145 1149 1150 1151 1155 1156 1157 1161 1162 1163 1167 1168 1169 1173 1174 1175 1179 1180 1181 1185 1186 1187 1191 1192 1193 1197 1198 1199 1203 1204 1205 1209 1210 1211 1215 1216 1217 1221 1222 1223 1227 1228 1229 1233 1234 1235 1239 1240 1241 1245 1246 1247 1251 1252 1253 1257 1258 1259 1263 1264 1265 1269 1270 1271 1275 1276 1277 1281 1282 1283 1287 1288 1289 1293 1294 1295 1299 1300 1301 1305 1306 1307 1311 1312 1313 1317 1318 1319 1323 1324 1325 1329 1330 1331 1335 1336 1337 1341 1342 1343 1347 1348 1349 1353 1354 1355 1359 1360 1361 1365 1366 1367 1371 1372 1373 1377 1378 1379 1383 1384 1385 1389 1390 1391 1395 1396 1397 1401 1402 1403 1407 1408 1409 1413 1414 1415 1419 1420 1421 1425 1426 1427 1431 1432 1433 1437 1438 1439 1443 1444 1445 1449 1450 1451 1455 1456 1457 1461 1462 1463 1467 1468 1469 1473 1474 1475 1479 1480 1481 1485 1486 1487 1491 1492 1493 1497 1498 1499 1503 1504 1505 1509 1510 1511 1515 1516 1517 1521 1522 1523 1527 1528 1529 1533 1534 1535 1539 1540 1541 1545 1546 1547 1552 1553 1554 1555 1554 1553 1559 1560 1561 1565 1566 1567 1571 1572 1573 1577 1578 1579 1583 1584 1585 1589 1590 1591 1595 1596 1597 1601 1602 1603 1607 1608 1609 1613 1614 1615 1619 1620 1621 1625 1626 1627 1631 1632 1633 1637 1638 1639 1643 1644 1645 1649 1650 1651 1655 1656 1657 1661 1662 1663 1667 1668 1669 1673 1674 1675 1679 1680 1681 1685 1686 1687 1691 1692 1693 1697 1698 1699 1703 1704 1705 1709 1710 1711 1715 1716 1717 1721 1722 1723 1727 1728 1729 1733 1734 1735 1739 1740 1741 1745 1746 1747 1751 1752 1753 1757 1758 1759 1763 1764 1765 1769 1770 1771 1775 1776 1777 1781 1782 1783 1787 1788 1789 1793 1794 1795 1799 1800 1801 1805 1806 1807 1811 1812 1813 1817 1818 1819 1823 1824 1825 1829 1830 1831 1835 1836 1837 1841 1842 1843 1847 1848 1849 1853 1854 1855 1859 1860 1861 1865 1866 1867 1871 1872 1873 1877 1878 1879 1883 1884 1885 1889 1890 1891 1895 1896 1897 1901 1902 1903 1907 1908 1909 1913 1914 1915 1919 1920 1921 1925 1926 1927 1931 1932 1933 1937 1938 1939 1943 1944 1945 1949 1950 1951 1955 1956 1957 1961 1962 1963 1967 1968 1969 1973 1974 1975 1979 1980 1981 1985 1986 1987 1991 1992 1993 1997 1998 1999 2003 2004 2005 2009 2010 2011 2015 2016 2017 2021 2022 2023 2027 2028 2029 2033 2034 2035 2039 2040 2041 2045 2046 2047 2051 2052 2053 2057 2058 2059 2063 2064 2065 2069 2070 2071 2075 2076 2077 2081 2082 2083 2087 2088 2089 2093 2094 2095 2099 2100 2101 2105 2106 2107 2111 2112 2113 2117 2118 2119 2123 2124 2125 2129 2130 2131 2135 2136 2137 2141 2142 2143 2147 2148 2149 2153 2154 2155 2159 2160 2161 2165 2166 2167 2171 2172 2173 2177 2178 2179 2183 2184 2185 2189 2190 2191 2195 2196 2197 2201 2202 2203 2207 2208 2209 2213 2214 2215 2219 2220 2221 2225 2226 2227 2231 2232 2233 2237 2238 2239 2243 2244 2245 2249 2250 2251 2255 2256 2257 2261 2262 2263 2267 2268 2269 2273 2274 2275 2279 2280 2281 2285 2286 2287 2291 2292 2293 2297 2298 2299 2303 2304 2305 2309 2310 2311 2315 2316 2317 2321 2322 2323 2327 2328 2329 2333 2334 2335 2339 2340 2341 2345 2346 2347 2351 2352 2353 2357 2358 2359 2363 2364 2365 2369 2370 2371 2375 2376 2377 2381 2382 2383 2387 2388 2389 2393 2394 2395 2399 2400 2401 2405 2406 2407 2411 2412 2413 2417 2418 2419 2423 2424 2425 2429 2430 2431 2435 2436 2437 2441 2442 2443 2447 2448 2449 2453 2454 2455 2459 2460 2461 2465 2466 2467 2471 2472 2473 2477 2478 2479 2483 2484 2485 2489 2490 2491 2495 2496 2497 2501 2502 2503</p>
                </triangles>
            </mesh>
        </geometry>
        <geometry id="ID14">
            <mesh>
                <source id="ID15">
                    <float_array id="ID18" count="3420">55.93197 26.45104 2.15847 54.01693 15.92599 1.68378 49.45862 21.5517 0.69599 49.45862 21.5517 0.69599 54.01693 15.92599 1.68378 55.93197 26.45104 2.15847 57.15496 16.75587 2.6311 54.01693 15.92599 1.68378 55.93197 26.45104 2.15847 55.93197 26.45104 2.15847 54.01693 15.92599 1.68378 57.15496 16.75587 2.6311 54.01693 15.92599 1.68378 47.56673 15.74512 0.60193 49.45862 21.5517 0.69599 49.45862 21.5517 0.69599 47.56673 15.74512 0.60193 54.01693 15.92599 1.68378 57.15496 16.75587 2.6311 54.89905 11.24119 3.30083 54.01693 15.92599 1.68378 54.01693 15.92599 1.68378 54.89905 11.24119 3.30083 57.15496 16.75587 2.6311 60.12279 20.36382 3.64091 57.15496 16.75587 2.6311 55.93197 26.45104 2.15847 55.93197 26.45104 2.15847 57.15496 16.75587 2.6311 60.12279 20.36382 3.64091 49.45862 21.5517 0.69599 47.56673 15.74512 0.60193 43.12299 21.228 0.2028 43.12299 21.228 0.2028 47.56673 15.74512 0.60193 49.45862 21.5517 0.69599 58.51339 11.32741 4.89705 54.89905 11.24119 3.30083 57.15496 16.75587 2.6311 57.15496 16.75587 2.6311 54.89905 11.24119 3.30083 58.51339 11.32741 4.89705 54.89905 11.24119 3.30083 49.54461 10.84595 1.97051 54.01693 15.92599 1.68378 54.01693 15.92599 1.68378 49.54461 10.84595 1.97051 54.89905 11.24119 3.30083 60.12279 20.36382 3.64091 58.51339 11.32741 4.89705 57.15496 16.75587 2.6311 57.15496 16.75587 2.6311 58.51339 11.32741 4.89705 60.12279 20.36382 3.64091 60.12279 20.36382 3.64091 55.93197 26.45104 2.15847 58.41461 29.42768 3.32162 58.41461 29.42768 3.32162 55.93197 26.45104 2.15847 60.12279 20.36382 3.64091 54.01693 15.92599 1.68378 49.54461 10.84595 1.97051 50.93295 14.53382 1.34185 50.93295 14.53382 1.34185 49.54461 10.84595 1.97051 54.01693 15.92599 1.68378 63.35744 15.62997 7.30016 58.51339 11.32741 4.89705 60.12279 20.36382 3.64091 60.12279 20.36382 3.64091 58.51339 11.32741 4.89705 63.35744 15.62997 7.30016 62.32858 24.17965 4.84638 60.12279 20.36382 3.64091 58.41461 29.42768 3.32162 58.41461 29.42768 3.32162 60.12279 20.36382 3.64091 62.32858 24.17965 4.84638 50.93295 14.53382 1.34185 49.54461 10.84595 1.97051 46.92811 14.40544 0.68815 46.92811 14.40544 0.68815 49.54461 10.84595 1.97051 50.93295 14.53382 1.34185 63.35744 15.62997 7.30016 60.38791 9.22032 7.40386 58.51339 11.32741 4.89705 58.51339 11.32741 4.89705 60.38791 9.22032 7.40386 63.35744 15.62997 7.30016 63.35744 15.62997 7.30016 60.12279 20.36382 3.64091 62.32858 24.17965 4.84638 62.32858 24.17965 4.84638 60.12279 20.36382 3.64091 63.35744 15.62997 7.30016 49.54461 10.84595 1.97051 44.4561 7.90989 2.3889 46.92811 14.40544 0.68815 46.92811 14.40544 0.68815 44.4561 7.90989 2.3889 49.54461 10.84595 1.97051 50.93295 14.53382 1.34185 46.92811 14.40544 0.68815 47.56673 15.74512 0.60193 47.56673 15.74512 0.60193 46.92811 14.40544 0.68815 50.93295 14.53382 1.34185 63.35744 15.62997 7.30016 63.03409 11.41756 9.42965 60.38791 9.22032 7.40386 60.38791 9.22032 7.40386 63.03409 11.41756 9.42965 63.35744 15.62997 7.30016 64.73303 25.94604 7.45862 63.35744 15.62997 7.30016 62.32858 24.17965 4.84638 62.32858 24.17965 4.84638 63.35744 15.62997 7.30016 64.73303 25.94604 7.45862 46.92811 14.40544 0.68815 44.4561 7.90989 2.3889 37.54549 7.92008 2.02268 37.54549 7.92008 2.02268 44.4561 7.90989 2.3889 46.92811 14.40544 0.68815 65.4463 16.12142 10.02201 63.03409 11.41756 9.42965 63.35744 15.62997 7.30016 63.35744 15.62997 7.30016 63.03409 11.41756 9.42965 65.4463 16.12142 10.02201 63.03409 11.41756 9.42965 61.74874 7.2763 14.53914 60.38791 9.22032 7.40386 60.38791 9.22032 7.40386 61.74874 7.2763 14.53914 63.03409 11.41756 9.42965 64.73303 25.94604 7.45862 65.4463 16.12142 10.02201 63.35744 15.62997 7.30016 63.35744 15.62997 7.30016 65.4463 16.12142 10.02201 64.73303 25.94604 7.45862 46.92811 14.40544 0.68815 37.54549 7.92008 2.02268 41.06646 15.09445 0.24492 41.06646 15.09445 0.24492 37.54549 7.92008 2.02268 46.92811 14.40544 0.68815 65.4463 16.12142 10.02201 64.42173 10.86185 14.31725 63.03409 11.41756 9.42965 63.03409 11.41756 9.42965 64.42173 10.86185 14.31725 65.4463 16.12142 10.02201 63.03409 11.41756 9.42965 64.42173 10.86185 14.31725 61.74874 7.2763 14.53914 61.74874 7.2763 14.53914 64.42173 10.86185 14.31725 63.03409 11.41756 9.42965 64.73303 25.94604 7.45862 66.50697 20.13599 11.56142 65.4463 16.12142 10.02201 65.4463 16.12142 10.02201 66.50697 20.13599 11.56142 64.73303 25.94604 7.45862 41.06646 15.09445 0.24492 37.54549 7.92008 2.02268 33.18591 15.08685 0.26713 33.18591 15.08685 0.26713 37.54549 7.92008 2.02268 41.06646 15.09445 0.24492 46.92811 14.40544 0.68815 41.06646 15.09445 0.24492 41.10859 16.76493 0.07622 41.10859 16.76493 0.07622 41.06646 15.09445 0.24492 46.92811 14.40544 0.68815 65.4463 16.12142 10.02201 66.22512 15.55591 15.00323 64.42173 10.86185 14.31725 64.42173 10.86185 14.31725 66.22512 15.55591 15.00323 65.4463 16.12142 10.02201 64.42173 10.86185 14.31725 62.81016 7.10745 24.15248 61.74874 7.2763 14.53914 61.74874 7.2763 14.53914 62.81016 7.10745 24.15248 64.42173 10.86185 14.31725 66.41744 27.03021 10.90205 66.50697 20.13599 11.56142 64.73303 25.94604 7.45862 64.73303 25.94604 7.45862 66.50697 20.13599 11.56142 66.41744 27.03021 10.90205 66.50697 20.13599 11.56142 66.22512 15.55591 15.00323 65.4463 16.12142 10.02201 65.4463 16.12142 10.02201 66.22512 15.55591 15.00323 66.50697 20.13599 11.56142 37.54549 7.92008 2.02268 33.29811 8.50934 1.96473 33.18591 15.08685 0.26713 33.18591 15.08685 0.26713 33.29811 8.50934 1.96473 37.54549 7.92008 2.02268 41.10859 16.76493 0.07622 41.06646 15.09445 0.24492 33.18591 15.08685 0.26713 33.18591 15.08685 0.26713 41.06646 15.09445 0.24492 41.10859 16.76493 0.07622 66.22512 15.55591 15.00323 66.30358 15.07886 19.56107 64.42173 10.86185 14.31725 64.42173 10.86185 14.31725 66.30358 15.07886 19.56107 66.22512 15.55591 15.00323 66.30358 15.07886 19.56107 62.81016 7.10745 24.15248 64.42173 10.86185 14.31725 64.42173 10.86185 14.31725 62.81016 7.10745 24.15248 66.30358 15.07886 19.56107 71.20512 21.043 13.77752 66.50697 20.13599 11.56142 66.41744 27.03021 10.90205 66.41744 27.03021 10.90205 66.50697 20.13599 11.56142 71.20512 21.043 13.77752 71.20512 21.043 13.77752 66.22512 15.55591 15.00323 66.50697 20.13599 11.56142 66.50697 20.13599 11.56142 66.22512 15.55591 15.00323 71.20512 21.043 13.77752 33.29811 8.50934 1.96473 27.42945 10.69351 1.75303 33.18591 15.08685 0.26713 33.18591 15.08685 0.26713 27.42945 10.69351 1.75303 33.29811 8.50934 1.96473 66.30358 15.07886 19.56107 66.22512 15.55591 15.00323 69.52177 17.41882 16.48351 69.52177 17.41882 16.48351 66.22512 15.55591 15.00323 66.30358 15.07886 19.56107 66.30358 15.07886 19.56107 63.83173 9.18729 27.57135 62.81016 7.10745 24.15248 62.81016 7.10745 24.15248 63.83173 9.18729 27.57135 66.30358 15.07886 19.56107 72.09614 26.2566 14.02973 71.20512 21.043 13.77752 66.41744 27.03021 10.90205 66.41744 27.03021 10.90205 71.20512 21.043 13.77752 72.09614 26.2566 14.02973 69.52177 17.41882 16.48351 66.22512 15.55591 15.00323 71.20512 21.043 13.77752 71.20512 21.043 13.77752 66.22512 15.55591 15.00323 69.52177 17.41882 16.48351 33.18591 15.08685 0.26713 27.42945 10.69351 1.75303 27.25472 14.60709 0.8074 27.25472 14.60709 0.8074 27.42945 10.69351 1.75303 33.18591 15.08685 0.26713 66.29153 15.77083 24.94024 63.83173 9.18729 27.57135 66.30358 15.07886 19.56107 66.30358 15.07886 19.56107 63.83173 9.18729 27.57135 66.29153 15.77083 24.94024 63.83173 9.18729 27.57135 62.31138 7.79473 31.32427 62.81016 7.10745 24.15248 62.81016 7.10745 24.15248 62.31138 7.79473 31.32427 63.83173 9.18729 27.57135 72.09614 26.2566 14.02973 75.2165 23.94565 18.02536 71.20512 21.043 13.77752 71.20512 21.043 13.77752 75.2165 23.94565 18.02536 72.09614 26.2566 14.02973 73.4459 20.47713 16.92083 69.52177 17.41882 16.48351 71.20512 21.043 13.77752 71.20512 21.043 13.77752 69.52177 17.41882 16.48351 73.4459 20.47713 16.92083 27.42945 10.69351 1.75303 24.08748 10.69552 2.32524 27.25472 14.60709 0.8074 27.25472 14.60709 0.8074 24.08748 10.69552 2.32524 27.42945 10.69351 1.75303 66.29153 15.77083 24.94024 64.7209 12.72331 31.98406 63.83173 9.18729 27.57135 63.83173 9.18729 27.57135 64.7209 12.72331 31.98406 66.29153 15.77083 24.94024 64.10815 10.61386 30.78379 62.31138 7.79473 31.32427 63.83173 9.18729 27.57135 63.83173 9.18729 27.57135 62.31138 7.79473 31.32427 64.10815 10.61386 30.78379 75.2165 23.94565 18.02536 73.4459 20.47713 16.92083 71.20512 21.043 13.77752 71.20512 21.043 13.77752 73.4459 20.47713 16.92083 75.2165 23.94565 18.02536 27.25472 14.60709 0.8074 24.08748 10.69552 2.32524 21.54185 15.20658 1.75087 21.54185 15.20658 1.75087 24.08748 10.69552 2.32524 27.25472 14.60709 0.8074 66.89122 20.30308 26.49575 64.7209 12.72331 31.98406 66.29153 15.77083 24.94024 66.29153 15.77083 24.94024 64.7209 12.72331 31.98406 66.89122 20.30308 26.49575 64.7209 12.72331 31.98406 64.10815 10.61386 30.78379 63.83173 9.18729 27.57135 63.83173 9.18729 27.57135 64.10815 10.61386 30.78379 64.7209 12.72331 31.98406 64.10815 10.61386 30.78379 61.59508 8.84284 35.53457 62.31138 7.79473 31.32427 62.31138 7.79473 31.32427 61.59508 8.84284 35.53457 64.10815 10.61386 30.78379 24.08748 10.69552 2.32524 16.6952 11.51315 4.7102 21.54185 15.20658 1.75087 21.54185 15.20658 1.75087 16.6952 11.51315 4.7102 24.08748 10.69552 2.32524 66.89122 20.30308 26.49575 64.70776 15.99926 35.06646 64.7209 12.72331 31.98406 64.7209 12.72331 31.98406 64.70776 15.99926 35.06646 66.89122 20.30308 26.49575 64.7209 12.72331 31.98406 61.59508 8.84284 35.53457 64.10815 10.61386 30.78379 64.10815 10.61386 30.78379 61.59508 8.84284 35.53457 64.7209 12.72331 31.98406 24.08748 10.69552 2.32524 20.70409 7.92544 4.89358 16.6952 11.51315 4.7102 16.6952 11.51315 4.7102 20.70409 7.92544 4.89358 24.08748 10.69552 2.32524 21.54185 15.20658 1.75087 16.6952 11.51315 4.7102 17.67012 17.41418 2.64957 17.67012 17.41418 2.64957 16.6952 11.51315 4.7102 21.54185 15.20658 1.75087 66.89122 20.30308 26.49575 65.01858 18.93819 35.76193 64.70776 15.99926 35.06646 64.70776 15.99926 35.06646 65.01858 18.93819 35.76193 66.89122 20.30308 26.49575 64.70776 15.99926 35.06646 61.32732 10.98611 38.22748 64.7209 12.72331 31.98406 64.7209 12.72331 31.98406 61.32732 10.98611 38.22748 64.70776 15.99926 35.06646 64.7209 12.72331 31.98406 61.32732 10.98611 38.22748 61.59508 8.84284 35.53457 61.59508 8.84284 35.53457 61.32732 10.98611 38.22748 64.7209 12.72331 31.98406 20.70409 7.92544 4.89358 14.44744 8.52245 8.59114 16.6952 11.51315 4.7102 16.6952 11.51315 4.7102 14.44744 8.52245 8.59114 20.70409 7.92544 4.89358 67.03335 24.84806 27.56751 65.01858 18.93819 35.76193 66.89122 20.30308 26.49575 66.89122 20.30308 26.49575 65.01858 18.93819 35.76193 67.03335 24.84806 27.56751 65.01858 18.93819 35.76193 61.4065 15.42977 39.91929 64.70776 15.99926 35.06646 64.70776 15.99926 35.06646 61.4065 15.42977 39.91929 65.01858 18.93819 35.76193 64.70776 15.99926 35.06646 61.4065 15.42977 39.91929 61.32732 10.98611 38.22748 61.32732 10.98611 38.22748 61.4065 15.42977 39.91929 64.70776 15.99926 35.06646 20.70409 7.92544 4.89358 17.92248 6.00634 8.62788 14.44744 8.52245 8.59114 14.44744 8.52245 8.59114 17.92248 6.00634 8.62788 20.70409 7.92544 4.89358 16.6952 11.51315 4.7102 14.44744 8.52245 8.59114 11.94216 13.22272 8.13465 11.94216 13.22272 8.13465 14.44744 8.52245 8.59114 16.6952 11.51315 4.7102 67.03335 24.84806 27.56751 65.14047 23.41865 36.19315 65.01858 18.93819 35.76193 65.01858 18.93819 35.76193 65.14047 23.41865 36.19315 67.03335 24.84806 27.56751 71.24709 23.74896 25.12202 67.03335 24.84806 27.56751 66.89122 20.30308 26.49575 66.89122 20.30308 26.49575 67.03335 24.84806 27.56751 71.24709 23.74896 25.12202 61.36795 21.53032 40.37555 61.4065 15.42977 39.91929 65.01858 18.93819 35.76193 65.01858 18.93819 35.76193 61.4065 15.42977 39.91929 61.36795 21.53032 40.37555 61.4065 15.42977 39.91929 57.72756 10.67674 40.83642 61.32732 10.98611 38.22748 61.32732 10.98611 38.22748 57.72756 10.67674 40.83642 61.4065 15.42977 39.91929 16.49921 5.17697 13.47933 14.44744 8.52245 8.59114 17.92248 6.00634 8.62788 17.92248 6.00634 8.62788 14.44744 8.52245 8.59114 16.49921 5.17697 13.47933 10.71791 10.98241 13.64603 11.94216 13.22272 8.13465 14.44744 8.52245 8.59114 10.00279 13.91957 11.49587 10.00279 13.91957 11.49587 10.71791 10.98241 13.64603 11.94216 13.22272 8.13465 14.44744 8.52245 8.59114 65.28425 28.63122 35.15516 65.14047 23.41865 36.19315 67.03335 24.84806 27.56751 67.03335 24.84806 27.56751 65.14047 23.41865 36.19315 65.28425 28.63122 35.15516 65.14047 23.41865 36.19315 61.36795 21.53032 40.37555 65.01858 18.93819 35.76193 65.01858 18.93819 35.76193 61.36795 21.53032 40.37555 65.14047 23.41865 36.19315 71.24709 23.74896 25.12202 67.07094 28.12241 26.81164 67.03335 24.84806 27.56751 67.03335 24.84806 27.56751 67.07094 28.12241 26.81164 71.24709 23.74896 25.12202 61.4065 15.42977 39.91929 61.36795 21.53032 40.37555 58.93823 15.98339 42.00028 58.93823 15.98339 42.00028 61.36795 21.53032 40.37555 61.4065 15.42977 39.91929 61.4065 15.42977 39.91929 57.21366 14.89587 42.7598 57.72756 10.67674 40.83642 57.72756 10.67674 40.83642 57.21366 14.89587 42.7598 61.4065 15.42977 39.91929 12.7335 7.9841 14.86819 14.44744 8.52245 8.59114 16.49921 5.17697 13.47933 16.49921 5.17697 13.47933 14.44744 8.52245 8.59114 12.7335 7.9841 14.86819 10.71791 10.98241 13.64603 14.44744 8.52245 8.59114 12.7335 7.9841 14.86819 12.7335 7.9841 14.86819 14.44744 8.52245 8.59114 10.71791 10.98241 13.64603 65.28425 28.63122 35.15516 64.71524 27.26142 36.68607 65.14047 23.41865 36.19315 65.14047 23.41865 36.19315 64.71524 27.26142 36.68607 65.28425 28.63122 35.15516 65.28425 28.63122 35.15516 67.03335 24.84806 27.56751 67.07094 28.12241 26.81164 67.07094 28.12241 26.81164 67.03335 24.84806 27.56751 65.28425 28.63122 35.15516 64.71524 27.26142 36.68607 61.36795 21.53032 40.37555 65.14047 23.41865 36.19315 65.14047 23.41865 36.19315 61.36795 21.53032 40.37555 64.71524 27.26142 36.68607 72.24087 26.61638 23.72209 67.07094 28.12241 26.81164 71.24709 23.74896 25.12202 71.24709 23.74896 25.12202 67.07094 28.12241 26.81164 72.24087 26.61638 23.72209 61.36795 21.53032 40.37555 55.47382 20.71209 44.62532 58.93823 15.98339 42.00028 58.93823 15.98339 42.00028 55.47382 20.71209 44.62532 61.36795 21.53032 40.37555 61.4065 15.42977 39.91929 58.93823 15.98339 42.00028 57.21366 14.89587 42.7598 57.21366 14.89587 42.7598 58.93823 15.98339 42.00028 61.4065 15.42977 39.91929 57.72756 10.67674 40.83642 57.21366 14.89587 42.7598 54.40339 10.1491 42.3026 54.40339 10.1491 42.3026 57.21366 14.89587 42.7598 57.72756 10.67674 40.83642 14.41122 5.75189 19.31284 12.7335 7.9841 14.86819 16.49921 5.17697 13.47933 16.49921 5.17697 13.47933 12.7335 7.9841 14.86819 14.41122 5.75189 19.31284 10.71791 10.98241 13.64603 12.7335 7.9841 14.86819 11.73024 8.36528 19.44725 11.73024 8.36528 19.44725 12.7335 7.9841 14.86819 10.71791 10.98241 13.64603 64.77559 31.9489 35.10858 64.71524 27.26142 36.68607 65.28425 28.63122 35.15516 65.28425 28.63122 35.15516 64.71524 27.26142 36.68607 64.77559 31.9489 35.10858 66.96287 31.35894 24.97201 65.28425 28.63122 35.15516 67.07094 28.12241 26.81164 64.78878 33.38859 34.10512 64.78878 33.38859 34.10512 66.96287 31.35894 24.97201 65.28425 28.63122 35.15516 67.07094 28.12241 26.81164 61.13496 32.94115 40.13996 61.36795 21.53032 40.37555 64.71524 27.26142 36.68607 64.71524 27.26142 36.68607 61.36795 21.53032 40.37555 61.13496 32.94115 40.13996 72.24087 26.61638 23.72209 66.96287 31.35894 24.97201 67.07094 28.12241 26.81164 67.07094 28.12241 26.81164 66.96287 31.35894 24.97201 72.24087 26.61638 23.72209 61.36795 21.53032 40.37555 56.20524 31.02237 44.20878 55.47382 20.71209 44.62532 55.47382 20.71209 44.62532 56.20524 31.02237 44.20878 61.36795 21.53032 40.37555 58.93823 15.98339 42.00028 55.47382 20.71209 44.62532 56.92945 17.20508 43.34941 56.92945 17.20508 43.34941 55.47382 20.71209 44.62532 58.93823 15.98339 42.00028 58.93823 15.98339 42.00028 56.92945 17.20508 43.34941 57.21366 14.89587 42.7598 57.21366 14.89587 42.7598 56.92945 17.20508 43.34941 58.93823 15.98339 42.00028 57.21366 14.89587 42.7598 52.83992 15.7113 44.73386 54.40339 10.1491 42.3026 54.40339 10.1491 42.3026 52.83992 15.7113 44.73386 57.21366 14.89587 42.7598 11.73024 8.36528 19.44725 12.7335 7.9841 14.86819 14.41122 5.75189 19.31284 14.41122 5.75189 19.31284 12.7335 7.9841 14.86819 11.73024 8.36528 19.44725 61.13496 32.94115 40.13996 64.71524 27.26142 36.68607 64.77559 31.9489 35.10858 64.77559 31.9489 35.10858 64.71524 27.26142 36.68607 61.13496 32.94115 40.13996 64.78878 33.38859 34.10512 64.77559 31.9489 35.10858 65.28425 28.63122 35.15516 65.28425 28.63122 35.15516 64.77559 31.9489 35.10858 64.78878 33.38859 34.10512 66.59807 33.77237 21.88595 64.78878 33.38859 34.10512 66.96287 31.35894 24.97201 66.96287 31.35894 24.97201 64.78878 33.38859 34.10512 66.59807 33.77237 21.88595 61.36795 21.53032 40.37555 61.13496 32.94115 40.13996 56.20524 31.02237 44.20878 56.20524 31.02237 44.20878 61.13496 32.94115 40.13996 61.36795 21.53032 40.37555 73.55898 28.51625 21.16536 66.96287 31.35894 24.97201 72.24087 26.61638 23.72209 72.24087 26.61638 23.72209 66.96287 31.35894 24.97201 73.55898 28.51625 21.16536 56.20524 31.02237 44.20878 53.39598 23.34113 45.77725 55.47382 20.71209 44.62532 55.47382 20.71209 44.62532 53.39598 23.34113 45.77725 56.20524 31.02237 44.20878 56.92945 17.20508 43.34941 55.47382 20.71209 44.62532 55.505 18.2552 44.28193 55.505 18.2552 44.28193 55.47382 20.71209 44.62532 56.92945 17.20508 43.34941 57.21366 14.89587 42.7598 56.92945 17.20508 43.34941 52.83992 15.7113 44.73386 52.83992 15.7113 44.73386 56.92945 17.20508 43.34941 57.21366 14.89587 42.7598 54.40339 10.1491 42.3026 52.83992 15.7113 44.73386 51.79547 11.19374 43.63347 51.79547 11.19374 43.63347 52.83992 15.7113 44.73386 54.40339 10.1491 42.3026 12.24685 7.23091 25.24631 11.73024 8.36528 19.44725 14.41122 5.75189 19.31284 14.41122 5.75189 19.31284 11.73024 8.36528 19.44725 12.24685 7.23091 25.24631 64.78878 33.38859 34.10512 61.13496 32.94115 40.13996 64.77559 31.9489 35.10858 64.77559 31.9489 35.10858 61.13496 32.94115 40.13996 64.78878 33.38859 34.10512 64.5115 37.22414 29.88968 64.78878 33.38859 34.10512 66.59807 33.77237 21.88595 66.59807 33.77237 21.88595 64.78878 33.38859 34.10512 64.5115 37.22414 29.88968 61.13496 32.94115 40.13996 58.83799 33.38091 41.75843 56.20524 31.02237 44.20878 56.20524 31.02237 44.20878 58.83799 33.38091 41.75843 61.13496 32.94115 40.13996 56.20524 31.02237 44.20878 50.25905 30.51989 46.66736 53.39598 23.34113 45.77725 53.39598 23.34113 45.77725 50.25905 30.51989 46.66736 56.20524 31.02237 44.20878 55.47382 20.71209 44.62532 53.39598 23.34113 45.77725 52.02811 21.89792 46.11732 52.02811 21.89792 46.11732 53.39598 23.34113 45.77725 55.47382 20.71209 44.62532 55.505 18.2552 44.28193 55.47382 20.71209 44.62532 53.06516 18.97689 45.3539 53.06516 18.97689 45.3539 55.47382 20.71209 44.62532 55.505 18.2552 44.28193 56.92945 17.20508 43.34941 55.505 18.2552 44.28193 52.35815 18.6006 45.59622 52.35815 18.6006 45.59622 55.505 18.2552 44.28193 56.92945 17.20508 43.34941 56.92945 17.20508 43.34941 52.35815 18.6006 45.59622 52.83992 15.7113 44.73386 52.83992 15.7113 44.73386 52.35815 18.6006 45.59622 56.92945 17.20508 43.34941 52.83992 15.7113 44.73386 49.74606 11.22355 44.11425 51.79547 11.19374 43.63347 51.79547 11.19374 43.63347 49.74606 11.22355 44.11425 52.83992 15.7113 44.73386 15.88976 4.63099 26.21121 12.24685 7.23091 25.24631 14.41122 5.75189 19.31284 14.41122 5.75189 19.31284 12.24685 7.23091 25.24631 15.88976 4.63099 26.21121 59.98937 38.53402 38.76445 61.13496 32.94115 40.13996 64.78878 33.38859 34.10512 64.78878 33.38859 34.10512 61.13496 32.94115 40.13996 59.98937 38.53402 38.76445 63.28555 39.94831 29.97414 64.78878 33.38859 34.10512 64.5115 37.22414 29.88968 64.5115 37.22414 29.88968 64.78878 33.38859 34.10512 63.28555 39.94831 29.97414 64.3776 38.57138 24.2341 64.5115 37.22414 29.88968 66.59807 33.77237 21.88595 66.59807 33.77237 21.88595 64.5115 37.22414 29.88968 64.3776 38.57138 24.2341 61.13496 32.94115 40.13996 59.98937 38.53402 38.76445 58.83799 33.38091 41.75843 58.83799 33.38091 41.75843 59.98937 38.53402 38.76445 61.13496 32.94115 40.13996 56.20524 31.02237 44.20878 56.06846 32.88563 43.85681 50.25905 30.51989 46.66736 50.25905 30.51989 46.66736 56.06846 32.88563 43.85681 56.20524 31.02237 44.20878 53.39598 23.34113 45.77725 50.25905 30.51989 46.66736 47.2335 26.64687 48.12339 47.2335 26.64687 48.12339 50.25905 30.51989 46.66736 53.39598 23.34113 45.77725 53.39598 23.34113 45.77725 49.14401 23.43625 47.08449 52.02811 21.89792 46.11732 52.02811 21.89792 46.11732 49.14401 23.43625 47.08449 53.39598 23.34113 45.77725 55.47382 20.71209 44.62532 52.02811 21.89792 46.11732 53.06516 18.97689 45.3539 53.06516 18.97689 45.3539 52.02811 21.89792 46.11732 55.47382 20.71209 44.62532 52.35815 18.6006 45.59622 53.06516 18.97689 45.3539 52.02811 21.89792 46.11732 55.505 18.2552 44.28193 55.505 18.2552 44.28193 52.35815 18.6006 45.59622 53.06516 18.97689 45.3539 52.02811 21.89792 46.11732 52.83992 15.7113 44.73386 52.35815 18.6006 45.59622 46.52717 15.7841 46.10902 46.52717 15.7841 46.10902 52.35815 18.6006 45.59622 52.83992 15.7113 44.73386 52.83992 15.7113 44.73386 46.52717 15.7841 46.10902 49.74606 11.22355 44.11425 49.74606 11.22355 44.11425 46.52717 15.7841 46.10902 52.83992 15.7113 44.73386 11.88527 8.14134 29.0829 12.24685 7.23091 25.24631 15.88976 4.63099 26.21121 15.88976 4.63099 26.21121 12.24685 7.23091 25.24631 11.88527 8.14134 29.0829 60.18401 40.26355 36.78496 59.98937 38.53402 38.76445 64.78878 33.38859 34.10512 64.78878 33.38859 34.10512 59.98937 38.53402 38.76445 60.18401 40.26355 36.78496 60.18401 40.26355 36.78496 64.78878 33.38859 34.10512 63.28555 39.94831 29.97414 63.28555 39.94831 29.97414 64.78878 33.38859 34.10512 60.18401 40.26355 36.78496 64.3776 38.57138 24.2341 66.59807 33.77237 21.88595 64.84401 38.40363 15.11173 64.84401 38.40363 15.11173 66.59807 33.77237 21.88595 64.3776 38.57138 24.2341 56.06846 32.88563 43.85681 51.67055 38.29953 44.78327 50.25905 30.51989 46.66736 50.25905 30.51989 46.66736 51.67055 38.29953 44.78327 56.06846 32.88563 43.85681 53.39598 23.34113 45.77725 47.2335 26.64687 48.12339 49.14401 23.43625 47.08449 49.14401 23.43625 47.08449 47.2335 26.64687 48.12339 53.39598 23.34113 45.77725 52.02811 21.89792 46.11732 49.14401 23.43625 47.08449 46.52717 15.7841 46.10902 46.52717 15.7841 46.10902 49.14401 23.43625 47.08449 52.02811 21.89792 46.11732 52.35815 18.6006 45.59622 52.02811 21.89792 46.11732 46.52717 15.7841 46.10902 46.52717 15.7841 46.10902 52.02811 21.89792 46.11732 52.35815 18.6006 45.59622 49.74606 11.22355 44.11425 46.52717 15.7841 46.10902 45.6737 10.83032 44.85142 45.6737 10.83032 44.85142 46.52717 15.7841 46.10902 49.74606 11.22355 44.11425 15.64799 5.89398 33.80752 11.88527 8.14134 29.0829 15.88976 4.63099 26.21121 15.88976 4.63099 26.21121 11.88527 8.14134 29.0829 15.64799 5.89398 33.80752 62.57405 42.06201 18.65681 64.3776 38.57138 24.2341 64.84401 38.40363 15.11173 64.84401 38.40363 15.11173 64.3776 38.57138 24.2341 62.57405 42.06201 18.65681 58.52071 39.83363 39.55488 51.67055 38.29953 44.78327 56.06846 32.88563 43.85681 56.06846 32.88563 43.85681 51.67055 38.29953 44.78327 58.52071 39.83363 39.55488 46.52717 15.7841 46.10902 39.30865 15.98174 46.84673 45.6737 10.83032 44.85142 45.6737 10.83032 44.85142 39.30865 15.98174 46.84673 46.52717 15.7841 46.10902 11.88527 8.14134 29.0829 15.64799 5.89398 33.80752 14.62941 8.01745 36.20693 14.62941 8.01745 36.20693 15.64799 5.89398 33.80752 11.88527 8.14134 29.0829 15.64799 5.89398 33.80752 15.88976 4.63099 26.21121 18.30709 3.96717 31.75437 18.30709 3.96717 31.75437 15.88976 4.63099 26.21121 15.64799 5.89398 33.80752 58.83799 33.38091 41.75843 58.52071 39.83363 39.55488 56.06846 32.88563 43.85681 56.06846 32.88563 43.85681 58.52071 39.83363 39.55488 58.83799 33.38091 41.75843 45.6737 10.83032 44.85142 39.30865 15.98174 46.84673 38.3074 10.22981 45.01595 38.3074 10.22981 45.01595 39.30865 15.98174 46.84673 45.6737 10.83032 44.85142 15.60941 8.25296 37.94894 14.62941 8.01745 36.20693 15.64799 5.89398 33.80752 15.64799 5.89398 33.80752 14.62941 8.01745 36.20693 15.60941 8.25296 37.94894 13.36256 10.30138 36.98937 11.88527 8.14134 29.0829 14.62941 8.01745 36.20693 14.62941 8.01745 36.20693 11.88527 8.14134 29.0829 13.36256 10.30138 36.98937 20.90571 4.99898 38.27213 15.64799 5.89398 33.80752 18.30709 3.96717 31.75437 18.30709 3.96717 31.75437 15.64799 5.89398 33.80752 20.90571 4.99898 38.27213 39.30865 15.98174 46.84673 31.83374 13.9965 46.15473 38.3074 10.22981 45.01595 38.3074 10.22981 45.01595 31.83374 13.9965 46.15473 39.30865 15.98174 46.84673 14.68295 10.99591 39.00894 14.62941 8.01745 36.20693 15.60941 8.25296 37.94894 15.60941 8.25296 37.94894 14.62941 8.01745 36.20693 14.68295 10.99591 39.00894 20.90571 4.99898 38.27213 15.60941 8.25296 37.94894 15.64799 5.89398 33.80752 15.64799 5.89398 33.80752 15.60941 8.25296 37.94894 20.90571 4.99898 38.27213 10.69134 11.66871 31.41824 11.88527 8.14134 29.0829 13.36256 10.30138 36.98937 13.36256 10.30138 36.98937 11.88527 8.14134 29.0829 10.69134 11.66871 31.41824 14.68295 10.99591 39.00894 13.36256 10.30138 36.98937 14.62941 8.01745 36.20693 14.62941 8.01745 36.20693 13.36256 10.30138 36.98937 14.68295 10.99591 39.00894 38.3074 10.22981 45.01595 31.83374 13.9965 46.15473 33.24031 10.5378 45.0311 33.24031 10.5378 45.0311 31.83374 13.9965 46.15473 38.3074 10.22981 45.01595 18.74201 11.08563 41.79299 14.68295 10.99591 39.00894 15.60941 8.25296 37.94894 15.60941 8.25296 37.94894 14.68295 10.99591 39.00894 18.74201 11.08563 41.79299 21.07472 9.79052 42.32252 15.60941 8.25296 37.94894 20.90571 4.99898 38.27213 20.90571 4.99898 38.27213 15.60941 8.25296 37.94894 21.07472 9.79052 42.32252 10.14653 15.94122 34.03575 10.69134 11.66871 31.41824 13.36256 10.30138 36.98937 13.36256 10.30138 36.98937 10.69134 11.66871 31.41824 10.14653 15.94122 34.03575 13.51791 16.35264 39.9863 13.36256 10.30138 36.98937 14.68295 10.99591 39.00894 14.68295 10.99591 39.00894 13.36256 10.30138 36.98937 13.51791 16.35264 39.9863 33.24031 10.5378 45.0311 31.83374 13.9965 46.15473 27.33323 11.31205 44.61374 27.33323 11.31205 44.61374 31.83374 13.9965 46.15473 33.24031 10.5378 45.0311 38.3074 10.22981 45.01595 33.24031 10.5378 45.0311 33.05055 7.62477 43.82508 33.05055 7.62477 43.82508 33.24031 10.5378 45.0311 38.3074 10.22981 45.01595 18.74201 11.08563 41.79299 15.54244 14.91434 41.26441 14.68295 10.99591 39.00894 14.68295 10.99591 39.00894 15.54244 14.91434 41.26441 18.74201 11.08563 41.79299 21.07472 9.79052 42.32252 18.74201 11.08563 41.79299 15.60941 8.25296 37.94894 15.60941 8.25296 37.94894 18.74201 11.08563 41.79299 21.07472 9.79052 42.32252 24.06587 8.52855 42.84272 21.07472 9.79052 42.32252 20.90571 4.99898 38.27213 20.90571 4.99898 38.27213 21.07472 9.79052 42.32252 24.06587 8.52855 42.84272 11.15118 16.69209 36.98276 10.14653 15.94122 34.03575 13.36256 10.30138 36.98937 13.36256 10.30138 36.98937 10.14653 15.94122 34.03575 11.15118 16.69209 36.98276 11.15118 16.69209 36.98276 13.36256 10.30138 36.98937 13.51791 16.35264 39.9863 13.51791 16.35264 39.9863 13.36256 10.30138 36.98937 11.15118 16.69209 36.98276 15.54244 14.91434 41.26441 13.51791 16.35264 39.9863 14.68295 10.99591 39.00894 14.68295 10.99591 39.00894 13.51791 16.35264 39.9863 15.54244 14.91434 41.26441 31.83374 13.9965 46.15473 22.39087 16.71071 45.07496 27.33323 11.31205 44.61374 27.33323 11.31205 44.61374 22.39087 16.71071 45.07496 31.83374 13.9965 46.15473 33.24031 10.5378 45.0311 27.33323 11.31205 44.61374 33.05055 7.62477 43.82508 33.05055 7.62477 43.82508 27.33323 11.31205 44.61374 33.24031 10.5378 45.0311 41.13236 8.36567 44.38603 38.3074 10.22981 45.01595 33.05055 7.62477 43.82508 33.05055 7.62477 43.82508 38.3074 10.22981 45.01595 41.13236 8.36567 44.38603 19.73185 15.29182 43.68075 15.54244 14.91434 41.26441 18.74201 11.08563 41.79299 18.74201 11.08563 41.79299 15.54244 14.91434 41.26441 19.73185 15.29182 43.68075 23.64398 11.30815 43.78768 18.74201 11.08563 41.79299 21.07472 9.79052 42.32252 21.07472 9.79052 42.32252 18.74201 11.08563 41.79299 23.64398 11.30815 43.78768 24.06587 8.52855 42.84272 23.64398 11.30815 43.78768 21.07472 9.79052 42.32252 21.07472 9.79052 42.32252 23.64398 11.30815 43.78768 24.06587 8.52855 42.84272 31.83374 13.9965 46.15473 24.65492 20.48256 46.34811 22.39087 16.71071 45.07496 22.39087 16.71071 45.07496 24.65492 20.48256 46.34811 31.83374 13.9965 46.15473 27.33323 11.31205 44.61374 22.39087 16.71071 45.07496 23.64398 11.30815 43.78768 23.64398 11.30815 43.78768 22.39087 16.71071 45.07496 27.33323 11.31205 44.61374 33.05055 7.62477 43.82508 27.33323 11.31205 44.61374 24.06587 8.52855 42.84272 24.06587 8.52855 42.84272 27.33323 11.31205 44.61374 33.05055 7.62477 43.82508 19.73185 15.29182 43.68075 16.04953 16.07453 42.01087 15.54244 14.91434 41.26441 15.54244 14.91434 41.26441 16.04953 16.07453 42.01087 19.73185 15.29182 43.68075 23.64398 11.30815 43.78768 19.73185 15.29182 43.68075 18.74201 11.08563 41.79299 18.74201 11.08563 41.79299 19.73185 15.29182 43.68075 23.64398 11.30815 43.78768 27.33323 11.31205 44.61374 23.64398 11.30815 43.78768 24.06587 8.52855 42.84272 24.06587 8.52855 42.84272 23.64398 11.30815 43.78768 27.33323 11.31205 44.61374 24.65492 20.48256 46.34811 20.74681 18.49134 44.80662 22.39087 16.71071 45.07496 22.39087 16.71071 45.07496 20.74681 18.49134 44.80662 24.65492 20.48256 46.34811 23.64398 11.30815 43.78768 22.39087 16.71071 45.07496 19.73185 15.29182 43.68075 19.73185 15.29182 43.68075 22.39087 16.71071 45.07496 23.64398 11.30815 43.78768 24.65492 20.48256 46.34811 20.75272 21.95693 45.21768 20.74681 18.49134 44.80662 20.74681 18.49134 44.80662 20.75272 21.95693 45.21768 24.65492 20.48256 46.34811 22.39087 16.71071 45.07496 20.74681 18.49134 44.80662 17.9885 17.98508 43.44146 17.9885 17.98508 43.44146 20.74681 18.49134 44.80662 22.39087 16.71071 45.07496 22.39087 16.71071 45.07496 17.9885 17.98508 43.44146 16.04953 16.07453 42.01087 16.04953 16.07453 42.01087 17.9885 17.98508 43.44146 22.39087 16.71071 45.07496</float_array>
                    <technique_common>
                        <accessor count="1140" source="#ID18" stride="3">
                            <param name="X" type="float"/>
                            <param name="Y" type="float"/>
                            <param name="Z" type="float"/>
                        </accessor>
                    </technique_common>
                </source>
                <source id="ID16">
                    <float_array id="ID19" count="3420">0.2171099 0.004521421 -0.9761367 0.2171099 0.004521421 -0.9761367 0.2171099 0.004521421 -0.9761367 -0.2171099 -0.004521421 0.9761367 -0.2171099 -0.004521421 0.9761367 -0.2171099 -0.004521421 0.9761367 0.2913803 -0.00987523 -0.9565563 0.2913803 -0.00987523 -0.9565563 0.2913803 -0.00987523 -0.9565563 -0.2913803 0.00987523 0.9565563 -0.2913803 0.00987523 0.9565563 -0.2913803 0.00987523 0.9565563 0.1663347 -0.03823373 -0.9853278 0.1663347 -0.03823373 -0.9853278 0.1663347 -0.03823373 -0.9853278 -0.1663347 0.03823373 0.9853278 -0.1663347 0.03823373 0.9853278 -0.1663347 0.03823373 0.9853278 0.3396718 -0.2490963 -0.9069587 0.3396718 -0.2490963 -0.9069587 0.3396718 -0.2490963 -0.9069587 -0.3396718 0.2490963 0.9069587 -0.3396718 0.2490963 0.9069587 -0.3396718 0.2490963 0.9069587 0.3273104 -0.00477485 -0.9449048 0.3273104 -0.00477485 -0.9449048 0.3273104 -0.00477485 -0.9449048 -0.3273104 0.00477485 0.9449048 -0.3273104 0.00477485 0.9449048 -0.3273104 0.00477485 0.9449048 0.07807755 -0.009290386 -0.996904 0.07807755 -0.009290386 -0.996904 0.07807755 -0.009290386 -0.996904 -0.07807755 0.009290386 0.996904 -0.07807755 0.009290386 0.996904 -0.07807755 0.009290386 0.996904 0.3945432 -0.2681334 -0.8788857 0.3945432 -0.2681334 -0.8788857 0.3945432 -0.2681334 -0.8788857 -0.3945432 0.2681334 0.8788857 -0.3945432 0.2681334 0.8788857 -0.3945432 0.2681334 0.8788857 0.2508942 -0.2732944 -0.9286346 0.2508942 -0.2732944 -0.9286346 0.2508942 -0.2732944 -0.9286346 -0.2508942 0.2732944 0.9286346 -0.2508942 0.2732944 0.9286346 -0.2508942 0.2732944 0.9286346 0.5329483 -0.2088999 -0.8199554 0.5329483 -0.2088999 -0.8199554 0.5329483 -0.2088999 -0.8199554 -0.5329483 0.2088999 0.8199554 -0.5329483 0.2088999 0.8199554 -0.5329483 0.2088999 0.8199554 0.3842654 0.0399272 -0.9223589 0.3842654 0.0399272 -0.9223589 0.3842654 0.0399272 -0.9223589 -0.3842654 -0.0399272 0.9223589 -0.3842654 -0.0399272 0.9223589 -0.3842654 -0.0399272 0.9223589 0.2141432 -0.2419406 -0.9463654 0.2141432 -0.2419406 -0.9463654 0.2141432 -0.2419406 -0.9463654 -0.2141432 0.2419406 0.9463654 -0.2141432 0.2419406 0.9463654 -0.2141432 0.2419406 0.9463654 0.579211 -0.2125553 -0.7869783 0.579211 -0.2125553 -0.7869783 0.579211 -0.2125553 -0.7869783 -0.579211 0.2125553 0.7869783 -0.579211 0.2125553 0.7869783 -0.579211 0.2125553 0.7869783 0.416026 0.04641273 -0.9081675 0.416026 0.04641273 -0.9081675 0.416026 0.04641273 -0.9081675 -0.416026 -0.04641273 0.9081675 -0.416026 -0.04641273 0.9081675 -0.416026 -0.04641273 0.9081675 0.1639834 -0.2254425 -0.9603568 0.1639834 -0.2254425 -0.9603568 0.1639834 -0.2254425 -0.9603568 -0.1639834 0.2254425 0.9603568 -0.1639834 0.2254425 0.9603568 -0.1639834 0.2254425 0.9603568 0.624833 -0.3011335 -0.7203487 0.624833 -0.3011335 -0.7203487 0.624833 -0.3011335 -0.7203487 -0.624833 0.3011335 0.7203487 -0.624833 0.3011335 0.7203487 -0.624833 0.3011335 0.7203487 0.6472761 -0.1372987 -0.7497885 0.6472761 -0.1372987 -0.7497885 0.6472761 -0.1372987 -0.7497885 -0.6472761 0.1372987 0.7497885 -0.6472761 0.1372987 0.7497885 -0.6472761 0.1372987 0.7497885 0.08431256 -0.2822983 -0.9556145 0.08431256 -0.2822983 -0.9556145 0.08431256 -0.2822983 -0.9556145 -0.08431256 0.2822983 0.9556145 -0.08431256 0.2822983 0.9556145 -0.08431256 0.2822983 0.9556145 0.1638868 -0.1409612 -0.976356 0.1638868 -0.1409612 -0.976356 0.1638868 -0.1409612 -0.976356 -0.1638868 0.1409612 0.976356 -0.1638868 0.1409612 0.976356 -0.1638868 0.1409612 0.976356 0.7351033 -0.3499605 -0.5806468 0.7351033 -0.3499605 -0.5806468 0.7351033 -0.3499605 -0.5806468 -0.7351033 0.3499605 0.5806468 -0.7351033 0.3499605 0.5806468 -0.7351033 0.3499605 0.5806468 0.7628399 -0.09188936 -0.6400247 0.7628399 -0.09188936 -0.6400247 0.7628399 -0.09188936 -0.6400247 -0.7628399 0.09188936 0.6400247 -0.7628399 0.09188936 0.6400247 -0.7628399 0.09188936 0.6400247 0.05054205 -0.2709276 -0.9612719 0.05054205 -0.2709276 -0.9612719 0.05054205 -0.2709276 -0.9612719 -0.05054205 0.2709276 0.9612719 -0.05054205 0.2709276 0.9612719 -0.05054205 0.2709276 0.9612719 0.7765691 -0.3307047 -0.53626 0.7765691 -0.3307047 -0.53626 0.7765691 -0.3307047 -0.53626 -0.7765691 0.3307047 0.53626 -0.7765691 0.3307047 0.53626 -0.7765691 0.3307047 0.53626 0.7356835 -0.6047335 -0.3050692 0.7356835 -0.6047335 -0.3050692 0.7356835 -0.6047335 -0.3050692 -0.7356835 0.6047335 0.3050692 -0.7356835 0.6047335 0.3050692 -0.7356835 0.6047335 0.3050692 0.7979528 -0.09726584 -0.5948199 0.7979528 -0.09726584 -0.5948199 0.7979528 -0.09726584 -0.5948199 -0.7979528 0.09726584 0.5948199 -0.7979528 0.09726584 0.5948199 -0.7979528 0.09726584 0.5948199 0.0424019 -0.2598594 -0.9647151 0.0424019 -0.2598594 -0.9647151 0.0424019 -0.2598594 -0.9647151 -0.0424019 0.2598594 0.9647151 -0.0424019 0.2598594 0.9647151 -0.0424019 0.2598594 0.9647151 0.8654726 -0.4070558 -0.291998 0.8654726 -0.4070558 -0.291998 0.8654726 -0.4070558 -0.291998 -0.8654726 0.4070558 0.291998 -0.8654726 0.4070558 0.291998 -0.8654726 0.4070558 0.291998 0.7606396 -0.5845258 -0.2824128 0.7606396 -0.5845258 -0.2824128 0.7606396 -0.5845258 -0.2824128 -0.7606396 0.5845258 0.2824128 -0.7606396 0.5845258 0.2824128 -0.7606396 0.5845258 0.2824128 0.8848272 -0.0564317 -0.4624893 0.8848272 -0.0564317 -0.4624893 0.8848272 -0.0564317 -0.4624893 -0.8848272 0.0564317 0.4624893 -0.8848272 0.0564317 0.4624893 -0.8848272 0.0564317 0.4624893 -0.002505555 -0.2393596 -0.9709277 -0.002505555 -0.2393596 -0.9709277 -0.002505555 -0.2393596 -0.9709277 0.002505555 0.2393596 0.9709277 0.002505555 0.2393596 0.9709277 0.002505555 0.2393596 0.9709277 0.06309826 -0.1018527 -0.9927964 0.06309826 -0.1018527 -0.9927964 0.06309826 -0.1018527 -0.9927964 -0.06309826 0.1018527 0.9927964 -0.06309826 0.1018527 0.9927964 -0.06309826 0.1018527 0.9927964 0.9264703 -0.3293043 -0.1822402 0.9264703 -0.3293043 -0.1822402 0.9264703 -0.3293043 -0.1822402 -0.9264703 0.3293043 0.1822402 -0.9264703 0.3293043 0.1822402 -0.9264703 0.3293043 0.1822402 0.7949266 -0.5986918 -0.09828425 0.7949266 -0.5986918 -0.09828425 0.7949266 -0.5986918 -0.09828425 -0.7949266 0.5986918 0.09828425 -0.7949266 0.5986918 0.09828425 -0.7949266 0.5986918 0.09828425 0.9015376 -0.02957952 -0.4316886 0.9015376 -0.02957952 -0.4316886 0.9015376 -0.02957952 -0.4316886 -0.9015376 0.02957952 0.4316886 -0.9015376 0.02957952 0.4316886 -0.9015376 0.02957952 0.4316886 0.9666468 -0.1892024 -0.1726163 0.9666468 -0.1892024 -0.1726163 0.9666468 -0.1892024 -0.1726163 -0.9666468 0.1892024 0.1726163 -0.9666468 0.1892024 0.1726163 -0.9666468 0.1892024 0.1726163 -0.02150335 -0.2501887 -0.9679583 -0.02150335 -0.2501887 -0.9679583 -0.02150335 -0.2501887 -0.9679583 0.02150335 0.2501887 0.9679583 0.02150335 0.2501887 0.9679583 0.02150335 0.2501887 0.9679583 -0.002707239 -0.1004102 -0.9949424 -0.002707239 -0.1004102 -0.9949424 -0.002707239 -0.1004102 -0.9949424 0.002707239 0.1004102 0.9949424 0.002707239 0.1004102 0.9949424 0.002707239 0.1004102 0.9949424 0.9347367 -0.3513862 -0.05286901 0.9347367 -0.3513862 -0.05286901 0.9347367 -0.3513862 -0.05286901 -0.9347367 0.3513862 0.05286901 -0.9347367 0.3513862 0.05286901 -0.9347367 0.3513862 0.05286901 0.9150447 -0.4033324 -0.00402762 0.9150447 -0.4033324 -0.00402762 0.9150447 -0.4033324 -0.00402762 -0.9150447 0.4033324 0.00402762 -0.9150447 0.4033324 0.00402762 -0.9150447 0.4033324 0.00402762 0.4378369 -0.0799598 -0.8954917 0.4378369 -0.0799598 -0.8954917 0.4378369 -0.0799598 -0.8954917 -0.4378369 0.0799598 0.8954917 -0.4378369 0.0799598 0.8954917 -0.4378369 0.0799598 0.8954917 0.4398826 -0.5566535 -0.704727 0.4398826 -0.5566535 -0.704727 0.4398826 -0.5566535 -0.704727 -0.4398826 0.5566535 0.704727 -0.4398826 0.5566535 0.704727 -0.4398826 0.5566535 0.704727 -0.05833615 -0.2504099 -0.9663808 -0.05833615 -0.2504099 -0.9663808 -0.05833615 -0.2504099 -0.9663808 0.05833615 0.2504099 0.9663808 0.05833615 0.2504099 0.9663808 0.05833615 0.2504099 0.9663808 0.5224979 -0.8470304 -0.09764966 0.5224979 -0.8470304 -0.09764966 0.5224979 -0.8470304 -0.09764966 -0.5224979 0.8470304 0.09764966 -0.5224979 0.8470304 0.09764966 -0.5224979 0.8470304 0.09764966 0.9110305 -0.4117663 -0.02172451 0.9110305 -0.4117663 -0.02172451 0.9110305 -0.4117663 -0.02172451 -0.9110305 0.4117663 0.02172451 -0.9110305 0.4117663 0.02172451 -0.9110305 0.4117663 0.02172451 0.4779614 -0.03923539 -0.8775041 0.4779614 -0.03923539 -0.8775041 0.4779614 -0.03923539 -0.8775041 -0.4779614 0.03923539 0.8775041 -0.4779614 0.03923539 0.8775041 -0.4779614 0.03923539 0.8775041 0.5852128 -0.6418295 -0.4955612 0.5852128 -0.6418295 -0.4955612 0.5852128 -0.6418295 -0.4955612 -0.5852128 0.6418295 0.4955612 -0.5852128 0.6418295 0.4955612 -0.5852128 0.6418295 0.4955612 -0.0690774 -0.2372207 -0.9689967 -0.0690774 -0.2372207 -0.9689967 -0.0690774 -0.2372207 -0.9689967 0.0690774 0.2372207 0.9689967 0.0690774 0.2372207 0.9689967 0.0690774 0.2372207 0.9689967 0.9415691 -0.3337938 0.04504805 0.9415691 -0.3337938 0.04504805 0.9415691 -0.3337938 0.04504805 -0.9415691 0.3337938 -0.04504805 -0.9415691 0.3337938 -0.04504805 -0.9415691 0.3337938 -0.04504805 0.8069456 -0.5799671 0.1116999 0.8069456 -0.5799671 0.1116999 0.8069456 -0.5799671 0.1116999 -0.8069456 0.5799671 -0.1116999 -0.8069456 0.5799671 -0.1116999 -0.8069456 0.5799671 -0.1116999 0.7560937 -0.097915 -0.6470973 0.7560937 -0.097915 -0.6470973 0.7560937 -0.097915 -0.6470973 -0.7560937 0.097915 0.6470973 -0.7560937 0.097915 0.6470973 -0.7560937 0.097915 0.6470973 0.5614142 -0.646483 -0.5165984 0.5614142 -0.646483 -0.5165984 0.5614142 -0.646483 -0.5165984 -0.5614142 0.646483 0.5165984 -0.5614142 0.646483 0.5165984 -0.5614142 0.646483 0.5165984 -0.1640286 -0.2386011 -0.9571646 -0.1640286 -0.2386011 -0.9571646 -0.1640286 -0.2386011 -0.9571646 0.1640286 0.2386011 0.9571646 0.1640286 0.2386011 0.9571646 0.1640286 0.2386011 0.9571646 0.9432994 -0.32449 0.06994567 0.9432994 -0.32449 0.06994567 0.9432994 -0.32449 0.06994567 -0.9432994 0.32449 -0.06994567 -0.9432994 0.32449 -0.06994567 -0.9432994 0.32449 -0.06994567 0.8463596 -0.5099709 0.1536397 0.8463596 -0.5099709 0.1536397 0.8463596 -0.5099709 0.1536397 -0.8463596 0.5099709 -0.1536397 -0.8463596 0.5099709 -0.1536397 -0.8463596 0.5099709 -0.1536397 0.7782148 -0.2086376 -0.5923276 0.7782148 -0.2086376 -0.5923276 0.7782148 -0.2086376 -0.5923276 -0.7782148 0.2086376 0.5923276 -0.7782148 0.2086376 0.5923276 -0.7782148 0.2086376 0.5923276 -0.1816642 -0.2244168 -0.9574107 -0.1816642 -0.2244168 -0.9574107 -0.1816642 -0.2244168 -0.9574107 0.1816642 0.2244168 0.9574107 0.1816642 0.2244168 0.9574107 0.1816642 0.2244168 0.9574107 0.9740969 -0.177133 0.1405671 0.9740969 -0.177133 0.1405671 0.9740969 -0.177133 0.1405671 -0.9740969 0.177133 -0.1405671 -0.9740969 0.177133 -0.1405671 -0.9740969 0.177133 -0.1405671 0.9501228 -0.3070589 0.05460275 0.9501228 -0.3070589 0.05460275 0.9501228 -0.3070589 0.05460275 -0.9501228 0.3070589 -0.05460275 -0.9501228 0.3070589 -0.05460275 -0.9501228 0.3070589 -0.05460275 0.8357681 -0.4823928 0.2622764 0.8357681 -0.4823928 0.2622764 0.8357681 -0.4823928 0.2622764 -0.8357681 0.4823928 -0.2622764 -0.8357681 0.4823928 -0.2622764 -0.8357681 0.4823928 -0.2622764 -0.3227837 -0.2965895 -0.8988022 -0.3227837 -0.2965895 -0.8988022 -0.3227837 -0.2965895 -0.8988022 0.3227837 0.2965895 0.8988022 0.3227837 0.2965895 0.8988022 0.3227837 0.2965895 0.8988022 0.9731099 -0.1557624 0.1696912 0.9731099 -0.1557624 0.1696912 0.9731099 -0.1557624 0.1696912 -0.9731099 0.1557624 -0.1696912 -0.9731099 0.1557624 -0.1696912 -0.9731099 0.1557624 -0.1696912 0.8579444 -0.4186447 0.2977716 0.8579444 -0.4186447 0.2977716 0.8579444 -0.4186447 0.2977716 -0.8579444 0.4186447 -0.2977716 -0.8579444 0.4186447 -0.2977716 -0.8579444 0.4186447 -0.2977716 -0.3210912 -0.4026008 -0.8572124 -0.3210912 -0.4026008 -0.8572124 -0.3210912 -0.4026008 -0.8572124 0.3210912 0.4026008 0.8572124 0.3210912 0.4026008 0.8572124 0.3210912 0.4026008 0.8572124 -0.3544823 -0.2555291 -0.8994705 -0.3544823 -0.2555291 -0.8994705 -0.3544823 -0.2555291 -0.8994705 0.3544823 0.2555291 0.8994705 0.3544823 0.2555291 0.8994705 0.3544823 0.2555291 0.8994705 0.9738111 -0.1445235 0.1755135 0.9738111 -0.1445235 0.1755135 0.9738111 -0.1445235 0.1755135 -0.9738111 0.1445235 -0.1755135 -0.9738111 0.1445235 -0.1755135 -0.9738111 0.1445235 -0.1755135 0.861289 -0.346357 0.371777 0.861289 -0.346357 0.371777 0.861289 -0.346357 0.371777 -0.861289 0.346357 -0.371777 -0.861289 0.346357 -0.371777 -0.861289 0.346357 -0.371777 0.8592121 -0.3552501 0.3681737 0.8592121 -0.3552501 0.3681737 0.8592121 -0.3552501 0.3681737 -0.8592121 0.3552501 -0.3681737 -0.8592121 0.3552501 -0.3681737 -0.8592121 0.3552501 -0.3681737 -0.4625641 -0.5523155 -0.6935287 -0.4625641 -0.5523155 -0.6935287 -0.4625641 -0.5523155 -0.6935287 0.4625641 0.5523155 0.6935287 0.4625641 0.5523155 0.6935287 0.4625641 0.5523155 0.6935287 0.9795239 -0.07471653 0.1869504 0.9795239 -0.07471653 0.1869504 0.9795239 -0.07471653 0.1869504 -0.9795239 0.07471653 -0.1869504 -0.9795239 0.07471653 -0.1869504 -0.9795239 0.07471653 -0.1869504 0.8193361 -0.212645 0.5324195 0.8193361 -0.212645 0.5324195 0.8193361 -0.212645 0.5324195 -0.8193361 0.212645 -0.5324195 -0.8193361 0.212645 -0.5324195 -0.8193361 0.212645 -0.5324195 0.8187796 -0.2169576 0.5315348 0.8187796 -0.2169576 0.5315348 0.8187796 -0.2169576 0.5315348 -0.8187796 0.2169576 -0.5315348 -0.8187796 0.2169576 -0.5315348 -0.8187796 0.2169576 -0.5315348 -0.4421495 -0.6201224 -0.648037 -0.4421495 -0.6201224 -0.648037 -0.4421495 -0.6201224 -0.648037 0.4421495 0.6201224 0.648037 0.4421495 0.6201224 0.648037 0.4421495 0.6201224 0.648037 -0.626153 -0.3988133 -0.6699853 -0.626153 -0.3988133 -0.6699853 -0.626153 -0.3988133 -0.6699853 0.626153 0.3988133 0.6699853 0.626153 0.3988133 0.6699853 0.626153 0.3988133 0.6699853 0.9772867 -0.04648645 0.2067601 0.9772867 -0.04648645 0.2067601 0.9772867 -0.04648645 0.2067601 -0.9772867 0.04648645 -0.2067601 -0.9772867 0.04648645 -0.2067601 -0.9772867 0.04648645 -0.2067601 0.4465428 -0.2185674 0.8676565 0.4465428 -0.2185674 0.8676565 0.4465428 -0.2185674 0.8676565 -0.4465428 0.2185674 -0.8676565 -0.4465428 0.2185674 -0.8676565 -0.4465428 0.2185674 -0.8676565 0.7717052 -0.04258175 0.6345533 0.7717052 -0.04258175 0.6345533 0.7717052 -0.04258175 0.6345533 -0.7717052 0.04258175 -0.6345533 -0.7717052 0.04258175 -0.6345533 -0.7717052 0.04258175 -0.6345533 0.5766207 -0.2996539 0.7600764 0.5766207 -0.2996539 0.7600764 0.5766207 -0.2996539 0.7600764 -0.5766207 0.2996539 -0.7600764 -0.5766207 0.2996539 -0.7600764 -0.5766207 0.2996539 -0.7600764 -0.5580847 -0.7751053 -0.2962319 -0.5580847 -0.7751053 -0.2962319 -0.5580847 -0.7751053 -0.2962319 0.5580847 0.7751053 0.2962319 0.5580847 0.7751053 0.2962319 0.5580847 0.7751053 0.2962319 -0.8052171 -0.4650617 -0.3678901 -0.8052171 -0.4650617 -0.3678901 -0.8052171 -0.4650617 -0.3678901 -0.8052171 -0.4650617 -0.3678901 0.8052171 0.4650617 0.3678901 0.8052171 0.4650617 0.3678901 0.8052171 0.4650617 0.3678901 0.8052171 0.4650617 0.3678901 0.9760605 0.01626689 0.2168902 0.9760605 0.01626689 0.2168902 0.9760605 0.01626689 0.2168902 -0.9760605 -0.01626689 -0.2168902 -0.9760605 -0.01626689 -0.2168902 -0.9760605 -0.01626689 -0.2168902 0.7583211 -0.08286115 0.6465935 0.7583211 -0.08286115 0.6465935 0.7583211 -0.08286115 0.6465935 -0.7583211 0.08286115 -0.6465935 -0.7583211 0.08286115 -0.6465935 -0.7583211 0.08286115 -0.6465935 0.52895 0.1851168 0.8282172 0.52895 0.1851168 0.8282172 0.52895 0.1851168 0.8282172 -0.52895 -0.1851168 -0.8282172 -0.52895 -0.1851168 -0.8282172 -0.52895 -0.1851168 -0.8282172 0.6366122 -0.053515 0.7693251 0.6366122 -0.053515 0.7693251 0.6366122 -0.053515 0.7693251 -0.6366122 0.053515 -0.7693251 -0.6366122 0.053515 -0.7693251 -0.6366122 0.053515 -0.7693251 0.5621939 -0.2853745 0.7762084 0.5621939 -0.2853745 0.7762084 0.5621939 -0.2853745 0.7762084 -0.5621939 0.2853745 -0.7762084 -0.5621939 0.2853745 -0.7762084 -0.5621939 0.2853745 -0.7762084 -0.635269 -0.7351838 -0.2365122 -0.635269 -0.7351838 -0.2365122 -0.635269 -0.7351838 -0.2365122 0.635269 0.7351838 0.2365122 0.635269 0.7351838 0.2365122 0.635269 0.7351838 0.2365122 -0.750237 -0.6091364 -0.2570937 -0.750237 -0.6091364 -0.2570937 -0.750237 -0.6091364 -0.2570937 0.750237 0.6091364 0.2570937 0.750237 0.6091364 0.2570937 0.750237 0.6091364 0.2570937 0.9200006 0.05197732 0.388455 0.9200006 0.05197732 0.388455 0.9200006 0.05197732 0.388455 -0.9200006 -0.05197732 -0.388455 -0.9200006 -0.05197732 -0.388455 -0.9200006 -0.05197732 -0.388455 0.9776311 0.03658909 0.2071198 0.9776311 0.03658909 0.2071198 0.9776311 0.03658909 0.2071198 -0.9776311 -0.03658909 -0.2071198 -0.9776311 -0.03658909 -0.2071198 -0.9776311 -0.03658909 -0.2071198 0.743346 -0.003543273 0.6688977 0.743346 -0.003543273 0.6688977 0.743346 -0.003543273 0.6688977 -0.743346 0.003543273 -0.6688977 -0.743346 0.003543273 -0.6688977 -0.743346 0.003543273 -0.6688977 0.5456313 0.2073202 0.8119758 0.5456313 0.2073202 0.8119758 0.5456313 0.2073202 0.8119758 -0.5456313 -0.2073202 -0.8119758 -0.5456313 -0.2073202 -0.8119758 -0.5456313 -0.2073202 -0.8119758 0.5865373 -0.01976014 0.8096811 0.5865373 -0.01976014 0.8096811 0.5865373 -0.01976014 0.8096811 -0.5865373 0.01976014 -0.8096811 -0.5865373 0.01976014 -0.8096811 -0.5865373 0.01976014 -0.8096811 0.5549733 -0.354481 0.7525609 0.5549733 -0.354481 0.7525609 0.5549733 -0.354481 0.7525609 -0.5549733 0.354481 -0.7525609 -0.5549733 0.354481 -0.7525609 -0.5549733 0.354481 -0.7525609 0.42428 -0.3323233 0.8423466 0.42428 -0.3323233 0.8423466 0.42428 -0.3323233 0.8423466 -0.42428 0.3323233 -0.8423466 -0.42428 0.3323233 -0.8423466 -0.42428 0.3323233 -0.8423466 -0.6256512 -0.7658457 -0.1484619 -0.6256512 -0.7658457 -0.1484619 -0.6256512 -0.7658457 -0.1484619 0.6256512 0.7658457 0.1484619 0.6256512 0.7658457 0.1484619 0.6256512 0.7658457 0.1484619 -0.7987455 -0.5883217 -0.1260288 -0.7987455 -0.5883217 -0.1260288 -0.7987455 -0.5883217 -0.1260288 0.7987455 0.5883217 0.1260288 0.7987455 0.5883217 0.1260288 0.7987455 0.5883217 0.1260288 0.8799903 0.1412846 0.4534928 0.8799903 0.1412846 0.4534928 0.8799903 0.1412846 0.4534928 -0.8799903 -0.1412846 -0.4534928 -0.8799903 -0.1412846 -0.4534928 -0.8799903 -0.1412846 -0.4534928 0.9693006 0.1449422 0.1986155 0.9693006 0.1449422 0.1986155 0.9693006 0.1449422 0.1986155 0.9693006 0.1449422 0.1986155 -0.9693006 -0.1449422 -0.1986155 -0.9693006 -0.1449422 -0.1986155 -0.9693006 -0.1449422 -0.1986155 -0.9693006 -0.1449422 -0.1986155 0.7174608 0.02901897 0.6959942 0.7174608 0.02901897 0.6959942 0.7174608 0.02901897 0.6959942 -0.7174608 -0.02901897 -0.6959942 -0.7174608 -0.02901897 -0.6959942 -0.7174608 -0.02901897 -0.6959942 0.5523268 0.4258011 0.7166788 0.5523268 0.4258011 0.7166788 0.5523268 0.4258011 0.7166788 -0.5523268 -0.4258011 -0.7166788 -0.5523268 -0.4258011 -0.7166788 -0.5523268 -0.4258011 -0.7166788 0.5856288 -0.008799165 0.8105316 0.5856288 -0.008799165 0.8105316 0.5856288 -0.008799165 0.8105316 -0.5856288 0.008799165 -0.8105316 -0.5856288 0.008799165 -0.8105316 -0.5856288 0.008799165 -0.8105316 0.5135871 -0.09699667 0.8525373 0.5135871 -0.09699667 0.8525373 0.5135871 -0.09699667 0.8525373 -0.5135871 0.09699667 -0.8525373 -0.5135871 0.09699667 -0.8525373 -0.5135871 0.09699667 -0.8525373 0.4809983 -0.1608533 0.8618392 0.4809983 -0.1608533 0.8618392 0.4809983 -0.1608533 0.8618392 -0.4809983 0.1608533 -0.8618392 -0.4809983 0.1608533 -0.8618392 -0.4809983 0.1608533 -0.8618392 0.3477771 -0.2917206 0.8910388 0.3477771 -0.2917206 0.8910388 0.3477771 -0.2917206 0.8910388 -0.3477771 0.2917206 -0.8910388 -0.3477771 0.2917206 -0.8910388 -0.3477771 0.2917206 -0.8910388 -0.697359 -0.7105789 -0.09363807 -0.697359 -0.7105789 -0.09363807 -0.697359 -0.7105789 -0.09363807 0.697359 0.7105789 0.09363807 0.697359 0.7105789 0.09363807 0.697359 0.7105789 0.09363807 0.8136683 0.1759802 0.5540532 0.8136683 0.1759802 0.5540532 0.8136683 0.1759802 0.5540532 -0.8136683 -0.1759802 -0.5540532 -0.8136683 -0.1759802 -0.5540532 -0.8136683 -0.1759802 -0.5540532 0.9617431 0.1506645 0.2288022 0.9617431 0.1506645 0.2288022 0.9617431 0.1506645 0.2288022 -0.9617431 -0.1506645 -0.2288022 -0.9617431 -0.1506645 -0.2288022 -0.9617431 -0.1506645 -0.2288022 0.9320235 0.3306251 0.1483888 0.9320235 0.3306251 0.1483888 0.9320235 0.3306251 0.1483888 -0.9320235 -0.3306251 -0.1483888 -0.9320235 -0.3306251 -0.1483888 -0.9320235 -0.3306251 -0.1483888 0.6295739 0.02888461 0.7764035 0.6295739 0.02888461 0.7764035 0.6295739 0.02888461 0.7764035 -0.6295739 -0.02888461 -0.7764035 -0.6295739 -0.02888461 -0.7764035 -0.6295739 -0.02888461 -0.7764035 0.5844172 0.4774798 0.6561018 0.5844172 0.4774798 0.6561018 0.5844172 0.4774798 0.6561018 -0.5844172 -0.4774798 -0.6561018 -0.5844172 -0.4774798 -0.6561018 -0.5844172 -0.4774798 -0.6561018 0.4856941 0.0008596307 0.8741284 0.4856941 0.0008596307 0.8741284 0.4856941 0.0008596307 0.8741284 -0.4856941 -0.0008596307 -0.8741284 -0.4856941 -0.0008596307 -0.8741284 -0.4856941 -0.0008596307 -0.8741284 0.4832534 -0.1151663 0.8678726 0.4832534 -0.1151663 0.8678726 0.4832534 -0.1151663 0.8678726 -0.4832534 0.1151663 -0.8678726 -0.4832534 0.1151663 -0.8678726 -0.4832534 0.1151663 -0.8678726 0.3752599 -0.1856867 0.9081302 0.3752599 -0.1856867 0.9081302 0.3752599 -0.1856867 0.9081302 -0.3752599 0.1856867 -0.9081302 -0.3752599 0.1856867 -0.9081302 -0.3752599 0.1856867 -0.9081302 0.3375839 -0.2957212 0.8936365 0.3375839 -0.2957212 0.8936365 0.3375839 -0.2957212 0.8936365 -0.3375839 0.2957212 -0.8936365 -0.3375839 0.2957212 -0.8936365 -0.3375839 0.2957212 -0.8936365 -0.6979242 -0.7120091 -0.07710333 -0.6979242 -0.7120091 -0.07710333 -0.6979242 -0.7120091 -0.07710333 0.6979242 0.7120091 0.07710333 0.6979242 0.7120091 0.07710333 0.6979242 0.7120091 0.07710333 0.7915046 0.3445726 0.5047675 0.7915046 0.3445726 0.5047675 0.7915046 0.3445726 0.5047675 -0.7915046 -0.3445726 -0.5047675 -0.7915046 -0.3445726 -0.5047675 -0.7915046 -0.3445726 -0.5047675 0.9606926 0.2338615 0.1495946 0.9606926 0.2338615 0.1495946 0.9606926 0.2338615 0.1495946 -0.9606926 -0.2338615 -0.1495946 -0.9606926 -0.2338615 -0.1495946 -0.9606926 -0.2338615 -0.1495946 0.5889956 0.1645346 0.7912095 0.5889956 0.1645346 0.7912095 0.5889956 0.1645346 0.7912095 -0.5889956 -0.1645346 -0.7912095 -0.5889956 -0.1645346 -0.7912095 -0.5889956 -0.1645346 -0.7912095 0.3779599 0.05053504 0.9244418 0.3779599 0.05053504 0.9244418 0.3779599 0.05053504 0.9244418 -0.3779599 -0.05053504 -0.9244418 -0.3779599 -0.05053504 -0.9244418 -0.3779599 -0.05053504 -0.9244418 0.3587454 -0.1219534 0.9254345 0.3587454 -0.1219534 0.9254345 0.3587454 -0.1219534 0.9254345 -0.3587454 0.1219534 -0.9254345 -0.3587454 0.1219534 -0.9254345 -0.3587454 0.1219534 -0.9254345 0.3681364 -0.1241156 0.9214504 0.3681364 -0.1241156 0.9214504 0.3681364 -0.1241156 0.9214504 -0.3681364 0.1241156 -0.9214504 -0.3681364 0.1241156 -0.9214504 -0.3681364 0.1241156 -0.9214504 0.3319688 -0.333314 0.882439 0.3319688 -0.333314 0.882439 0.3319688 -0.333314 0.882439 -0.3319688 0.333314 -0.882439 -0.3319688 0.333314 -0.882439 -0.3319688 0.333314 -0.882439 0.3803791 -0.2056923 0.9016665 0.3803791 -0.2056923 0.9016665 0.3803791 -0.2056923 0.9016665 -0.3803791 0.2056923 -0.9016665 -0.3803791 0.2056923 -0.9016665 -0.3803791 0.2056923 -0.9016665 0.2155673 -0.2778599 0.9361221 0.2155673 -0.2778599 0.9361221 0.2155673 -0.2778599 0.9361221 -0.2155673 0.2778599 -0.9361221 -0.2155673 0.2778599 -0.9361221 -0.2155673 0.2778599 -0.9361221 -0.5794547 -0.8149629 -0.008225856 -0.5794547 -0.8149629 -0.008225856 -0.5794547 -0.8149629 -0.008225856 0.5794547 0.8149629 0.008225856 0.5794547 0.8149629 0.008225856 0.5794547 0.8149629 0.008225856 0.8085956 0.2913415 0.5111686 0.8085956 0.2913415 0.5111686 0.8085956 0.2913415 0.5111686 -0.8085956 -0.2913415 -0.5111686 -0.8085956 -0.2913415 -0.5111686 -0.8085956 -0.2913415 -0.5111686 0.8753639 0.3848655 0.2926031 0.8753639 0.3848655 0.2926031 0.8753639 0.3848655 0.2926031 -0.8753639 -0.3848655 -0.2926031 -0.8753639 -0.3848655 -0.2926031 -0.8753639 -0.3848655 -0.2926031 0.9180746 0.3899683 0.0711599 0.9180746 0.3899683 0.0711599 0.9180746 0.3899683 0.0711599 -0.9180746 -0.3899683 -0.0711599 -0.9180746 -0.3899683 -0.0711599 -0.9180746 -0.3899683 -0.0711599 0.586894 0.3047031 0.7501409 0.586894 0.3047031 0.7501409 0.586894 0.3047031 0.7501409 -0.586894 -0.3047031 -0.7501409 -0.586894 -0.3047031 -0.7501409 -0.586894 -0.3047031 -0.7501409 0.3601044 0.198621 0.9115232 0.3601044 0.198621 0.9115232 0.3601044 0.198621 0.9115232 -0.3601044 -0.198621 -0.9115232 -0.3601044 -0.198621 -0.9115232 -0.3601044 -0.198621 -0.9115232 0.3791743 0.05113147 0.9239115 0.3791743 0.05113147 0.9239115 0.3791743 0.05113147 0.9239115 -0.3791743 -0.05113147 -0.9239115 -0.3791743 -0.05113147 -0.9239115 -0.3791743 -0.05113147 -0.9239115 0.2924029 -0.05213759 0.9548729 0.2924029 -0.05213759 0.9548729 0.2924029 -0.05213759 0.9548729 -0.2924029 0.05213759 -0.9548729 -0.2924029 0.05213759 -0.9548729 -0.2924029 0.05213759 -0.9548729 0.3616482 -0.113457 0.9253854 0.3616482 -0.113457 0.9253854 0.3616482 -0.113457 0.9253854 -0.3616482 0.113457 -0.9253854 -0.3616482 0.113457 -0.9253854 -0.3616482 0.113457 -0.9253854 0.372949 -0.1083375 0.9215053 0.372949 -0.1083375 0.9215053 0.372949 -0.1083375 0.9215053 0.372949 -0.1083375 0.9215053 -0.372949 0.1083375 -0.9215053 -0.372949 0.1083375 -0.9215053 -0.372949 0.1083375 -0.9215053 -0.372949 0.1083375 -0.9215053 0.2034187 -0.2487218 0.9469732 0.2034187 -0.2487218 0.9469732 0.2034187 -0.2487218 0.9469732 -0.2034187 0.2487218 -0.9469732 -0.2034187 0.2487218 -0.9469732 -0.2034187 0.2487218 -0.9469732 0.2020188 -0.2692807 0.9416349 0.2020188 -0.2692807 0.9416349 0.2020188 -0.2692807 0.9416349 -0.2020188 0.2692807 -0.9416349 -0.2020188 0.2692807 -0.9416349 -0.2020188 0.2692807 -0.9416349 -0.5986761 -0.7901911 0.1310914 -0.5986761 -0.7901911 0.1310914 -0.5986761 -0.7901911 0.1310914 0.5986761 0.7901911 -0.1310914 0.5986761 0.7901911 -0.1310914 0.5986761 0.7901911 -0.1310914 0.8214794 0.3869467 0.4188602 0.8214794 0.3869467 0.4188602 0.8214794 0.3869467 0.4188602 -0.8214794 -0.3869467 -0.4188602 -0.8214794 -0.3869467 -0.4188602 -0.8214794 -0.3869467 -0.4188602 0.8338816 0.4180463 0.360387 0.8338816 0.4180463 0.360387 0.8338816 0.4180463 0.360387 -0.8338816 -0.4180463 -0.360387 -0.8338816 -0.4180463 -0.360387 -0.8338816 -0.4180463 -0.360387 0.9140507 0.4036904 0.03931034 0.9140507 0.4036904 0.03931034 0.9140507 0.4036904 0.03931034 -0.9140507 -0.4036904 -0.03931034 -0.9140507 -0.4036904 -0.03931034 -0.9140507 -0.4036904 -0.03931034 0.3795401 0.1521483 0.9125789 0.3795401 0.1521483 0.9125789 0.3795401 0.1521483 0.9125789 -0.3795401 -0.1521483 -0.9125789 -0.3795401 -0.1521483 -0.9125789 -0.3795401 -0.1521483 -0.9125789 0.288411 -0.135111 0.9479262 0.288411 -0.135111 0.9479262 0.288411 -0.135111 0.9479262 -0.288411 0.135111 -0.9479262 -0.288411 0.135111 -0.9479262 -0.288411 0.135111 -0.9479262 0.2162684 -0.1958873 0.9564811 0.2162684 -0.1958873 0.9564811 0.2162684 -0.1958873 0.9564811 -0.2162684 0.1958873 -0.9564811 -0.2162684 0.1958873 -0.9564811 -0.2162684 0.1958873 -0.9564811 0.1533054 -0.1392656 0.9783162 0.1533054 -0.1392656 0.9783162 0.1533054 -0.1392656 0.9783162 -0.1533054 0.1392656 -0.9783162 -0.1533054 0.1392656 -0.9783162 -0.1533054 0.1392656 -0.9783162 0.196818 -0.2729687 0.9416744 0.196818 -0.2729687 0.9416744 0.196818 -0.2729687 0.9416744 -0.196818 0.2729687 -0.9416744 -0.196818 0.2729687 -0.9416744 -0.196818 0.2729687 -0.9416744 -0.6088019 -0.7854872 0.1112213 -0.6088019 -0.7854872 0.1112213 -0.6088019 -0.7854872 0.1112213 0.6088019 0.7854872 -0.1112213 0.6088019 0.7854872 -0.1112213 0.6088019 0.7854872 -0.1112213 0.8640167 0.5022493 0.03493981 0.8640167 0.5022493 0.03493981 0.8640167 0.5022493 0.03493981 -0.8640167 -0.5022493 -0.03493981 -0.8640167 -0.5022493 -0.03493981 -0.8640167 -0.5022493 -0.03493981 0.5354588 0.299863 0.7895353 0.5354588 0.299863 0.7895353 0.5354588 0.299863 0.7895353 -0.5354588 -0.299863 -0.7895353 -0.5354588 -0.299863 -0.7895353 -0.5354588 -0.299863 -0.7895353 0.09113628 -0.2597596 0.9613632 0.09113628 -0.2597596 0.9613632 0.09113628 -0.2597596 0.9613632 -0.09113628 0.2597596 -0.9613632 -0.09113628 0.2597596 -0.9613632 -0.09113628 0.2597596 -0.9613632 -0.7176372 -0.6439323 0.2652319 -0.7176372 -0.6439323 0.2652319 -0.7176372 -0.6439323 0.2652319 0.7176372 0.6439323 -0.2652319 0.7176372 0.6439323 -0.2652319 0.7176372 0.6439323 -0.2652319 -0.5174956 -0.846611 0.12429 -0.5174956 -0.846611 0.12429 -0.5174956 -0.846611 0.12429 0.5174956 0.846611 -0.12429 0.5174956 0.846611 -0.12429 0.5174956 0.846611 -0.12429 0.5428995 0.2951792 0.786212 0.5428995 0.2951792 0.786212 0.5428995 0.2951792 0.786212 -0.5428995 -0.2951792 -0.786212 -0.5428995 -0.2951792 -0.786212 -0.5428995 -0.2951792 -0.786212 0.04650441 -0.3103103 0.9494972 0.04650441 -0.3103103 0.9494972 0.04650441 -0.3103103 0.9494972 -0.04650441 0.3103103 -0.9494972 -0.04650441 0.3103103 -0.9494972 -0.04650441 0.3103103 -0.9494972 -0.5520342 -0.7267289 0.4088072 -0.5520342 -0.7267289 0.4088072 -0.5520342 -0.7267289 0.4088072 0.5520342 0.7267289 -0.4088072 0.5520342 0.7267289 -0.4088072 0.5520342 0.7267289 -0.4088072 -0.7892681 -0.538735 0.2946532 -0.7892681 -0.538735 0.2946532 -0.7892681 -0.538735 0.2946532 0.7892681 0.538735 -0.2946532 0.7892681 0.538735 -0.2946532 0.7892681 0.538735 -0.2946532 -0.3995206 -0.8674144 0.2966066 -0.3995206 -0.8674144 0.2966066 -0.3995206 -0.8674144 0.2966066 0.3995206 0.8674144 -0.2966066 0.3995206 0.8674144 -0.2966066 0.3995206 0.8674144 -0.2966066 -0.008038496 -0.3020164 0.9532688 -0.008038496 -0.3020164 0.9532688 -0.008038496 -0.3020164 0.9532688 0.008038496 0.3020164 -0.9532688 0.008038496 0.3020164 -0.9532688 0.008038496 0.3020164 -0.9532688 -0.7548556 -0.4421691 0.4844373 -0.7548556 -0.4421691 0.4844373 -0.7548556 -0.4421691 0.4844373 0.7548556 0.4421691 -0.4844373 0.7548556 0.4421691 -0.4844373 0.7548556 0.4421691 -0.4844373 -0.4920466 -0.7584218 0.4274185 -0.4920466 -0.7584218 0.4274185 -0.4920466 -0.7584218 0.4274185 0.4920466 0.7584218 -0.4274185 0.4920466 0.7584218 -0.4274185 0.4920466 0.7584218 -0.4274185 -0.8348889 -0.4710741 0.2846924 -0.8348889 -0.4710741 0.2846924 -0.8348889 -0.4710741 0.2846924 0.8348889 0.4710741 -0.2846924 0.8348889 0.4710741 -0.2846924 0.8348889 0.4710741 -0.2846924 -0.6090796 -0.537605 0.5830977 -0.6090796 -0.537605 0.5830977 -0.6090796 -0.537605 0.5830977 0.6090796 0.537605 -0.5830977 0.6090796 0.537605 -0.5830977 0.6090796 0.537605 -0.5830977 -0.01630459 -0.3149253 0.9489764 -0.01630459 -0.3149253 0.9489764 -0.01630459 -0.3149253 0.9489764 0.01630459 0.3149253 -0.9489764 0.01630459 0.3149253 -0.9489764 0.01630459 0.3149253 -0.9489764 -0.4972084 -0.4537281 0.7395368 -0.4972084 -0.4537281 0.7395368 -0.4972084 -0.4537281 0.7395368 0.4972084 0.4537281 -0.7395368 0.4972084 0.4537281 -0.7395368 0.4972084 0.4537281 -0.7395368 -0.4013029 -0.5830116 0.7064372 -0.4013029 -0.5830116 0.7064372 -0.4013029 -0.5830116 0.7064372 0.4013029 0.5830116 -0.7064372 0.4013029 0.5830116 -0.7064372 0.4013029 0.5830116 -0.7064372 -0.8818573 -0.3229351 0.3435705 -0.8818573 -0.3229351 0.3435705 -0.8818573 -0.3229351 0.3435705 0.8818573 0.3229351 -0.3435705 0.8818573 0.3229351 -0.3435705 0.8818573 0.3229351 -0.3435705 -0.7595356 -0.2729206 0.5904405 -0.7595356 -0.2729206 0.5904405 -0.7595356 -0.2729206 0.5904405 0.7595356 0.2729206 -0.5904405 0.7595356 0.2729206 -0.5904405 0.7595356 0.2729206 -0.5904405 -0.1113532 -0.3477264 0.9309601 -0.1113532 -0.3477264 0.9309601 -0.1113532 -0.3477264 0.9309601 0.1113532 0.3477264 -0.9309601 0.1113532 0.3477264 -0.9309601 0.1113532 0.3477264 -0.9309601 -0.02041342 -0.3813067 0.9242232 -0.02041342 -0.3813067 0.9242232 -0.02041342 -0.3813067 0.9242232 0.02041342 0.3813067 -0.9242232 0.02041342 0.3813067 -0.9242232 0.02041342 0.3813067 -0.9242232 -0.5281964 -0.3336012 0.780845 -0.5281964 -0.3336012 0.780845 -0.5281964 -0.3336012 0.780845 0.5281964 0.3336012 -0.780845 0.5281964 0.3336012 -0.780845 0.5281964 0.3336012 -0.780845 -0.4479952 -0.5053771 0.7374919 -0.4479952 -0.5053771 0.7374919 -0.4479952 -0.5053771 0.7374919 0.4479952 0.5053771 -0.7374919 0.4479952 0.5053771 -0.7374919 0.4479952 0.5053771 -0.7374919 -0.3736946 -0.5910782 0.7148279 -0.3736946 -0.5910782 0.7148279 -0.3736946 -0.5910782 0.7148279 0.3736946 0.5910782 -0.7148279 0.3736946 0.5910782 -0.7148279 0.3736946 0.5910782 -0.7148279 -0.8759018 -0.3026997 0.3757246 -0.8759018 -0.3026997 0.3757246 -0.8759018 -0.3026997 0.3757246 0.8759018 0.3026997 -0.3757246 0.8759018 0.3026997 -0.3757246 0.8759018 0.3026997 -0.3757246 -0.7714841 -0.2663588 0.5778107 -0.7714841 -0.2663588 0.5778107 -0.7714841 -0.2663588 0.5778107 0.7714841 0.2663588 -0.5778107 0.7714841 0.2663588 -0.5778107 0.7714841 0.2663588 -0.5778107 -0.6440013 -0.2706216 0.7155601 -0.6440013 -0.2706216 0.7155601 -0.6440013 -0.2706216 0.7155601 0.6440013 0.2706216 -0.7155601 0.6440013 0.2706216 -0.7155601 0.6440013 0.2706216 -0.7155601 -0.1795638 -0.2457655 0.9525524 -0.1795638 -0.2457655 0.9525524 -0.1795638 -0.2457655 0.9525524 0.1795638 0.2457655 -0.9525524 0.1795638 0.2457655 -0.9525524 0.1795638 0.2457655 -0.9525524 -0.1140173 -0.3736777 0.9205243 -0.1140173 -0.3736777 0.9205243 -0.1140173 -0.3736777 0.9205243 0.1140173 0.3736777 -0.9205243 0.1140173 0.3736777 -0.9205243 0.1140173 0.3736777 -0.9205243 -0.03143129 -0.3623968 0.9314938 -0.03143129 -0.3623968 0.9314938 -0.03143129 -0.3623968 0.9314938 0.03143129 0.3623968 -0.9314938 0.03143129 0.3623968 -0.9314938 0.03143129 0.3623968 -0.9314938 -0.4626821 -0.2700806 0.8443825 -0.4626821 -0.2700806 0.8443825 -0.4626821 -0.2700806 0.8443825 0.4626821 0.2700806 -0.8443825 0.4626821 0.2700806 -0.8443825 0.4626821 0.2700806 -0.8443825 -0.3525795 -0.2685349 0.8964244 -0.3525795 -0.2685349 0.8964244 -0.3525795 -0.2685349 0.8964244 0.3525795 0.2685349 -0.8964244 0.3525795 0.2685349 -0.8964244 0.3525795 0.2685349 -0.8964244 -0.30108 -0.3475835 0.8879958 -0.30108 -0.3475835 0.8879958 -0.30108 -0.3475835 0.8879958 0.30108 0.3475835 -0.8879958 0.30108 0.3475835 -0.8879958 0.30108 0.3475835 -0.8879958 -0.1730543 -0.2201594 0.9599906 -0.1730543 -0.2201594 0.9599906 -0.1730543 -0.2201594 0.9599906 0.1730543 0.2201594 -0.9599906 0.1730543 0.2201594 -0.9599906 0.1730543 0.2201594 -0.9599906 -0.2099605 -0.2724341 0.9389868 -0.2099605 -0.2724341 0.9389868 -0.2099605 -0.2724341 0.9389868 0.2099605 0.2724341 -0.9389868 0.2099605 0.2724341 -0.9389868 0.2099605 0.2724341 -0.9389868 -0.139766 -0.4095382 0.9015231 -0.139766 -0.4095382 0.9015231 -0.139766 -0.4095382 0.9015231 0.139766 0.4095382 -0.9015231 0.139766 0.4095382 -0.9015231 0.139766 0.4095382 -0.9015231 -0.4473325 -0.3373967 0.8282856 -0.4473325 -0.3373967 0.8282856 -0.4473325 -0.3373967 0.8282856 0.4473325 0.3373967 -0.8282856 0.4473325 0.3373967 -0.8282856 0.4473325 0.3373967 -0.8282856 -0.3453471 -0.3154201 0.883881 -0.3453471 -0.3154201 0.883881 -0.3453471 -0.3154201 0.883881 0.3453471 0.3154201 -0.883881 0.3453471 0.3154201 -0.883881 0.3453471 0.3154201 -0.883881 -0.2049171 -0.3427783 0.9167944 -0.2049171 -0.3427783 0.9167944 -0.2049171 -0.3427783 0.9167944 0.2049171 0.3427783 -0.9167944 0.2049171 0.3427783 -0.9167944 0.2049171 0.3427783 -0.9167944 -0.3022986 -0.1369547 0.9433233 -0.3022986 -0.1369547 0.9433233 -0.3022986 -0.1369547 0.9433233 0.3022986 0.1369547 -0.9433233 0.3022986 0.1369547 -0.9433233 0.3022986 0.1369547 -0.9433233 -0.3190138 -0.2890574 0.902594 -0.3190138 -0.2890574 0.902594 -0.3190138 -0.2890574 0.902594 0.3190138 0.2890574 -0.902594 0.3190138 0.2890574 -0.902594 0.3190138 0.2890574 -0.902594 -0.3150761 -0.111257 0.9425227 -0.3150761 -0.111257 0.9425227 -0.3150761 -0.111257 0.9425227 0.3150761 0.111257 -0.9425227 0.3150761 0.111257 -0.9425227 0.3150761 0.111257 -0.9425227 -0.3967943 -0.2325457 0.8879621 -0.3967943 -0.2325457 0.8879621 -0.3967943 -0.2325457 0.8879621 0.3967943 0.2325457 -0.8879621 0.3967943 0.2325457 -0.8879621 0.3967943 0.2325457 -0.8879621 -0.400142 -0.2533817 0.8807293 -0.400142 -0.2533817 0.8807293 -0.400142 -0.2533817 0.8807293 0.400142 0.2533817 -0.8807293 0.400142 0.2533817 -0.8807293 0.400142 0.2533817 -0.8807293</float_array>
                    <technique_common>
                        <accessor count="1140" source="#ID19" stride="3">
                            <param name="X" type="float"/>
                            <param name="Y" type="float"/>
                            <param name="Z" type="float"/>
                        </accessor>
                    </technique_common>
                </source>
                <vertices id="ID17">
                    <input semantic="POSITION" source="#ID15"/>
                    <input semantic="NORMAL" source="#ID16"/>
                </vertices>
                <triangles count="384" material="Material2">
                    <input offset="0" semantic="VERTEX" source="#ID17"/>
                    <p>0 1 2 3 4 5 6 7 8 9 10 11 12 13 14 15 16 17 18 19 20 21 22 23 24 25 26 27 28 29 30 31 32 33 34 35 36 37 38 39 40 41 42 43 44 45 46 47 48 49 50 51 52 53 54 55 56 57 58 59 60 61 62 63 64 65 66 67 68 69 70 71 72 73 74 75 76 77 78 79 80 81 82 83 84 85 86 87 88 89 90 91 92 93 94 95 96 97 98 99 100 101 102 103 104 105 106 107 108 109 110 111 112 113 114 115 116 117 118 119 120 121 122 123 124 125 126 127 128 129 130 131 132 133 134 135 136 137 138 139 140 141 142 143 144 145 146 147 148 149 150 151 152 153 154 155 156 157 158 159 160 161 162 163 164 165 166 167 168 169 170 171 172 173 174 175 176 177 178 179 180 181 182 183 184 185 186 187 188 189 190 191 192 193 194 195 196 197 198 199 200 201 202 203 204 205 206 207 208 209 210 211 212 213 214 215 216 217 218 219 220 221 222 223 224 225 226 227 228 229 230 231 232 233 234 235 236 237 238 239 240 241 242 243 244 245 246 247 248 249 250 251 252 253 254 255 256 257 258 259 260 261 262 263 264 265 266 267 268 269 270 271 272 273 274 275 276 277 278 279 280 281 282 283 284 285 286 287 288 289 290 291 292 293 294 295 296 297 298 299 300 301 302 303 304 305 306 307 308 309 310 311 312 313 314 315 316 317 318 319 320 321 322 323 324 325 326 327 328 329 330 331 332 333 334 335 336 337 338 339 340 341 342 343 344 345 346 347 348 349 350 351 352 353 354 355 356 357 358 359 360 361 362 363 364 365 366 367 368 369 370 371 372 373 374 375 376 377 378 379 380 381 382 383 384 385 386 387 388 389 390 391 392 393 394 395 396 397 398 399 400 401 402 403 404 405 406 407 408 409 410 411 412 413 414 415 416 417 418 419 420 421 422 423 424 425 426 427 428 429 430 431 432 433 434 435 436 437 438 439 440 441 442 443 444 445 446 447 448 449 450 451 452 453 454 455 456 457 458 459 460 461 462 463 464 463 462 465 466 467 468 469 468 467 470 471 472 473 474 475 476 477 478 479 480 481 482 483 484 485 486 487 488 489 490 491 492 493 494 495 496 497 498 499 500 501 502 503 504 505 506 507 508 509 510 511 512 513 514 515 516 517 518 519 520 521 522 523 524 525 526 527 528 529 530 531 532 533 534 535 536 537 538 539 540 541 542 543 544 545 546 547 548 549 550 551 552 553 554 555 556 557 558 559 560 561 562 563 564 565 566 567 568 569 570 571 572 573 574 573 572 575 576 577 578 579 578 577 580 581 582 583 584 585 586 587 588 589 590 591 592 593 594 595 596 597 598 599 600 601 602 603 604 605 606 607 608 609 610 611 612 613 614 615 616 617 618 619 620 621 622 623 624 625 626 627 628 629 630 631 632 633 634 635 636 637 638 639 640 641 642 643 644 645 646 647 648 649 650 651 652 653 654 655 656 657 658 659 660 661 662 663 664 665 666 667 668 669 670 671 672 673 674 675 676 677 678 679 680 681 682 683 684 685 686 687 688 689 690 691 692 693 694 695 696 697 698 699 700 701 702 703 704 705 706 707 708 709 710 711 712 713 714 715 716 717 718 719 720 721 722 723 724 725 726 727 728 729 730 731 732 733 734 735 736 737 738 739 740 741 742 743 744 745 746 747 748 749 750 751 752 753 754 755 756 757 758 759 760 761 762 763 764 765 766 767 768 769 770 771 772 773 774 775 776 777 778 779 780 781 782 783 784 785 786 787 788 789 790 791 792 791 790 793 794 795 796 797 796 795 798 799 800 801 802 803 804 805 806 807 808 809 810 811 812 813 814 815 816 817 818 819 820 821 822 823 824 825 826 827 828 829 830 831 832 833 834 835 836 837 838 839 840 841 842 843 844 845 846 847 848 849 850 851 852 853 854 855 856 857 858 859 860 861 862 863 864 865 866 867 868 869 870 871 872 873 874 875 876 877 878 879 880 881 882 883 884 885 886 887 888 889 890 891 892 893 894 895 896 897 898 899 900 901 902 903 904 905 906 907 908 909 910 911 912 913 914 915 916 917 918 919 920 921 922 923 924 925 926 927 928 929 930 931 932 933 934 935 936 937 938 939 940 941 942 943 944 945 946 947 948 949 950 951 952 953 954 955 956 957 958 959 960 961 962 963 964 965 966 967 968 969 970 971 972 973 974 975 976 977 978 979 980 981 982 983 984 985 986 987 988 989 990 991 992 993 994 995 996 997 998 999 1000 1001 1002 1003 1004 1005 1006 1007 1008 1009 1010 1011 1012 1013 1014 1015 1016 1017 1018 1019 1020 1021 1022 1023 1024 1025 1026 1027 1028 1029 1030 1031 1032 1033 1034 1035 1036 1037 1038 1039 1040 1041 1042 1043 1044 1045 1046 1047 1048 1049 1050 1051 1052 1053 1054 1055 1056 1057 1058 1059 1060 1061 1062 1063 1064 1065 1066 1067 1068 1069 1070 1071 1072 1073 1074 1075 1076 1077 1078 1079 1080 1081 1082 1083 1084 1085 1086 1087 1088 1089 1090 1091 1092 1093 1094 1095 1096 1097 1098 1099 1100 1101 1102 1103 1104 1105 1106 1107 1108 1109 1110 1111 1112 1113 1114 1115 1116 1117 1118 1119 1120 1121 1122 1123 1124 1125 1126 1127 1128 1129 1130 1131 1132 1133 1134 1135 1136 1137 1138 1139</p>
                </triangles>
            </mesh>
        </geometry>
        <geometry id="ID20">
            <mesh>
                <source id="ID21">
                    <float_array id="ID24" count="2832">49.49669 6.65103 41.82158 45.6737 10.83032 44.85142 41.13236 8.36567 44.38603 41.13236 8.36567 44.38603 45.6737 10.83032 44.85142 49.49669 6.65103 41.82158 52.47197 8.22032 42.16382 45.6737 10.83032 44.85142 49.49669 6.65103 41.82158 49.49669 6.65103 41.82158 45.6737 10.83032 44.85142 52.47197 8.22032 42.16382 45.6737 10.83032 44.85142 38.3074 10.22981 45.01595 41.13236 8.36567 44.38603 41.13236 8.36567 44.38603 38.3074 10.22981 45.01595 45.6737 10.83032 44.85142 49.49669 6.65103 41.82158 41.13236 8.36567 44.38603 41.15447 3.9289 40.6148 41.15447 3.9289 40.6148 41.13236 8.36567 44.38603 49.49669 6.65103 41.82158 52.47197 8.22032 42.16382 49.74606 11.22355 44.11425 45.6737 10.83032 44.85142 45.6737 10.83032 44.85142 49.74606 11.22355 44.11425 52.47197 8.22032 42.16382 52.47197 8.22032 42.16382 49.49669 6.65103 41.82158 57.88842 7.07185 38.11079 57.88842 7.07185 38.11079 49.49669 6.65103 41.82158 52.47197 8.22032 42.16382 41.15447 3.9289 40.6148 41.13236 8.36567 44.38603 33.05055 7.62477 43.82508 33.05055 7.62477 43.82508 41.13236 8.36567 44.38603 41.15447 3.9289 40.6148 49.49669 6.65103 41.82158 41.15447 3.9289 40.6148 48.84728 3.35461 38.49091 48.84728 3.35461 38.49091 41.15447 3.9289 40.6148 49.49669 6.65103 41.82158 52.47197 8.22032 42.16382 51.79547 11.19374 43.63347 49.74606 11.22355 44.11425 49.74606 11.22355 44.11425 51.79547 11.19374 43.63347 52.47197 8.22032 42.16382 49.49669 6.65103 41.82158 53.12441 4.16213 37.49957 57.88842 7.07185 38.11079 57.88842 7.07185 38.11079 53.12441 4.16213 37.49957 49.49669 6.65103 41.82158 57.88842 7.07185 38.11079 57.72756 10.67674 40.83642 52.47197 8.22032 42.16382 52.47197 8.22032 42.16382 57.72756 10.67674 40.83642 57.88842 7.07185 38.11079 41.15447 3.9289 40.6148 33.05055 7.62477 43.82508 29.05252 3.60036 39.6339 29.05252 3.60036 39.6339 33.05055 7.62477 43.82508 41.15447 3.9289 40.6148 41.15447 3.9289 40.6148 41.91681 1.59811 37.13488 48.84728 3.35461 38.49091 48.84728 3.35461 38.49091 41.91681 1.59811 37.13488 41.15447 3.9289 40.6148 49.49669 6.65103 41.82158 48.84728 3.35461 38.49091 53.12441 4.16213 37.49957 53.12441 4.16213 37.49957 48.84728 3.35461 38.49091 49.49669 6.65103 41.82158 54.40339 10.1491 42.3026 51.79547 11.19374 43.63347 52.47197 8.22032 42.16382 52.47197 8.22032 42.16382 51.79547 11.19374 43.63347 54.40339 10.1491 42.3026 57.88842 7.07185 38.11079 53.12441 4.16213 37.49957 57.67413 4.94174 34.29654 57.67413 4.94174 34.29654 53.12441 4.16213 37.49957 57.88842 7.07185 38.11079 61.32732 10.98611 38.22748 57.72756 10.67674 40.83642 57.88842 7.07185 38.11079 57.88842 7.07185 38.11079 57.72756 10.67674 40.83642 61.32732 10.98611 38.22748 57.72756 10.67674 40.83642 54.40339 10.1491 42.3026 52.47197 8.22032 42.16382 52.47197 8.22032 42.16382 54.40339 10.1491 42.3026 57.72756 10.67674 40.83642 33.05055 7.62477 43.82508 24.06587 8.52855 42.84272 29.05252 3.60036 39.6339 29.05252 3.60036 39.6339 24.06587 8.52855 42.84272 33.05055 7.62477 43.82508 41.15447 3.9289 40.6148 29.05252 3.60036 39.6339 32.9037 2.16276 38.15563 32.9037 2.16276 38.15563 29.05252 3.60036 39.6339 41.15447 3.9289 40.6148 41.15447 3.9289 40.6148 32.9037 2.16276 38.15563 41.91681 1.59811 37.13488 41.91681 1.59811 37.13488 32.9037 2.16276 38.15563 41.15447 3.9289 40.6148 48.84728 3.35461 38.49091 41.91681 1.59811 37.13488 46.54496 1.67036 34.86107 46.54496 1.67036 34.86107 41.91681 1.59811 37.13488 48.84728 3.35461 38.49091 48.84728 3.35461 38.49091 51.33358 3.05142 35.22441 53.12441 4.16213 37.49957 53.12441 4.16213 37.49957 51.33358 3.05142 35.22441 48.84728 3.35461 38.49091 53.12441 4.16213 37.49957 57.36516 4.02512 29.55058 57.67413 4.94174 34.29654 57.67413 4.94174 34.29654 57.36516 4.02512 29.55058 53.12441 4.16213 37.49957 57.88842 7.07185 38.11079 57.67413 4.94174 34.29654 59.82401 7.24063 35.84551 59.82401 7.24063 35.84551 57.67413 4.94174 34.29654 57.88842 7.07185 38.11079 61.32732 10.98611 38.22748 57.88842 7.07185 38.11079 61.05768 9.52126 37.15339 61.05768 9.52126 37.15339 57.88842 7.07185 38.11079 61.32732 10.98611 38.22748 29.05252 3.60036 39.6339 24.06587 8.52855 42.84272 20.90571 4.99898 38.27213 20.90571 4.99898 38.27213 24.06587 8.52855 42.84272 29.05252 3.60036 39.6339 29.05252 3.60036 39.6339 23.54047 3.25217 36.27988 32.9037 2.16276 38.15563 32.9037 2.16276 38.15563 23.54047 3.25217 36.27988 29.05252 3.60036 39.6339 32.9037 2.16276 38.15563 34.8792 0.82256 34.70831 41.91681 1.59811 37.13488 41.91681 1.59811 37.13488 34.8792 0.82256 34.70831 32.9037 2.16276 38.15563 41.91681 1.59811 37.13488 40.2453 0.12382 30.83653 46.54496 1.67036 34.86107 46.54496 1.67036 34.86107 40.2453 0.12382 30.83653 41.91681 1.59811 37.13488 48.84728 3.35461 38.49091 46.54496 1.67036 34.86107 51.33358 3.05142 35.22441 51.33358 3.05142 35.22441 46.54496 1.67036 34.86107 48.84728 3.35461 38.49091 53.12441 4.16213 37.49957 51.33358 3.05142 35.22441 57.36516 4.02512 29.55058 57.36516 4.02512 29.55058 51.33358 3.05142 35.22441 53.12441 4.16213 37.49957 57.67413 4.94174 34.29654 57.36516 4.02512 29.55058 59.5585 5.35949 31.67108 59.5585 5.35949 31.67108 57.36516 4.02512 29.55058 57.67413 4.94174 34.29654 59.82401 7.24063 35.84551 57.67413 4.94174 34.29654 59.5585 5.35949 31.67108 59.5585 5.35949 31.67108 57.67413 4.94174 34.29654 59.82401 7.24063 35.84551 61.05768 9.52126 37.15339 57.88842 7.07185 38.11079 59.82401 7.24063 35.84551 59.82401 7.24063 35.84551 57.88842 7.07185 38.11079 61.05768 9.52126 37.15339 61.32732 10.98611 38.22748 61.05768 9.52126 37.15339 61.59508 8.84284 35.53457 61.59508 8.84284 35.53457 61.05768 9.52126 37.15339 61.32732 10.98611 38.22748 29.05252 3.60036 39.6339 20.90571 4.99898 38.27213 23.54047 3.25217 36.27988 23.54047 3.25217 36.27988 20.90571 4.99898 38.27213 29.05252 3.60036 39.6339 32.9037 2.16276 38.15563 23.54047 3.25217 36.27988 29.93957 1.41363 35.26555 29.93957 1.41363 35.26555 23.54047 3.25217 36.27988 32.9037 2.16276 38.15563 32.9037 2.16276 38.15563 29.93957 1.41363 35.26555 34.8792 0.82256 34.70831 34.8792 0.82256 34.70831 29.93957 1.41363 35.26555 32.9037 2.16276 38.15563 41.91681 1.59811 37.13488 34.8792 0.82256 34.70831 40.2453 0.12382 30.83653 40.2453 0.12382 30.83653 34.8792 0.82256 34.70831 41.91681 1.59811 37.13488 44.63752 1.02359 30.57467 40.2453 0.12382 30.83653 41.41681 0.02119 24.8554 46.54496 1.67036 34.86107 46.54496 1.67036 34.86107 44.63752 1.02359 30.57467 40.2453 0.12382 30.83653 41.41681 0.02119 24.8554 51.33358 3.05142 35.22441 46.54496 1.67036 34.86107 50.58303 3.53103 32.60769 50.58303 3.53103 32.60769 46.54496 1.67036 34.86107 51.33358 3.05142 35.22441 51.33358 3.05142 35.22441 53.8389 3.64024 29.94803 57.36516 4.02512 29.55058 57.36516 4.02512 29.55058 53.8389 3.64024 29.94803 51.33358 3.05142 35.22441 59.5585 5.35949 31.67108 57.36516 4.02512 29.55058 59.85468 5.03878 22.84933 59.85468 5.03878 22.84933 57.36516 4.02512 29.55058 59.5585 5.35949 31.67108 59.82401 7.24063 35.84551 59.5585 5.35949 31.67108 62.31138 7.79473 31.32427 62.31138 7.79473 31.32427 59.5585 5.35949 31.67108 59.82401 7.24063 35.84551 61.05768 9.52126 37.15339 59.82401 7.24063 35.84551 61.59508 8.84284 35.53457 61.59508 8.84284 35.53457 59.82401 7.24063 35.84551 61.05768 9.52126 37.15339 20.90571 4.99898 38.27213 18.30709 3.96717 31.75437 23.54047 3.25217 36.27988 23.54047 3.25217 36.27988 18.30709 3.96717 31.75437 20.90571 4.99898 38.27213 23.54047 3.25217 36.27988 25.3039 2.78741 34.46949 29.93957 1.41363 35.26555 29.93957 1.41363 35.26555 25.3039 2.78741 34.46949 23.54047 3.25217 36.27988 29.93957 1.41363 35.26555 31.58988 0.61367 30.56112 34.8792 0.82256 34.70831 34.8792 0.82256 34.70831 31.58988 0.61367 30.56112 29.93957 1.41363 35.26555 34.8792 0.82256 34.70831 31.58988 0.61367 30.56112 40.2453 0.12382 30.83653 40.2453 0.12382 30.83653 31.58988 0.61367 30.56112 34.8792 0.82256 34.70831 44.63752 1.02359 30.57467 41.41681 0.02119 24.8554 45.60559 1.7739 21.74138 45.60559 1.7739 21.74138 41.41681 0.02119 24.8554 44.63752 1.02359 30.57467 46.54496 1.67036 34.86107 44.63752 1.02359 30.57467 48.84594 2.9706 32.36573 48.84594 2.9706 32.36573 44.63752 1.02359 30.57467 46.54496 1.67036 34.86107 40.2453 0.12382 30.83653 34.14576 0 24.18603 41.41681 0.02119 24.8554 41.41681 0.02119 24.8554 34.14576 0 24.18603 40.2453 0.12382 30.83653 46.54496 1.67036 34.86107 48.84594 2.9706 32.36573 50.58303 3.53103 32.60769 50.58303 3.53103 32.60769 48.84594 2.9706 32.36573 46.54496 1.67036 34.86107 51.33358 3.05142 35.22441 50.58303 3.53103 32.60769 53.8389 3.64024 29.94803 53.8389 3.64024 29.94803 50.58303 3.53103 32.60769 51.33358 3.05142 35.22441 53.8389 3.64024 29.94803 54.42748 3.73221 22.9826 57.36516 4.02512 29.55058 57.36516 4.02512 29.55058 54.42748 3.73221 22.9826 53.8389 3.64024 29.94803 57.36516 4.02512 29.55058 57.83413 4.32804 17.26721 59.85468 5.03878 22.84933 59.85468 5.03878 22.84933 57.83413 4.32804 17.26721 57.36516 4.02512 29.55058 59.5585 5.35949 31.67108 59.85468 5.03878 22.84933 62.81016 7.10745 24.15248 62.81016 7.10745 24.15248 59.85468 5.03878 22.84933 59.5585 5.35949 31.67108 59.5585 5.35949 31.67108 62.81016 7.10745 24.15248 62.31138 7.79473 31.32427 62.31138 7.79473 31.32427 62.81016 7.10745 24.15248 59.5585 5.35949 31.67108 59.82401 7.24063 35.84551 62.31138 7.79473 31.32427 61.59508 8.84284 35.53457 61.59508 8.84284 35.53457 62.31138 7.79473 31.32427 59.82401 7.24063 35.84551 23.54047 3.25217 36.27988 18.30709 3.96717 31.75437 20.79311 3.60622 28.51084 20.79311 3.60622 28.51084 18.30709 3.96717 31.75437 23.54047 3.25217 36.27988 23.54047 3.25217 36.27988 22.97508 3.77284 31.87027 25.3039 2.78741 34.46949 25.3039 2.78741 34.46949 22.97508 3.77284 31.87027 23.54047 3.25217 36.27988 29.93957 1.41363 35.26555 25.3039 2.78741 34.46949 29.2748 1.48579 31.67658 29.2748 1.48579 31.67658 25.3039 2.78741 34.46949 29.93957 1.41363 35.26555 29.93957 1.41363 35.26555 29.2748 1.48579 31.67658 31.58988 0.61367 30.56112 31.58988 0.61367 30.56112 29.2748 1.48579 31.67658 29.93957 1.41363 35.26555 40.2453 0.12382 30.83653 31.58988 0.61367 30.56112 34.14576 0 24.18603 34.14576 0 24.18603 31.58988 0.61367 30.56112 40.2453 0.12382 30.83653 41.41681 0.02119 24.8554 43.1589 0.58603 17.9139 45.60559 1.7739 21.74138 45.60559 1.7739 21.74138 43.1589 0.58603 17.9139 41.41681 0.02119 24.8554 44.63752 1.02359 30.57467 45.60559 1.7739 21.74138 46.29165 2.21288 29.99834 46.29165 2.21288 29.99834 45.60559 1.7739 21.74138 44.63752 1.02359 30.57467 48.84594 2.9706 32.36573 44.63752 1.02359 30.57467 46.29165 2.21288 29.99834 46.29165 2.21288 29.99834 44.63752 1.02359 30.57467 48.84594 2.9706 32.36573 41.41681 0.02119 24.8554 34.14576 0 24.18603 38.31645 0.29776 15.72217 38.31645 0.29776 15.72217 34.14576 0 24.18603 41.41681 0.02119 24.8554 57.36516 4.02512 29.55058 54.42748 3.73221 22.9826 57.83413 4.32804 17.26721 57.83413 4.32804 17.26721 54.42748 3.73221 22.9826 57.36516 4.02512 29.55058 59.85468 5.03878 22.84933 57.83413 4.32804 17.26721 61.74874 7.2763 14.53914 61.74874 7.2763 14.53914 57.83413 4.32804 17.26721 59.85468 5.03878 22.84933 62.81016 7.10745 24.15248 59.85468 5.03878 22.84933 61.74874 7.2763 14.53914 61.74874 7.2763 14.53914 59.85468 5.03878 22.84933 62.81016 7.10745 24.15248 18.30709 3.96717 31.75437 19.50047 3.7117 18.20177 20.79311 3.60622 28.51084 20.79311 3.60622 28.51084 19.50047 3.7117 18.20177 18.30709 3.96717 31.75437 23.54047 3.25217 36.27988 20.79311 3.60622 28.51084 22.97508 3.77284 31.87027 22.97508 3.77284 31.87027 20.79311 3.60622 28.51084 23.54047 3.25217 36.27988 25.3039 2.78741 34.46949 22.97508 3.77284 31.87027 26.64268 3.17426 32.15432 26.64268 3.17426 32.15432 22.97508 3.77284 31.87027 25.3039 2.78741 34.46949 25.3039 2.78741 34.46949 26.64268 3.17426 32.15432 29.2748 1.48579 31.67658 29.2748 1.48579 31.67658 26.64268 3.17426 32.15432 25.3039 2.78741 34.46949 29.2748 1.48579 31.67658 31.31323 0.73867 24.79839 31.58988 0.61367 30.56112 31.58988 0.61367 30.56112 31.31323 0.73867 24.79839 29.2748 1.48579 31.67658 31.58988 0.61367 30.56112 31.31323 0.73867 24.79839 34.14576 0 24.18603 34.14576 0 24.18603 31.31323 0.73867 24.79839 31.58988 0.61367 30.56112 41.41681 0.02119 24.8554 38.31645 0.29776 15.72217 43.1589 0.58603 17.9139 43.1589 0.58603 17.9139 38.31645 0.29776 15.72217 41.41681 0.02119 24.8554 45.60559 1.7739 21.74138 43.1589 0.58603 17.9139 46.42732 2.45567 18.6102 46.42732 2.45567 18.6102 43.1589 0.58603 17.9139 45.60559 1.7739 21.74138 34.14576 0 24.18603 32.16807 0.42831 20.95925 38.31645 0.29776 15.72217 38.31645 0.29776 15.72217 32.16807 0.42831 20.95925 34.14576 0 24.18603 54.42748 3.73221 22.9826 53.58953 3.64182 18.43784 57.83413 4.32804 17.26721 57.83413 4.32804 17.26721 53.58953 3.64182 18.43784 54.42748 3.73221 22.9826 57.83413 4.32804 17.26721 56.20854 4.62626 11.07299 61.74874 7.2763 14.53914 61.74874 7.2763 14.53914 56.20854 4.62626 11.07299 57.83413 4.32804 17.26721 18.30709 3.96717 31.75437 15.88976 4.63099 26.21121 19.50047 3.7117 18.20177 19.50047 3.7117 18.20177 15.88976 4.63099 26.21121 18.30709 3.96717 31.75437 20.79311 3.60622 28.51084 19.50047 3.7117 18.20177 21.09398 3.8228 19.66193 21.09398 3.8228 19.66193 19.50047 3.7117 18.20177 20.79311 3.60622 28.51084 26.64268 3.17426 32.15432 28.78673 2.2239 29.89827 29.2748 1.48579 31.67658 29.2748 1.48579 31.67658 28.78673 2.2239 29.89827 26.64268 3.17426 32.15432 29.2748 1.48579 31.67658 28.78673 2.2239 29.89827 31.31323 0.73867 24.79839 31.31323 0.73867 24.79839 28.78673 2.2239 29.89827 29.2748 1.48579 31.67658 31.31323 0.73867 24.79839 32.16807 0.42831 20.95925 34.14576 0 24.18603 34.14576 0 24.18603 32.16807 0.42831 20.95925 31.31323 0.73867 24.79839 43.1589 0.58603 17.9139 38.31645 0.29776 15.72217 42.57559 1.34394 11.57937 42.57559 1.34394 11.57937 38.31645 0.29776 15.72217 43.1589 0.58603 17.9139 46.42732 2.45567 18.6102 43.1589 0.58603 17.9139 47.98063 2.37284 14.11815 47.98063 2.37284 14.11815 43.1589 0.58603 17.9139 46.42732 2.45567 18.6102 32.16807 0.42831 20.95925 32.54799 0.43563 17.02807 38.31645 0.29776 15.72217 38.31645 0.29776 15.72217 32.54799 0.43563 17.02807 32.16807 0.42831 20.95925 53.58953 3.64182 18.43784 49.6876 2.95922 11.74603 57.83413 4.32804 17.26721 57.83413 4.32804 17.26721 49.6876 2.95922 11.74603 53.58953 3.64182 18.43784 57.83413 4.32804 17.26721 49.6876 2.95922 11.74603 56.20854 4.62626 11.07299 56.20854 4.62626 11.07299 49.6876 2.95922 11.74603 57.83413 4.32804 17.26721 61.74874 7.2763 14.53914 56.20854 4.62626 11.07299 58.99677 6.86032 8.77941 58.99677 6.86032 8.77941 56.20854 4.62626 11.07299 61.74874 7.2763 14.53914 15.88976 4.63099 26.21121 14.41122 5.75189 19.31284 19.50047 3.7117 18.20177 19.50047 3.7117 18.20177 14.41122 5.75189 19.31284 15.88976 4.63099 26.21121 21.09398 3.8228 19.66193 19.50047 3.7117 18.20177 23.5963 3.75158 16.75874 23.5963 3.75158 16.75874 19.50047 3.7117 18.20177 21.09398 3.8228 19.66193 28.78673 2.2239 29.89827 29.42382 1.92725 26.39612 31.31323 0.73867 24.79839 31.31323 0.73867 24.79839 29.42382 1.92725 26.39612 28.78673 2.2239 29.89827 31.31323 0.73867 24.79839 28.90823 2.24469 19.19264 32.16807 0.42831 20.95925 32.16807 0.42831 20.95925 28.90823 2.24469 19.19264 31.31323 0.73867 24.79839 38.31645 0.29776 15.72217 33.74543 0.85867 12.91756 42.57559 1.34394 11.57937 42.57559 1.34394 11.57937 33.74543 0.85867 12.91756 38.31645 0.29776 15.72217 43.1589 0.58603 17.9139 42.57559 1.34394 11.57937 47.98063 2.37284 14.11815 47.98063 2.37284 14.11815 42.57559 1.34394 11.57937 43.1589 0.58603 17.9139 46.42732 2.45567 18.6102 47.98063 2.37284 14.11815 50.16213 3.57788 16.38709 50.16213 3.57788 16.38709 47.98063 2.37284 14.11815 46.42732 2.45567 18.6102 32.16807 0.42831 20.95925 26.01913 2.82268 14.32067 32.54799 0.43563 17.02807 32.54799 0.43563 17.02807 26.01913 2.82268 14.32067 32.16807 0.42831 20.95925 32.54799 0.43563 17.02807 33.74543 0.85867 12.91756 38.31645 0.29776 15.72217 38.31645 0.29776 15.72217 33.74543 0.85867 12.91756 32.54799 0.43563 17.02807 53.58953 3.64182 18.43784 50.16213 3.57788 16.38709 49.6876 2.95922 11.74603 49.6876 2.95922 11.74603 50.16213 3.57788 16.38709 53.58953 3.64182 18.43784 49.6876 2.95922 11.74603 50.08941 4.4389 6.90217 56.20854 4.62626 11.07299 56.20854 4.62626 11.07299 50.08941 4.4389 6.90217 49.6876 2.95922 11.74603 56.20854 4.62626 11.07299 50.08941 4.4389 6.90217 58.99677 6.86032 8.77941 58.99677 6.86032 8.77941 50.08941 4.4389 6.90217 56.20854 4.62626 11.07299 60.38791 9.22032 7.40386 61.74874 7.2763 14.53914 58.99677 6.86032 8.77941 58.99677 6.86032 8.77941 61.74874 7.2763 14.53914 60.38791 9.22032 7.40386 14.41122 5.75189 19.31284 16.49921 5.17697 13.47933 19.50047 3.7117 18.20177 19.50047 3.7117 18.20177 16.49921 5.17697 13.47933 14.41122 5.75189 19.31284 19.50047 3.7117 18.20177 26.01913 2.82268 14.32067 23.5963 3.75158 16.75874 23.5963 3.75158 16.75874 26.01913 2.82268 14.32067 19.50047 3.7117 18.20177 29.42382 1.92725 26.39612 28.90823 2.24469 19.19264 31.31323 0.73867 24.79839 31.31323 0.73867 24.79839 28.90823 2.24469 19.19264 29.42382 1.92725 26.39612 32.16807 0.42831 20.95925 28.90823 2.24469 19.19264 26.01913 2.82268 14.32067 26.01913 2.82268 14.32067 28.90823 2.24469 19.19264 32.16807 0.42831 20.95925 33.74543 0.85867 12.91756 39.23896 2.43871 7.53669 42.57559 1.34394 11.57937 42.57559 1.34394 11.57937 39.23896 2.43871 7.53669 33.74543 0.85867 12.91756 47.98063 2.37284 14.11815 42.57559 1.34394 11.57937 49.6876 2.95922 11.74603 49.6876 2.95922 11.74603 42.57559 1.34394 11.57937 47.98063 2.37284 14.11815 50.16213 3.57788 16.38709 47.98063 2.37284 14.11815 49.6876 2.95922 11.74603 49.6876 2.95922 11.74603 47.98063 2.37284 14.11815 50.16213 3.57788 16.38709 32.54799 0.43563 17.02807 26.01913 2.82268 14.32067 25.72244 3.05788 10.56685 25.72244 3.05788 10.56685 26.01913 2.82268 14.32067 32.54799 0.43563 17.02807 32.54799 0.43563 17.02807 25.72244 3.05788 10.56685 33.74543 0.85867 12.91756 33.74543 0.85867 12.91756 25.72244 3.05788 10.56685 32.54799 0.43563 17.02807 49.6876 2.95922 11.74603 42.57559 1.34394 11.57937 50.08941 4.4389 6.90217 50.08941 4.4389 6.90217 42.57559 1.34394 11.57937 49.6876 2.95922 11.74603 58.99677 6.86032 8.77941 50.08941 4.4389 6.90217 55.71327 7.81402 5.66146 55.71327 7.81402 5.66146 50.08941 4.4389 6.90217 58.99677 6.86032 8.77941 60.38791 9.22032 7.40386 58.99677 6.86032 8.77941 55.71327 7.81402 5.66146 55.71327 7.81402 5.66146 58.99677 6.86032 8.77941 60.38791 9.22032 7.40386 19.50047 3.7117 18.20177 16.49921 5.17697 13.47933 20.19031 4.07426 11.945 20.19031 4.07426 11.945 16.49921 5.17697 13.47933 19.50047 3.7117 18.20177 19.50047 3.7117 18.20177 20.19031 4.07426 11.945 26.01913 2.82268 14.32067 26.01913 2.82268 14.32067 20.19031 4.07426 11.945 19.50047 3.7117 18.20177 23.5963 3.75158 16.75874 26.01913 2.82268 14.32067 25.92047 3.39119 16.61193 25.92047 3.39119 16.61193 26.01913 2.82268 14.32067 23.5963 3.75158 16.75874 28.90823 2.24469 19.19264 25.92047 3.39119 16.61193 26.01913 2.82268 14.32067 26.01913 2.82268 14.32067 25.92047 3.39119 16.61193 28.90823 2.24469 19.19264 33.74543 0.85867 12.91756 31.45091 2.72934 7.93563 39.23896 2.43871 7.53669 39.23896 2.43871 7.53669 31.45091 2.72934 7.93563 33.74543 0.85867 12.91756 42.57559 1.34394 11.57937 39.23896 2.43871 7.53669 45.24106 3.92544 6.10756 45.24106 3.92544 6.10756 39.23896 2.43871 7.53669 42.57559 1.34394 11.57937 26.01913 2.82268 14.32067 20.19031 4.07426 11.945 25.72244 3.05788 10.56685 25.72244 3.05788 10.56685 20.19031 4.07426 11.945 26.01913 2.82268 14.32067 33.74543 0.85867 12.91756 25.72244 3.05788 10.56685 31.45091 2.72934 7.93563 31.45091 2.72934 7.93563 25.72244 3.05788 10.56685 33.74543 0.85867 12.91756 42.57559 1.34394 11.57937 45.24106 3.92544 6.10756 50.08941 4.4389 6.90217 50.08941 4.4389 6.90217 45.24106 3.92544 6.10756 42.57559 1.34394 11.57937 55.71327 7.81402 5.66146 50.08941 4.4389 6.90217 50.035 8.54359 2.98138 50.035 8.54359 2.98138 50.08941 4.4389 6.90217 55.71327 7.81402 5.66146 60.38791 9.22032 7.40386 55.71327 7.81402 5.66146 58.51339 11.32741 4.89705 58.51339 11.32741 4.89705 55.71327 7.81402 5.66146 60.38791 9.22032 7.40386 16.49921 5.17697 13.47933 17.92248 6.00634 8.62788 20.19031 4.07426 11.945 20.19031 4.07426 11.945 17.92248 6.00634 8.62788 16.49921 5.17697 13.47933 31.45091 2.72934 7.93563 35.94859 3.00378 6.46051 39.23896 2.43871 7.53669 39.23896 2.43871 7.53669 35.94859 3.00378 6.46051 31.45091 2.72934 7.93563 39.23896 2.43871 7.53669 39.36901 5.75138 3.54307 45.24106 3.92544 6.10756 45.24106 3.92544 6.10756 39.36901 5.75138 3.54307 39.23896 2.43871 7.53669 20.19031 4.07426 11.945 17.92248 6.00634 8.62788 25.72244 3.05788 10.56685 25.72244 3.05788 10.56685 17.92248 6.00634 8.62788 20.19031 4.07426 11.945 25.72244 3.05788 10.56685 25.01122 4.52434 6.89669 31.45091 2.72934 7.93563 31.45091 2.72934 7.93563 25.01122 4.52434 6.89669 25.72244 3.05788 10.56685 50.08941 4.4389 6.90217 45.24106 3.92544 6.10756 50.035 8.54359 2.98138 50.035 8.54359 2.98138 45.24106 3.92544 6.10756 50.08941 4.4389 6.90217 55.71327 7.81402 5.66146 50.035 8.54359 2.98138 54.89905 11.24119 3.30083 54.89905 11.24119 3.30083 50.035 8.54359 2.98138 55.71327 7.81402 5.66146 58.51339 11.32741 4.89705 55.71327 7.81402 5.66146 54.89905 11.24119 3.30083 54.89905 11.24119 3.30083 55.71327 7.81402 5.66146 58.51339 11.32741 4.89705 31.45091 2.72934 7.93563 29.35445 4.595 5.39996 35.94859 3.00378 6.46051 35.94859 3.00378 6.46051 29.35445 4.595 5.39996 31.45091 2.72934 7.93563 39.23896 2.43871 7.53669 35.94859 3.00378 6.46051 39.36901 5.75138 3.54307 39.36901 5.75138 3.54307 35.94859 3.00378 6.46051 39.23896 2.43871 7.53669 45.24106 3.92544 6.10756 39.36901 5.75138 3.54307 44.4561 7.90989 2.3889 44.4561 7.90989 2.3889 39.36901 5.75138 3.54307 45.24106 3.92544 6.10756 25.72244 3.05788 10.56685 17.92248 6.00634 8.62788 25.01122 4.52434 6.89669 25.01122 4.52434 6.89669 17.92248 6.00634 8.62788 25.72244 3.05788 10.56685 31.45091 2.72934 7.93563 25.01122 4.52434 6.89669 29.35445 4.595 5.39996 29.35445 4.595 5.39996 25.01122 4.52434 6.89669 31.45091 2.72934 7.93563 50.035 8.54359 2.98138 45.24106 3.92544 6.10756 44.4561 7.90989 2.3889 44.4561 7.90989 2.3889 45.24106 3.92544 6.10756 50.035 8.54359 2.98138 54.89905 11.24119 3.30083 50.035 8.54359 2.98138 49.54461 10.84595 1.97051 49.54461 10.84595 1.97051 50.035 8.54359 2.98138 54.89905 11.24119 3.30083 39.36901 5.75138 3.54307 35.94859 3.00378 6.46051 29.35445 4.595 5.39996 29.35445 4.595 5.39996 35.94859 3.00378 6.46051 39.36901 5.75138 3.54307 44.4561 7.90989 2.3889 39.36901 5.75138 3.54307 37.54549 7.92008 2.02268 37.54549 7.92008 2.02268 39.36901 5.75138 3.54307 44.4561 7.90989 2.3889 17.92248 6.00634 8.62788 20.70409 7.92544 4.89358 25.01122 4.52434 6.89669 25.01122 4.52434 6.89669 20.70409 7.92544 4.89358 17.92248 6.00634 8.62788 25.01122 4.52434 6.89669 20.70409 7.92544 4.89358 29.35445 4.595 5.39996 29.35445 4.595 5.39996 20.70409 7.92544 4.89358 25.01122 4.52434 6.89669 50.035 8.54359 2.98138 44.4561 7.90989 2.3889 49.54461 10.84595 1.97051 49.54461 10.84595 1.97051 44.4561 7.90989 2.3889 50.035 8.54359 2.98138 39.36901 5.75138 3.54307 29.35445 4.595 5.39996 29.46543 7.47764 2.82095 29.46543 7.47764 2.82095 29.35445 4.595 5.39996 39.36901 5.75138 3.54307 39.36901 5.75138 3.54307 33.29811 8.50934 1.96473 37.54549 7.92008 2.02268 37.54549 7.92008 2.02268 33.29811 8.50934 1.96473 39.36901 5.75138 3.54307 29.46543 7.47764 2.82095 29.35445 4.595 5.39996 20.70409 7.92544 4.89358 20.70409 7.92544 4.89358 29.35445 4.595 5.39996 29.46543 7.47764 2.82095 39.36901 5.75138 3.54307 29.46543 7.47764 2.82095 33.29811 8.50934 1.96473 33.29811 8.50934 1.96473 29.46543 7.47764 2.82095 39.36901 5.75138 3.54307 29.46543 7.47764 2.82095 20.70409 7.92544 4.89358 24.08748 10.69552 2.32524 24.08748 10.69552 2.32524 20.70409 7.92544 4.89358 29.46543 7.47764 2.82095 33.29811 8.50934 1.96473 29.46543 7.47764 2.82095 27.42945 10.69351 1.75303 27.42945 10.69351 1.75303 29.46543 7.47764 2.82095 33.29811 8.50934 1.96473 29.46543 7.47764 2.82095 24.08748 10.69552 2.32524 27.42945 10.69351 1.75303 27.42945 10.69351 1.75303 24.08748 10.69552 2.32524 29.46543 7.47764 2.82095</float_array>
                    <technique_common>
                        <accessor count="944" source="#ID24" stride="3">
                            <param name="X" type="float"/>
                            <param name="Y" type="float"/>
                            <param name="Z" type="float"/>
                        </accessor>
                    </technique_common>
                </source>
                <source id="ID22">
                    <float_array id="ID25" count="2832">0.1681517 -0.4731309 0.864796 0.1681517 -0.4731309 0.864796 0.1681517 -0.4731309 0.864796 -0.1681517 0.4731309 -0.864796 -0.1681517 0.4731309 -0.864796 -0.1681517 0.4731309 -0.864796 0.1554354 -0.4826648 0.8619017 0.1554354 -0.4826648 0.8619017 0.1554354 -0.4826648 0.8619017 -0.1554354 0.4826648 -0.8619017 -0.1554354 0.4826648 -0.8619017 -0.1554354 0.4826648 -0.8619017 0.04281687 -0.2609959 0.9643899 0.04281687 -0.2609959 0.9643899 0.04281687 -0.2609959 0.9643899 -0.04281687 0.2609959 -0.9643899 -0.04281687 0.2609959 -0.9643899 -0.04281687 0.2609959 -0.9643899 0.1004677 -0.6440784 0.7583332 0.1004677 -0.6440784 0.7583332 0.1004677 -0.6440784 0.7583332 -0.1004677 0.6440784 -0.7583332 -0.1004677 0.6440784 -0.7583332 -0.1004677 0.6440784 -0.7583332 0.2004972 -0.3990892 0.8947227 0.2004972 -0.3990892 0.8947227 0.2004972 -0.3990892 0.8947227 -0.2004972 0.3990892 -0.8947227 -0.2004972 0.3990892 -0.8947227 -0.2004972 0.3990892 -0.8947227 0.309731 -0.7221275 0.6185455 0.309731 -0.7221275 0.6185455 0.309731 -0.7221275 0.6185455 -0.309731 0.7221275 -0.6185455 -0.309731 0.7221275 -0.6185455 -0.309731 0.7221275 -0.6185455 0.006484433 -0.6476136 0.7619413 0.006484433 -0.6476136 0.7619413 0.006484433 -0.6476136 0.7619413 -0.006484433 0.6476136 -0.7619413 -0.006484433 0.6476136 -0.7619413 -0.006484433 0.6476136 -0.7619413 0.1351724 -0.7172801 0.6835478 0.1351724 -0.7172801 0.6835478 0.1351724 -0.7172801 0.6835478 -0.1351724 0.7172801 -0.6835478 -0.1351724 0.7172801 -0.6835478 -0.1351724 0.7172801 -0.6835478 0.2042579 -0.3960114 0.8952395 0.2042579 -0.3960114 0.8952395 0.2042579 -0.3960114 0.8952395 -0.2042579 0.3960114 -0.8952395 -0.2042579 0.3960114 -0.8952395 -0.2042579 0.3960114 -0.8952395 0.3267331 -0.6741051 0.6624408 0.3267331 -0.6741051 0.6624408 0.3267331 -0.6741051 0.6624408 -0.3267331 0.6741051 -0.6624408 -0.3267331 0.6741051 -0.6624408 -0.3267331 0.6741051 -0.6624408 0.4323775 -0.5314609 0.7284223 0.4323775 -0.5314609 0.7284223 0.4323775 -0.5314609 0.7284223 -0.4323775 0.5314609 -0.7284223 -0.4323775 0.5314609 -0.7284223 -0.4323775 0.5314609 -0.7284223 -0.03856656 -0.7021416 0.7109921 -0.03856656 -0.7021416 0.7109921 -0.03856656 -0.7021416 0.7109921 0.03856656 0.7021416 -0.7109921 0.03856656 0.7021416 -0.7109921 0.03856656 0.7021416 -0.7109921 0.09590833 -0.8171815 0.568345 0.09590833 -0.8171815 0.568345 0.09590833 -0.8171815 0.568345 -0.09590833 0.8171815 -0.568345 -0.09590833 0.8171815 -0.568345 -0.09590833 0.8171815 -0.568345 0.2835391 -0.7086514 0.6460795 0.2835391 -0.7086514 0.6460795 0.2835391 -0.7086514 0.6460795 -0.2835391 0.7086514 -0.6460795 -0.2835391 0.7086514 -0.6460795 -0.2835391 0.7086514 -0.6460795 0.3024273 -0.3661618 0.880036 0.3024273 -0.3661618 0.880036 0.3024273 -0.3661618 0.880036 -0.3024273 0.3661618 -0.880036 -0.3024273 0.3661618 -0.880036 -0.3024273 0.3661618 -0.880036 0.4328904 -0.7971682 0.4208667 0.4328904 -0.7971682 0.4208667 0.4328904 -0.7971682 0.4208667 -0.4328904 0.7971682 -0.4208667 -0.4328904 0.7971682 -0.4208667 -0.4328904 0.7971682 -0.4208667 0.5379459 -0.4930013 0.6837864 0.5379459 -0.4930013 0.6837864 0.5379459 -0.4930013 0.6837864 -0.5379459 0.4930013 -0.6837864 -0.5379459 0.4930013 -0.6837864 -0.5379459 0.4930013 -0.6837864 0.4172694 -0.4736463 0.7755936 0.4172694 -0.4736463 0.7755936 0.4172694 -0.4736463 0.7755936 -0.4172694 0.4736463 -0.7755936 -0.4172694 0.4736463 -0.7755936 -0.4172694 0.4736463 -0.7755936 -0.1468403 -0.6397823 0.7543981 -0.1468403 -0.6397823 0.7543981 -0.1468403 -0.6397823 0.7543981 0.1468403 0.6397823 -0.7543981 0.1468403 0.6397823 -0.7543981 0.1468403 0.6397823 -0.7543981 -0.03231062 -0.7572893 0.6522798 -0.03231062 -0.7572893 0.6522798 -0.03231062 -0.7572893 0.6522798 0.03231062 0.7572893 -0.6522798 0.03231062 0.7572893 -0.6522798 0.03231062 0.7572893 -0.6522798 0.01123551 -0.829661 0.5581544 0.01123551 -0.829661 0.5581544 0.01123551 -0.829661 0.5581544 -0.01123551 0.829661 -0.5581544 -0.01123551 0.829661 -0.5581544 -0.01123551 0.829661 -0.5581544 0.1728449 -0.9307463 0.3222358 0.1728449 -0.9307463 0.3222358 0.1728449 -0.9307463 0.3222358 -0.1728449 0.9307463 -0.3222358 -0.1728449 0.9307463 -0.3222358 -0.1728449 0.9307463 -0.3222358 0.238367 -0.9334439 0.268074 0.238367 -0.9334439 0.268074 0.238367 -0.9334439 0.268074 -0.238367 0.9334439 -0.268074 -0.238367 0.9334439 -0.268074 -0.238367 0.9334439 -0.268074 0.2780858 -0.9463364 0.1646687 0.2780858 -0.9463364 0.1646687 0.2780858 -0.9463364 0.1646687 -0.2780858 0.9463364 -0.1646687 -0.2780858 0.9463364 -0.1646687 -0.2780858 0.9463364 -0.1646687 0.5249921 -0.7552987 0.3923099 0.5249921 -0.7552987 0.3923099 0.5249921 -0.7552987 0.3923099 -0.5249921 0.7552987 -0.3923099 -0.5249921 0.7552987 -0.3923099 -0.5249921 0.7552987 -0.3923099 0.5977039 -0.5427091 0.5900991 0.5977039 -0.5427091 0.5900991 0.5977039 -0.5427091 0.5900991 -0.5977039 0.5427091 -0.5900991 -0.5977039 0.5427091 -0.5900991 -0.5977039 0.5427091 -0.5900991 -0.2329834 -0.685123 0.6901632 -0.2329834 -0.685123 0.6901632 -0.2329834 -0.685123 0.6901632 0.2329834 0.685123 -0.6901632 0.2329834 0.685123 -0.6901632 0.2329834 0.685123 -0.6901632 -0.1839639 -0.8997505 0.3957351 -0.1839639 -0.8997505 0.3957351 -0.1839639 -0.8997505 0.3957351 0.1839639 0.8997505 -0.3957351 0.1839639 0.8997505 -0.3957351 0.1839639 0.8997505 -0.3957351 -0.01862612 -0.9354405 0.3529932 -0.01862612 -0.9354405 0.3529932 -0.01862612 -0.9354405 0.3529932 0.01862612 0.9354405 -0.3529932 0.01862612 0.9354405 -0.3529932 0.01862612 0.9354405 -0.3529932 0.1125093 -0.9737108 0.198063 0.1125093 -0.9737108 0.198063 0.1125093 -0.9737108 0.198063 -0.1125093 0.9737108 -0.198063 -0.1125093 0.9737108 -0.198063 -0.1125093 0.9737108 -0.198063 0.2471929 -0.9292989 0.2744071 0.2471929 -0.9292989 0.2744071 0.2471929 -0.9292989 0.2744071 -0.2471929 0.9292989 -0.2744071 -0.2471929 0.9292989 -0.2744071 -0.2471929 0.9292989 -0.2744071 0.3296598 -0.9244107 0.1918053 0.3296598 -0.9244107 0.1918053 0.3296598 -0.9244107 0.1918053 -0.3296598 0.9244107 -0.1918053 -0.3296598 0.9244107 -0.1918053 -0.3296598 0.9244107 -0.1918053 0.4058379 -0.9019194 0.1477733 0.4058379 -0.9019194 0.1477733 0.4058379 -0.9019194 0.1477733 -0.4058379 0.9019194 -0.1477733 -0.4058379 0.9019194 -0.1477733 -0.4058379 0.9019194 -0.1477733 0.5866109 -0.7516854 0.3014243 0.5866109 -0.7516854 0.3014243 0.5866109 -0.7516854 0.3014243 -0.5866109 0.7516854 -0.3014243 -0.5866109 0.7516854 -0.3014243 -0.5866109 0.7516854 -0.3014243 0.6217102 -0.6146831 0.4854287 0.6217102 -0.6146831 0.4854287 0.6217102 -0.6146831 0.4854287 -0.6217102 0.6146831 -0.4854287 -0.6217102 0.6146831 -0.4854287 -0.6217102 0.6146831 -0.4854287 0.7603623 -0.4692403 0.4490688 0.7603623 -0.4692403 0.4490688 0.7603623 -0.4692403 0.4490688 -0.7603623 0.4692403 -0.4490688 -0.7603623 0.4692403 -0.4490688 -0.7603623 0.4692403 -0.4490688 -0.2242196 -0.8603175 0.4577983 -0.2242196 -0.8603175 0.4577983 -0.2242196 -0.8603175 0.4577983 0.2242196 0.8603175 -0.4577983 0.2242196 0.8603175 -0.4577983 0.2242196 0.8603175 -0.4577983 -0.1878001 -0.8867145 0.4224554 -0.1878001 -0.8867145 0.4224554 -0.1878001 -0.8867145 0.4224554 0.1878001 0.8867145 -0.4224554 0.1878001 0.8867145 -0.4224554 0.1878001 0.8867145 -0.4224554 -0.07644828 -0.9433316 0.3229259 -0.07644828 -0.9433316 0.3229259 -0.07644828 -0.9433316 0.3229259 0.07644828 0.9433316 -0.3229259 0.07644828 0.9433316 -0.3229259 0.07644828 0.9433316 -0.3229259 0.03165111 -0.9750247 0.2198294 0.03165111 -0.9750247 0.2198294 0.03165111 -0.9750247 0.2198294 -0.03165111 0.9750247 -0.2198294 -0.03165111 0.9750247 -0.2198294 -0.03165111 0.9750247 -0.2198294 0.2036838 -0.9773936 0.05669882 0.2036838 -0.9773936 0.05669882 0.2036838 -0.9773936 0.05669882 0.2036838 -0.9773936 0.05669882 -0.2036838 0.9773936 -0.05669882 -0.2036838 0.9773936 -0.05669882 -0.2036838 0.9773936 -0.05669882 -0.2036838 0.9773936 -0.05669882 0.2857727 -0.9247182 -0.2514563 0.2857727 -0.9247182 -0.2514563 0.2857727 -0.9247182 -0.2514563 -0.2857727 0.9247182 0.2514563 -0.2857727 0.9247182 0.2514563 -0.2857727 0.9247182 0.2514563 0.1013025 -0.9928779 -0.06270034 0.1013025 -0.9928779 -0.06270034 0.1013025 -0.9928779 -0.06270034 -0.1013025 0.9928779 0.06270034 -0.1013025 0.9928779 0.06270034 -0.1013025 0.9928779 0.06270034 0.4848486 -0.8732785 0.04802579 0.4848486 -0.8732785 0.04802579 0.4848486 -0.8732785 0.04802579 -0.4848486 0.8732785 -0.04802579 -0.4848486 0.8732785 -0.04802579 -0.4848486 0.8732785 -0.04802579 0.6562416 -0.7026867 0.2749151 0.6562416 -0.7026867 0.2749151 0.6562416 -0.7026867 0.2749151 -0.6562416 0.7026867 -0.2749151 -0.6562416 0.7026867 -0.2749151 -0.6562416 0.7026867 -0.2749151 0.6365993 -0.6128348 0.4681612 0.6365993 -0.6128348 0.4681612 0.6365993 -0.6128348 0.4681612 -0.6365993 0.6128348 -0.4681612 -0.6365993 0.6128348 -0.4681612 -0.6365993 0.6128348 -0.4681612 -0.3690084 -0.8839835 0.2870644 -0.3690084 -0.8839835 0.2870644 -0.3690084 -0.8839835 0.2870644 0.3690084 0.8839835 -0.2870644 0.3690084 0.8839835 -0.2870644 0.3690084 0.8839835 -0.2870644 -0.2798891 -0.959673 -0.02626344 -0.2798891 -0.959673 -0.02626344 -0.2798891 -0.959673 -0.02626344 0.2798891 0.959673 0.02626344 0.2798891 0.959673 0.02626344 0.2798891 0.959673 0.02626344 -0.103145 -0.9859396 0.1314697 -0.103145 -0.9859396 0.1314697 -0.103145 -0.9859396 0.1314697 0.103145 0.9859396 -0.1314697 0.103145 0.9859396 -0.1314697 0.103145 0.9859396 -0.1314697 -0.05931633 -0.9935066 0.0970884 -0.05931633 -0.9935066 0.0970884 -0.05931633 -0.9935066 0.0970884 0.05931633 0.9935066 -0.0970884 0.05931633 0.9935066 -0.0970884 0.05931633 0.9935066 -0.0970884 0.3604673 -0.9319286 -0.03965426 0.3604673 -0.9319286 -0.03965426 0.3604673 -0.9319286 -0.03965426 -0.3604673 0.9319286 0.03965426 -0.3604673 0.9319286 0.03965426 -0.3604673 0.9319286 0.03965426 0.440297 -0.8957935 -0.0607662 0.440297 -0.8957935 -0.0607662 0.440297 -0.8957935 -0.0607662 -0.440297 0.8957935 0.0607662 -0.440297 0.8957935 0.0607662 -0.440297 0.8957935 0.0607662 0.00131081 -0.9998475 0.01741309 0.00131081 -0.9998475 0.01741309 0.00131081 -0.9998475 0.01741309 -0.00131081 0.9998475 -0.01741309 -0.00131081 0.9998475 -0.01741309 -0.00131081 0.9998475 -0.01741309 0.3249063 -0.9277137 -0.183802 0.3249063 -0.9277137 -0.183802 0.3249063 -0.9277137 -0.183802 -0.3249063 0.9277137 0.183802 -0.3249063 0.9277137 0.183802 -0.3249063 0.9277137 0.183802 -0.09259842 -0.9837613 -0.1537505 -0.09259842 -0.9837613 -0.1537505 -0.09259842 -0.9837613 -0.1537505 0.09259842 0.9837613 0.1537505 0.09259842 0.9837613 0.1537505 0.09259842 0.9837613 0.1537505 0.1080565 -0.9941367 -0.003995572 0.1080565 -0.9941367 -0.003995572 0.1080565 -0.9941367 -0.003995572 -0.1080565 0.9941367 0.003995572 -0.1080565 0.9941367 0.003995572 -0.1080565 0.9941367 0.003995572 0.3550575 -0.9347962 -0.009497163 0.3550575 -0.9347962 -0.009497163 0.3550575 -0.9347962 -0.009497163 -0.3550575 0.9347962 0.009497163 -0.3550575 0.9347962 0.009497163 -0.3550575 0.9347962 0.009497163 0.5582001 -0.8282669 0.04885211 0.5582001 -0.8282669 0.04885211 0.5582001 -0.8282669 0.04885211 -0.5582001 0.8282669 -0.04885211 -0.5582001 0.8282669 -0.04885211 -0.5582001 0.8282669 -0.04885211 0.6662522 -0.7365043 0.1169161 0.6662522 -0.7365043 0.1169161 0.6662522 -0.7365043 0.1169161 -0.6662522 0.7365043 -0.1169161 -0.6662522 0.7365043 -0.1169161 -0.6662522 0.7365043 -0.1169161 0.6701192 -0.6855006 0.2846561 0.6701192 -0.6855006 0.2846561 0.6701192 -0.6855006 0.2846561 -0.6701192 0.6855006 -0.2846561 -0.6701192 0.6855006 -0.2846561 -0.6701192 0.6855006 -0.2846561 -0.1386842 -0.9903289 0.00391162 -0.1386842 -0.9903289 0.00391162 -0.1386842 -0.9903289 0.00391162 0.1386842 0.9903289 -0.00391162 0.1386842 0.9903289 -0.00391162 0.1386842 0.9903289 -0.00391162 -0.3211205 -0.9444225 -0.07034037 -0.3211205 -0.9444225 -0.07034037 -0.3211205 -0.9444225 -0.07034037 0.3211205 0.9444225 0.07034037 0.3211205 0.9444225 0.07034037 0.3211205 0.9444225 0.07034037 -0.2893888 -0.9565944 0.03436844 -0.2893888 -0.9565944 0.03436844 -0.2893888 -0.9565944 0.03436844 0.2893888 0.9565944 -0.03436844 0.2893888 0.9565944 -0.03436844 0.2893888 0.9565944 -0.03436844 -0.3340201 -0.9415875 0.04293695 -0.3340201 -0.9415875 0.04293695 -0.3340201 -0.9415875 0.04293695 0.3340201 0.9415875 -0.04293695 0.3340201 0.9415875 -0.04293695 0.3340201 0.9415875 -0.04293695 -0.05865009 -0.9956549 0.07232847 -0.05865009 -0.9956549 0.07232847 -0.05865009 -0.9956549 0.07232847 0.05865009 0.9956549 -0.07232847 0.05865009 0.9956549 -0.07232847 0.05865009 0.9956549 -0.07232847 0.4026237 -0.9149792 0.02659183 0.4026237 -0.9149792 0.02659183 0.4026237 -0.9149792 0.02659183 -0.4026237 0.9149792 -0.02659183 -0.4026237 0.9149792 -0.02659183 -0.4026237 0.9149792 -0.02659183 0.5825581 -0.8127725 -0.005193277 0.5825581 -0.8127725 -0.005193277 0.5825581 -0.8127725 -0.005193277 -0.5825581 0.8127725 0.005193277 -0.5825581 0.8127725 0.005193277 -0.5825581 0.8127725 0.005193277 0.4971584 -0.823665 -0.272781 0.4971584 -0.823665 -0.272781 0.4971584 -0.823665 -0.272781 -0.4971584 0.823665 0.272781 -0.4971584 0.823665 0.272781 -0.4971584 0.823665 0.272781 0.005882795 -0.9994621 -0.03226243 0.005882795 -0.9994621 -0.03226243 0.005882795 -0.9994621 -0.03226243 -0.005882795 0.9994621 0.03226243 -0.005882795 0.9994621 0.03226243 -0.005882795 0.9994621 0.03226243 0.1412106 -0.9897969 -0.01901805 0.1412106 -0.9897969 -0.01901805 0.1412106 -0.9897969 -0.01901805 -0.1412106 0.9897969 0.01901805 -0.1412106 0.9897969 0.01901805 -0.1412106 0.9897969 0.01901805 0.555357 -0.8260707 -0.09584259 0.555357 -0.8260707 -0.09584259 0.555357 -0.8260707 -0.09584259 -0.555357 0.8260707 0.09584259 -0.555357 0.8260707 0.09584259 -0.555357 0.8260707 0.09584259 0.5949646 -0.7997868 -0.07973828 0.5949646 -0.7997868 -0.07973828 0.5949646 -0.7997868 -0.07973828 -0.5949646 0.7997868 0.07973828 -0.5949646 0.7997868 0.07973828 -0.5949646 0.7997868 0.07973828 -0.1350008 -0.9908222 0.0067897 -0.1350008 -0.9908222 0.0067897 -0.1350008 -0.9908222 0.0067897 0.1350008 0.9908222 -0.0067897 0.1350008 0.9908222 -0.0067897 0.1350008 0.9908222 -0.0067897 0.3027398 -0.9412033 -0.14995 0.3027398 -0.9412033 -0.14995 0.3027398 -0.9412033 -0.14995 -0.3027398 0.9412033 0.14995 -0.3027398 0.9412033 0.14995 -0.3027398 0.9412033 0.14995 -0.1381834 -0.9607763 -0.2404461 -0.1381834 -0.9607763 -0.2404461 -0.1381834 -0.9607763 -0.2404461 0.1381834 0.9607763 0.2404461 0.1381834 0.9607763 0.2404461 0.1381834 0.9607763 0.2404461 -0.5410253 -0.7207956 -0.4332959 -0.5410253 -0.7207956 -0.4332959 -0.5410253 -0.7207956 -0.4332959 0.5410253 0.7207956 0.4332959 0.5410253 0.7207956 0.4332959 0.5410253 0.7207956 0.4332959 -0.3539169 -0.935271 -0.003296474 -0.3539169 -0.935271 -0.003296474 -0.3539169 -0.935271 -0.003296474 0.3539169 0.935271 0.003296474 0.3539169 0.935271 0.003296474 0.3539169 0.935271 0.003296474 -0.2541082 -0.967136 -0.008779202 -0.2541082 -0.967136 -0.008779202 -0.2541082 -0.967136 -0.008779202 0.2541082 0.967136 0.008779202 0.2541082 0.967136 0.008779202 0.2541082 0.967136 0.008779202 0.08605633 -0.9945222 -0.05932853 0.08605633 -0.9945222 -0.05932853 0.08605633 -0.9945222 -0.05932853 -0.08605633 0.9945222 0.05932853 -0.08605633 0.9945222 0.05932853 -0.08605633 0.9945222 0.05932853 0.5046067 -0.8615847 -0.05517127 0.5046067 -0.8615847 -0.05517127 0.5046067 -0.8615847 -0.05517127 -0.5046067 0.8615847 0.05517127 -0.5046067 0.8615847 0.05517127 -0.5046067 0.8615847 0.05517127 -0.08762296 -0.9930863 -0.07811446 -0.08762296 -0.9930863 -0.07811446 -0.08762296 -0.9930863 -0.07811446 0.08762296 0.9930863 0.07811446 0.08762296 0.9930863 0.07811446 0.08762296 0.9930863 0.07811446 0.1570839 -0.9875413 -0.009321639 0.1570839 -0.9875413 -0.009321639 0.1570839 -0.9875413 -0.009321639 -0.1570839 0.9875413 0.009321639 -0.1570839 0.9875413 0.009321639 -0.1570839 0.9875413 0.009321639 0.5117196 -0.841184 -0.1747927 0.5117196 -0.841184 -0.1747927 0.5117196 -0.841184 -0.1747927 -0.5117196 0.841184 0.1747927 -0.5117196 0.841184 0.1747927 -0.5117196 0.841184 0.1747927 -0.2556489 -0.9667602 -0.004287599 -0.2556489 -0.9667602 -0.004287599 -0.2556489 -0.9667602 -0.004287599 0.2556489 0.9667602 0.004287599 0.2556489 0.9667602 0.004287599 0.2556489 0.9667602 0.004287599 0.08898834 -0.9958039 -0.02134696 0.08898834 -0.9958039 -0.02134696 0.08898834 -0.9958039 -0.02134696 -0.08898834 0.9958039 0.02134696 -0.08898834 0.9958039 0.02134696 -0.08898834 0.9958039 0.02134696 -0.5541846 -0.8116265 -0.1847751 -0.5541846 -0.8116265 -0.1847751 -0.5541846 -0.8116265 -0.1847751 0.5541846 0.8116265 0.1847751 0.5541846 0.8116265 0.1847751 0.5541846 0.8116265 0.1847751 -0.6711887 -0.7315998 -0.1194464 -0.6711887 -0.7315998 -0.1194464 -0.6711887 -0.7315998 -0.1194464 0.6711887 0.7315998 0.1194464 0.6711887 0.7315998 0.1194464 0.6711887 0.7315998 0.1194464 -0.2475794 -0.9685904 0.02317461 -0.2475794 -0.9685904 0.02317461 -0.2475794 -0.9685904 0.02317461 0.2475794 0.9685904 -0.02317461 0.2475794 0.9685904 -0.02317461 0.2475794 0.9685904 -0.02317461 0.1168234 -0.9847934 -0.1285855 0.1168234 -0.9847934 -0.1285855 0.1168234 -0.9847934 -0.1285855 -0.1168234 0.9847934 0.1285855 -0.1168234 0.9847934 0.1285855 -0.1168234 0.9847934 0.1285855 0.4604497 -0.8702116 0.1752651 0.4604497 -0.8702116 0.1752651 0.4604497 -0.8702116 0.1752651 -0.4604497 0.8702116 -0.1752651 -0.4604497 0.8702116 -0.1752651 -0.4604497 0.8702116 -0.1752651 -0.02485832 -0.9996819 -0.004263822 -0.02485832 -0.9996819 -0.004263822 -0.02485832 -0.9996819 -0.004263822 0.02485832 0.9996819 0.004263822 0.02485832 0.9996819 0.004263822 0.02485832 0.9996819 0.004263822 0.161361 -0.9868735 0.006578251 0.161361 -0.9868735 0.006578251 0.161361 -0.9868735 0.006578251 -0.161361 0.9868735 -0.006578251 -0.161361 0.9868735 -0.006578251 -0.161361 0.9868735 -0.006578251 0.2357084 -0.9657643 -0.1083551 0.2357084 -0.9657643 -0.1083551 0.2357084 -0.9657643 -0.1083551 -0.2357084 0.9657643 0.1083551 -0.2357084 0.9657643 0.1083551 -0.2357084 0.9657643 0.1083551 0.5163969 -0.8358239 -0.1863669 0.5163969 -0.8358239 -0.1863669 0.5163969 -0.8358239 -0.1863669 -0.5163969 0.8358239 0.1863669 -0.5163969 0.8358239 0.1863669 -0.5163969 0.8358239 0.1863669 -0.3838862 -0.9209203 -0.06735916 -0.3838862 -0.9209203 -0.06735916 -0.3838862 -0.9209203 -0.06735916 0.3838862 0.9209203 0.06735916 0.3838862 0.9209203 0.06735916 0.3838862 0.9209203 0.06735916 0.02635637 -0.9985371 0.04721283 0.02635637 -0.9985371 0.04721283 0.02635637 -0.9985371 0.04721283 -0.02635637 0.9985371 -0.04721283 -0.02635637 0.9985371 -0.04721283 -0.02635637 0.9985371 -0.04721283 -0.5499001 -0.8347153 -0.02932945 -0.5499001 -0.8347153 -0.02932945 -0.5499001 -0.8347153 -0.02932945 0.5499001 0.8347153 0.02932945 0.5499001 0.8347153 0.02932945 0.5499001 0.8347153 0.02932945 -0.472346 -0.8807582 -0.03397358 -0.472346 -0.8807582 -0.03397358 -0.472346 -0.8807582 -0.03397358 0.472346 0.8807582 0.03397358 0.472346 0.8807582 0.03397358 0.472346 0.8807582 0.03397358 0.01924934 -0.9739024 -0.2261494 0.01924934 -0.9739024 -0.2261494 0.01924934 -0.9739024 -0.2261494 -0.01924934 0.9739024 0.2261494 -0.01924934 0.9739024 0.2261494 -0.01924934 0.9739024 0.2261494 0.2471803 -0.9591608 -0.1375224 0.2471803 -0.9591608 -0.1375224 0.2471803 -0.9591608 -0.1375224 -0.2471803 0.9591608 0.1375224 -0.2471803 0.9591608 0.1375224 -0.2471803 0.9591608 0.1375224 0.3613994 -0.9215409 0.141961 0.3613994 -0.9215409 0.141961 0.3613994 -0.9215409 0.141961 -0.3613994 0.9215409 -0.141961 -0.3613994 0.9215409 -0.141961 -0.3613994 0.9215409 -0.141961 -0.3308218 -0.9430903 -0.03372764 -0.3308218 -0.9430903 -0.03372764 -0.3308218 -0.9430903 -0.03372764 0.3308218 0.9430903 0.03372764 0.3308218 0.9430903 0.03372764 0.3308218 0.9430903 0.03372764 -0.05012296 -0.9919034 -0.1166848 -0.05012296 -0.9919034 -0.1166848 -0.05012296 -0.9919034 -0.1166848 0.05012296 0.9919034 0.1166848 0.05012296 0.9919034 0.1166848 0.05012296 0.9919034 0.1166848 -0.06432412 -0.9882967 0.1383183 -0.06432412 -0.9882967 0.1383183 -0.06432412 -0.9882967 0.1383183 0.06432412 0.9882967 -0.1383183 0.06432412 0.9882967 -0.1383183 0.06432412 0.9882967 -0.1383183 0.2123399 -0.9393463 -0.2693331 0.2123399 -0.9393463 -0.2693331 0.2123399 -0.9393463 -0.2693331 -0.2123399 0.9393463 0.2693331 -0.2123399 0.9393463 0.2693331 -0.2123399 0.9393463 0.2693331 0.3202349 -0.8431299 -0.431951 0.3202349 -0.8431299 -0.431951 0.3202349 -0.8431299 -0.431951 -0.3202349 0.8431299 0.431951 -0.3202349 0.8431299 0.431951 -0.3202349 0.8431299 0.431951 0.7316374 -0.6093755 -0.3055622 0.7316374 -0.6093755 -0.3055622 0.7316374 -0.6093755 -0.3055622 -0.7316374 0.6093755 0.3055622 -0.7316374 0.6093755 0.3055622 -0.7316374 0.6093755 0.3055622 -0.380173 -0.9238186 -0.04502878 -0.380173 -0.9238186 -0.04502878 -0.380173 -0.9238186 -0.04502878 0.380173 0.9238186 0.04502878 0.380173 0.9238186 0.04502878 0.380173 0.9238186 0.04502878 0.1865319 -0.8420182 0.5061732 0.1865319 -0.8420182 0.5061732 0.1865319 -0.8420182 0.5061732 -0.1865319 0.8420182 -0.5061732 -0.1865319 0.8420182 -0.5061732 -0.1865319 0.8420182 -0.5061732 -0.532013 -0.8467359 0.0007652857 -0.532013 -0.8467359 0.0007652857 -0.532013 -0.8467359 0.0007652857 0.532013 0.8467359 -0.0007652857 0.532013 0.8467359 -0.0007652857 0.532013 0.8467359 -0.0007652857 -0.569786 -0.7844795 0.2448181 -0.569786 -0.7844795 0.2448181 -0.569786 -0.7844795 0.2448181 0.569786 0.7844795 -0.2448181 0.569786 0.7844795 -0.2448181 0.569786 0.7844795 -0.2448181 0.01190717 -0.9626424 -0.2705141 0.01190717 -0.9626424 -0.2705141 0.01190717 -0.9626424 -0.2705141 -0.01190717 0.9626424 0.2705141 -0.01190717 0.9626424 0.2705141 -0.01190717 0.9626424 0.2705141 0.2225522 -0.97163 -0.0800358 0.2225522 -0.97163 -0.0800358 0.2225522 -0.97163 -0.0800358 -0.2225522 0.97163 0.0800358 -0.2225522 0.97163 0.0800358 -0.2225522 0.97163 0.0800358 0.4188649 -0.9047119 0.07777213 0.4188649 -0.9047119 0.07777213 0.4188649 -0.9047119 0.07777213 -0.4188649 0.9047119 -0.07777213 -0.4188649 0.9047119 -0.07777213 -0.4188649 0.9047119 -0.07777213 -0.3311302 -0.9430109 -0.03291398 -0.3311302 -0.9430109 -0.03291398 -0.3311302 -0.9430109 -0.03291398 0.3311302 0.9430109 0.03291398 0.3311302 0.9430109 0.03291398 0.3311302 0.9430109 0.03291398 -0.2164012 -0.9627495 -0.162123 -0.2164012 -0.9627495 -0.162123 -0.2164012 -0.9627495 -0.162123 0.2164012 0.9627495 0.162123 0.2164012 0.9627495 0.162123 0.2164012 0.9627495 0.162123 0.2193317 -0.9380207 -0.2683481 0.2193317 -0.9380207 -0.2683481 0.2193317 -0.9380207 -0.2683481 -0.2193317 0.9380207 0.2683481 -0.2193317 0.9380207 0.2683481 -0.2193317 0.9380207 0.2683481 0.3252548 -0.7524859 -0.5726904 0.3252548 -0.7524859 -0.5726904 0.3252548 -0.7524859 -0.5726904 -0.3252548 0.7524859 0.5726904 -0.3252548 0.7524859 0.5726904 -0.3252548 0.7524859 0.5726904 0.4304397 -0.6303095 -0.6460895 0.4304397 -0.6303095 -0.6460895 0.4304397 -0.6303095 -0.6460895 -0.4304397 0.6303095 0.6460895 -0.4304397 0.6303095 0.6460895 -0.4304397 0.6303095 0.6460895 -0.3191984 -0.9434179 -0.08986129 -0.3191984 -0.9434179 -0.08986129 -0.3191984 -0.9434179 -0.08986129 0.3191984 0.9434179 0.08986129 0.3191984 0.9434179 0.08986129 0.3191984 0.9434179 0.08986129 -0.1793741 -0.9807934 -0.07661076 -0.1793741 -0.9807934 -0.07661076 -0.1793741 -0.9807934 -0.07661076 0.1793741 0.9807934 0.07661076 0.1793741 0.9807934 0.07661076 0.1793741 0.9807934 0.07661076 -0.1346082 -0.9630761 0.2331634 -0.1346082 -0.9630761 0.2331634 -0.1346082 -0.9630761 0.2331634 0.1346082 0.9630761 -0.2331634 0.1346082 0.9630761 -0.2331634 0.1346082 0.9630761 -0.2331634 -0.4904239 -0.8505381 0.1899192 -0.4904239 -0.8505381 0.1899192 -0.4904239 -0.8505381 0.1899192 0.4904239 0.8505381 -0.1899192 0.4904239 0.8505381 -0.1899192 0.4904239 0.8505381 -0.1899192 -0.05207509 -0.9425644 -0.3299403 -0.05207509 -0.9425644 -0.3299403 -0.05207509 -0.9425644 -0.3299403 0.05207509 0.9425644 0.3299403 0.05207509 0.9425644 0.3299403 0.05207509 0.9425644 0.3299403 0.1408948 -0.9201041 -0.3654545 0.1408948 -0.9201041 -0.3654545 0.1408948 -0.9201041 -0.3654545 -0.1408948 0.9201041 0.3654545 -0.1408948 0.9201041 0.3654545 -0.1408948 0.9201041 0.3654545 -0.191646 -0.9803724 -0.04627929 -0.191646 -0.9803724 -0.04627929 -0.191646 -0.9803724 -0.04627929 0.191646 0.9803724 0.04627929 0.191646 0.9803724 0.04627929 0.191646 0.9803724 0.04627929 -0.1793244 -0.9453336 -0.272373 -0.1793244 -0.9453336 -0.272373 -0.1793244 -0.9453336 -0.272373 0.1793244 0.9453336 0.272373 0.1793244 0.9453336 0.272373 0.1793244 0.9453336 0.272373 0.1561884 -0.9204926 -0.3581878 0.1561884 -0.9204926 -0.3581878 0.1561884 -0.9204926 -0.3581878 -0.1561884 0.9204926 0.3581878 -0.1561884 0.9204926 0.3581878 -0.1561884 0.9204926 0.3581878 0.2457956 -0.6678266 -0.7025612 0.2457956 -0.6678266 -0.7025612 0.2457956 -0.6678266 -0.7025612 -0.2457956 0.6678266 0.7025612 -0.2457956 0.6678266 0.7025612 -0.2457956 0.6678266 0.7025612 0.4307526 -0.5059023 -0.7473387 0.4307526 -0.5059023 -0.7473387 0.4307526 -0.5059023 -0.7473387 -0.4307526 0.5059023 0.7473387 -0.4307526 0.5059023 0.7473387 -0.4307526 0.5059023 0.7473387 -0.3745976 -0.8894166 -0.2619442 -0.3745976 -0.8894166 -0.2619442 -0.3745976 -0.8894166 -0.2619442 0.3745976 0.8894166 0.2619442 0.3745976 0.8894166 0.2619442 0.3745976 0.8894166 0.2619442 -0.05224293 -0.9409967 -0.3343588 -0.05224293 -0.9409967 -0.3343588 -0.05224293 -0.9409967 -0.3343588 0.05224293 0.9409967 0.3343588 0.05224293 0.9409967 0.3343588 0.05224293 0.9409967 0.3343588 0.03893827 -0.7697129 -0.6372016 0.03893827 -0.7697129 -0.6372016 0.03893827 -0.7697129 -0.6372016 -0.03893827 0.7697129 0.6372016 -0.03893827 0.7697129 0.6372016 -0.03893827 0.7697129 0.6372016 -0.2532052 -0.9011829 -0.3517904 -0.2532052 -0.9011829 -0.3517904 -0.2532052 -0.9011829 -0.3517904 0.2532052 0.9011829 0.3517904 0.2532052 0.9011829 0.3517904 0.2532052 0.9011829 0.3517904 -0.2039564 -0.922076 -0.3289038 -0.2039564 -0.922076 -0.3289038 -0.2039564 -0.922076 -0.3289038 0.2039564 0.922076 0.3289038 0.2039564 0.922076 0.3289038 0.2039564 0.922076 0.3289038 0.1883017 -0.6770599 -0.7114298 0.1883017 -0.6770599 -0.7114298 0.1883017 -0.6770599 -0.7114298 -0.1883017 0.6770599 0.7114298 -0.1883017 0.6770599 0.7114298 -0.1883017 0.6770599 0.7114298 0.3218748 -0.4840135 -0.8137122 0.3218748 -0.4840135 -0.8137122 0.3218748 -0.4840135 -0.8137122 -0.3218748 0.4840135 0.8137122 -0.3218748 0.4840135 0.8137122 -0.3218748 0.4840135 0.8137122 0.3664998 -0.46716 -0.8046362 0.3664998 -0.46716 -0.8046362 0.3664998 -0.46716 -0.8046362 -0.3664998 0.46716 0.8046362 -0.3664998 0.46716 0.8046362 -0.3664998 0.46716 0.8046362 -0.1197574 -0.8443527 -0.5222323 -0.1197574 -0.8443527 -0.5222323 -0.1197574 -0.8443527 -0.5222323 0.1197574 0.8443527 0.5222323 0.1197574 0.8443527 0.5222323 0.1197574 0.8443527 0.5222323 0.0757277 -0.7686741 -0.635142 0.0757277 -0.7686741 -0.635142 0.0757277 -0.7686741 -0.635142 -0.0757277 0.7686741 0.635142 -0.0757277 0.7686741 0.635142 -0.0757277 0.7686741 0.635142 0.115095 -0.6655553 -0.7374207 0.115095 -0.6655553 -0.7374207 0.115095 -0.6655553 -0.7374207 -0.115095 0.6655553 0.7374207 -0.115095 0.6655553 0.7374207 -0.115095 0.6655553 0.7374207 -0.2669157 -0.9116358 -0.3125318 -0.2669157 -0.9116358 -0.3125318 -0.2669157 -0.9116358 -0.3125318 0.2669157 0.9116358 0.3125318 0.2669157 0.9116358 0.3125318 0.2669157 0.9116358 0.3125318 -0.1575384 -0.8530852 -0.4974206 -0.1575384 -0.8530852 -0.4974206 -0.1575384 -0.8530852 -0.4974206 0.1575384 0.8530852 0.4974206 0.1575384 0.8530852 0.4974206 0.1575384 0.8530852 0.4974206 0.1530427 -0.6579828 -0.7373172 0.1530427 -0.6579828 -0.7373172 0.1530427 -0.6579828 -0.7373172 -0.1530427 0.6579828 0.7373172 -0.1530427 0.6579828 0.7373172 -0.1530427 0.6579828 0.7373172 0.2502428 -0.3440442 -0.9049929 0.2502428 -0.3440442 -0.9049929 0.2502428 -0.3440442 -0.9049929 -0.2502428 0.3440442 0.9049929 -0.2502428 0.3440442 0.9049929 -0.2502428 0.3440442 0.9049929 -0.05256861 -0.6954779 -0.716622 -0.05256861 -0.6954779 -0.716622 -0.05256861 -0.6954779 -0.716622 0.05256861 0.6954779 0.716622 0.05256861 0.6954779 0.716622 0.05256861 0.6954779 0.716622 0.04343279 -0.5487609 -0.8348503 0.04343279 -0.5487609 -0.8348503 0.04343279 -0.5487609 -0.8348503 -0.04343279 0.5487609 0.8348503 -0.04343279 0.5487609 0.8348503 -0.04343279 0.5487609 0.8348503 -0.301718 -0.7377583 -0.6038866 -0.301718 -0.7377583 -0.6038866 -0.301718 -0.7377583 -0.6038866 0.301718 0.7377583 0.6038866 0.301718 0.7377583 0.6038866 0.301718 0.7377583 0.6038866 -0.2256076 -0.6904809 -0.687268 -0.2256076 -0.6904809 -0.687268 -0.2256076 -0.6904809 -0.687268 0.2256076 0.6904809 0.687268 0.2256076 0.6904809 0.687268 0.2256076 0.6904809 0.687268 0.139777 -0.3729584 -0.9172592 0.139777 -0.3729584 -0.9172592 0.139777 -0.3729584 -0.9172592 -0.139777 0.3729584 0.9172592 -0.139777 0.3729584 0.9172592 -0.139777 0.3729584 0.9172592 -0.06144903 -0.6641919 -0.7450323 -0.06144903 -0.6641919 -0.7450323 -0.06144903 -0.6641919 -0.7450323 0.06144903 0.6641919 0.7450323 0.06144903 0.6641919 0.7450323 0.06144903 0.6641919 0.7450323 -0.07440923 -0.6136463 -0.7860671 -0.07440923 -0.6136463 -0.7860671 -0.07440923 -0.6136463 -0.7860671 0.07440923 0.6136463 0.7860671 0.07440923 0.6136463 0.7860671 0.07440923 0.6136463 0.7860671 -0.2065518 -0.6479597 -0.7331334 -0.2065518 -0.6479597 -0.7331334 -0.2065518 -0.6479597 -0.7331334 0.2065518 0.6479597 0.7331334 0.2065518 0.6479597 0.7331334 0.2065518 0.6479597 0.7331334 -0.0361844 -0.5551847 -0.8309396 -0.0361844 -0.5551847 -0.8309396 -0.0361844 -0.5551847 -0.8309396 0.0361844 0.5551847 0.8309396 0.0361844 0.5551847 0.8309396 0.0361844 0.5551847 0.8309396 -0.2233216 -0.5019492 -0.8355683 -0.2233216 -0.5019492 -0.8355683 -0.2233216 -0.5019492 -0.8355683 0.2233216 0.5019492 0.8355683 0.2233216 0.5019492 0.8355683 0.2233216 0.5019492 0.8355683 -0.1055467 -0.3729423 -0.9218319 -0.1055467 -0.3729423 -0.9218319 -0.1055467 -0.3729423 -0.9218319 0.1055467 0.3729423 0.9218319 0.1055467 0.3729423 0.9218319 0.1055467 0.3729423 0.9218319 -0.1550277 -0.3983585 -0.9040337 -0.1550277 -0.3983585 -0.9040337 -0.1550277 -0.3983585 -0.9040337 0.1550277 0.3983585 0.9040337 0.1550277 0.3983585 0.9040337 0.1550277 0.3983585 0.9040337</float_array>
                    <technique_common>
                        <accessor count="944" source="#ID25" stride="3">
                            <param name="X" type="float"/>
                            <param name="Y" type="float"/>
                            <param name="Z" type="float"/>
                        </accessor>
                    </technique_common>
                </source>
                <vertices id="ID23">
                    <input semantic="POSITION" source="#ID21"/>
                    <input semantic="NORMAL" source="#ID22"/>
                </vertices>
                <triangles count="158" material="Material2">
                    <input offset="0" semantic="VERTEX" source="#ID23"/>
                    <p>0 1 2 6 7 8 12 13 14 18 19 20 24 25 26 30 31 32 36 37 38 42 43 44 48 49 50 54 55 56 60 61 62 66 67 68 72 73 74 78 79 80 84 85 86 90 91 92 96 97 98 102 103 104 108 109 110 114 115 116 120 121 122 126 127 128 132 133 134 138 139 140 144 145 146 150 151 152 156 157 158 162 163 164 168 169 170 174 175 176 180 181 182 186 187 188 192 193 194 198 199 200 204 205 206 210 211 212 216 217 218 222 223 224 228 229 230 234 235 236 240 241 242 241 240 243 248 249 250 254 255 256 260 261 262 266 267 268 272 273 274 278 279 280 284 285 286 290 291 292 296 297 298 302 303 304 308 309 310 314 315 316 320 321 322 326 327 328 332 333 334 338 339 340 344 345 346 350 351 352 356 357 358 362 363 364 368 369 370 374 375 376 380 381 382 386 387 388 392 393 394 398 399 400 404 405 406 410 411 412 416 417 418 422 423 424 428 429 430 434 435 436 440 441 442 446 447 448 452 453 454 458 459 460 464 465 466 470 471 472 476 477 478 482 483 484 488 489 490 494 495 496 500 501 502 506 507 508 512 513 514 518 519 520 524 525 526 530 531 532 536 537 538 542 543 544 548 549 550 554 555 556 560 561 562 566 567 568 572 573 574 578 579 580 584 585 586 590 591 592 596 597 598 602 603 604 608 609 610 614 615 616 620 621 622 626 627 628 632 633 634 638 639 640 644 645 646 650 651 652 656 657 658 662 663 664 668 669 670 674 675 676 680 681 682 686 687 688 692 693 694 698 699 700 704 705 706 710 711 712 716 717 718 722 723 724 728 729 730 734 735 736 740 741 742 746 747 748 752 753 754 758 759 760 764 765 766 770 771 772 776 777 778 782 783 784 788 789 790 794 795 796 800 801 802 806 807 808 812 813 814 818 819 820 824 825 826 830 831 832 836 837 838 842 843 844 848 849 850 854 855 856 860 861 862 866 867 868 872 873 874 878 879 880 884 885 886 890 891 892 896 897 898 902 903 904 908 909 910 914 915 916 920 921 922 926 927 928 932 933 934 938 939 940</p>
                </triangles>
                <triangles count="158" material="Material3">
                    <input offset="0" semantic="VERTEX" source="#ID23"/>
                    <p>3 4 5 9 10 11 15 16 17 21 22 23 27 28 29 33 34 35 39 40 41 45 46 47 51 52 53 57 58 59 63 64 65 69 70 71 75 76 77 81 82 83 87 88 89 93 94 95 99 100 101 105 106 107 111 112 113 117 118 119 123 124 125 129 130 131 135 136 137 141 142 143 147 148 149 153 154 155 159 160 161 165 166 167 171 172 173 177 178 179 183 184 185 189 190 191 195 196 197 201 202 203 207 208 209 213 214 215 219 220 221 225 226 227 231 232 233 237 238 239 244 245 246 247 246 245 251 252 253 257 258 259 263 264 265 269 270 271 275 276 277 281 282 283 287 288 289 293 294 295 299 300 301 305 306 307 311 312 313 317 318 319 323 324 325 329 330 331 335 336 337 341 342 343 347 348 349 353 354 355 359 360 361 365 366 367 371 372 373 377 378 379 383 384 385 389 390 391 395 396 397 401 402 403 407 408 409 413 414 415 419 420 421 425 426 427 431 432 433 437 438 439 443 444 445 449 450 451 455 456 457 461 462 463 467 468 469 473 474 475 479 480 481 485 486 487 491 492 493 497 498 499 503 504 505 509 510 511 515 516 517 521 522 523 527 528 529 533 534 535 539 540 541 545 546 547 551 552 553 557 558 559 563 564 565 569 570 571 575 576 577 581 582 583 587 588 589 593 594 595 599 600 601 605 606 607 611 612 613 617 618 619 623 624 625 629 630 631 635 636 637 641 642 643 647 648 649 653 654 655 659 660 661 665 666 667 671 672 673 677 678 679 683 684 685 689 690 691 695 696 697 701 702 703 707 708 709 713 714 715 719 720 721 725 726 727 731 732 733 737 738 739 743 744 745 749 750 751 755 756 757 761 762 763 767 768 769 773 774 775 779 780 781 785 786 787 791 792 793 797 798 799 803 804 805 809 810 811 815 816 817 821 822 823 827 828 829 833 834 835 839 840 841 845 846 847 851 852 853 857 858 859 863 864 865 869 870 871 875 876 877 881 882 883 887 888 889 893 894 895 899 900 901 905 906 907 911 912 913 917 918 919 923 924 925 929 930 931 935 936 937 941 942 943</p>
                </triangles>
            </mesh>
        </geometry>
        <geometry id="ID26">
            <mesh>
                <source id="ID27">
                    <float_array id="ID30" count="126">41.71626 21.6467 47.89445 38.15234 22.16284 48.52193 39.30865 15.98174 46.84673 39.30865 15.98174 46.84673 38.15234 22.16284 48.52193 41.71626 21.6467 47.89445 39.30865 15.98174 46.84673 38.15234 22.16284 48.52193 31.83374 13.9965 46.15473 31.83374 13.9965 46.15473 38.15234 22.16284 48.52193 39.30865 15.98174 46.84673 46.52717 15.7841 46.10902 41.71626 21.6467 47.89445 39.30865 15.98174 46.84673 39.30865 15.98174 46.84673 41.71626 21.6467 47.89445 46.52717 15.7841 46.10902 38.15234 22.16284 48.52193 33.17358 22.16772 47.99961 31.83374 13.9965 46.15473 31.83374 13.9965 46.15473 33.17358 22.16772 47.99961 38.15234 22.16284 48.52193 49.14401 23.43625 47.08449 41.71626 21.6467 47.89445 46.52717 15.7841 46.10902 46.52717 15.7841 46.10902 41.71626 21.6467 47.89445 49.14401 23.43625 47.08449 33.17358 22.16772 47.99961 24.65492 20.48256 46.34811 31.83374 13.9965 46.15473 31.83374 13.9965 46.15473 24.65492 20.48256 46.34811 33.17358 22.16772 47.99961 33.17358 22.16772 47.99961 28.97169 24.33781 47.92567 24.65492 20.48256 46.34811 24.65492 20.48256 46.34811 28.97169 24.33781 47.92567 33.17358 22.16772 47.99961</float_array>
                    <technique_common>
                        <accessor count="42" source="#ID30" stride="3">
                            <param name="X" type="float"/>
                            <param name="Y" type="float"/>
                            <param name="Z" type="float"/>
                        </accessor>
                    </technique_common>
                </source>
                <source id="ID28">
                    <float_array id="ID31" count="126">0.135337 -0.2355121 0.9624022 0.135337 -0.2355121 0.9624022 0.135337 -0.2355121 0.9624022 -0.135337 0.2355121 -0.9624022 -0.135337 0.2355121 -0.9624022 -0.135337 0.2355121 -0.9624022 -0.01891783 -0.2648316 0.9641091 -0.01891783 -0.2648316 0.9641091 -0.01891783 -0.2648316 0.9641091 0.01891783 0.2648316 -0.9641091 0.01891783 0.2648316 -0.9641091 0.01891783 0.2648316 -0.9641091 0.09325079 -0.2192529 0.9712015 0.09325079 -0.2192529 0.9712015 0.09325079 -0.2192529 0.9712015 -0.09325079 0.2192529 -0.9712015 -0.09325079 0.2192529 -0.9712015 -0.09325079 0.2192529 -0.9712015 -0.10236 -0.2030778 0.9737976 -0.10236 -0.2030778 0.9737976 -0.10236 -0.2030778 0.9737976 0.10236 0.2030778 -0.9737976 0.10236 0.2030778 -0.9737976 0.10236 0.2030778 -0.9737976 0.1482525 -0.174782 0.973382 0.1482525 -0.174782 0.973382 0.1482525 -0.174782 0.973382 -0.1482525 0.174782 -0.973382 -0.1482525 0.174782 -0.973382 -0.1482525 0.174782 -0.973382 -0.1494991 -0.194371 0.9694689 -0.1494991 -0.194371 0.9694689 -0.1494991 -0.194371 0.9694689 0.1494991 0.194371 -0.9694689 0.1494991 0.194371 -0.9694689 0.1494991 0.194371 -0.9694689 -0.139449 -0.2372547 0.9613866 -0.139449 -0.2372547 0.9613866 -0.139449 -0.2372547 0.9613866 0.139449 0.2372547 -0.9613866 0.139449 0.2372547 -0.9613866 0.139449 0.2372547 -0.9613866</float_array>
                    <technique_common>
                        <accessor count="42" source="#ID31" stride="3">
                            <param name="X" type="float"/>
                            <param name="Y" type="float"/>
                            <param name="Z" type="float"/>
                        </accessor>
                    </technique_common>
                </source>
                <vertices id="ID29">
                    <input semantic="POSITION" source="#ID27"/>
                    <input semantic="NORMAL" source="#ID28"/>
                </vertices>
                <triangles count="7" material="Material2">
                    <input offset="0" semantic="VERTEX" source="#ID29"/>
                    <p>0 1 2 6 7 8 12 13 14 18 19 20 24 25 26 30 31 32 36 37 38</p>
                </triangles>
                <triangles count="7" material="Material3">
                    <input offset="0" semantic="VERTEX" source="#ID29"/>
                    <p>3 4 5 9 10 11 15 16 17 21 22 23 27 28 29 33 34 35 39 40 41</p>
                </triangles>
            </mesh>
        </geometry>
        <geometry id="ID32">
            <mesh>
                <source id="ID33">
                    <float_array id="ID36" count="951">36.21415 16.01326 45.98932 36.31479 16.01637 45.22457 39.17499 15.86312 45.98932 33.29891 16.95503 45.98932 33.49779 16.96117 44.47792 36.60983 16.02547 44.51192 36.31479 16.01637 46.75408 33.49779 16.96117 47.50073 30.72674 18.61923 45.98932 31.01144 18.62802 43.8258 34.08089 16.97917 43.06952 37.07918 16.03996 43.89997 36.60983 16.02547 47.46672 34.08089 16.97917 48.90913 31.01144 18.62802 48.15285 28.67295 20.89245 45.98932 29.02518 20.90332 43.31264 31.84613 18.65378 41.80972 35.00847 17.00779 41.8601 37.69085 16.05884 43.43039 37.07918 16.03996 48.07868 35.00847 17.00779 50.11855 31.84613 18.65378 50.16893 29.02518 20.90332 48.666 27.27749 23.61977 45.98932 27.67436 23.63202 42.97342 30.05785 20.93519 40.81837 33.17393 18.69476 40.07847 36.21732 17.0451 40.93208 38.40315 16.08082 43.13521 37.69085 16.05884 48.54826 36.21732 17.0451 51.04657 33.17393 18.69476 51.90018 30.05785 20.93519 51.16027 27.67436 23.63202 49.00523 26.73831 26.13551 45.98932 27.05104 26.62816 42.83125 26.63547 26.61533 45.98932 28.8379 23.66793 40.16304 31.70058 20.98589 38.6765 34.90436 18.74816 38.75004 37.62505 17.08855 40.3487 39.16754 16.10441 43.03452 38.40315 16.08082 48.84344 37.62505 17.08855 51.62995 34.90436 18.74816 53.22861 31.70058 20.98589 53.30215 28.8379 23.66793 51.81561 27.05104 26.62816 49.1474 26.79063 29.67499 45.98932 27.1977 29.68755 42.89581 28.26943 26.66576 39.88838 30.68883 23.72505 37.74972 33.84144 21.05196 37.03298 36.91948 18.81035 37.91495 39.13573 17.13517 40.14972 39.93194 16.128 43.13521 39.16754 16.10441 48.94412 39.13573 17.13517 51.82893 36.91948 18.81035 54.0637 33.84144 21.05196 54.94567 30.68883 23.72505 54.22893 28.26943 26.66576 52.09026 27.1977 29.68755 49.08284 27.46498 31.76246 45.98932 28.10435 32.60171 43.16272 27.7324 32.59023 45.98932 28.39118 29.72439 40.01312 30.20761 26.72558 37.36129 33.101 23.7995 35.89791 36.33452 21.1289 35.99982 39.08197 18.87709 37.63012 40.64642 17.18179 40.3487 40.64424 16.14999 43.43039 39.93194 16.128 48.84344 40.64642 17.18179 51.62995 39.08197 18.87709 54.34853 36.33452 21.1289 55.97883 33.101 23.7995 56.08074 30.20761 26.72558 54.61735 28.39118 29.72439 51.96553 28.10435 32.60171 48.81593 29.39659 35.1624 45.98932 29.70919 35.17204 43.61378 29.19486 32.63537 40.52874 30.28974 29.78298 37.53769 32.7335 26.80353 35.42219 35.91004 23.88619 34.73381 39.00993 21.21147 35.64742 41.24447 18.94383 37.91495 42.05415 17.22524 40.93208 41.25591 16.16886 43.89997 40.64424 16.14999 48.54826 42.05415 17.22524 51.04657 41.24447 18.94383 54.0637 39.00993 21.21147 56.33122 35.91004 23.88619 57.24483 32.7335 26.80353 56.55646 30.28974 29.78298 54.44096 29.19486 32.63537 51.44991 29.70919 35.17204 48.36487 31.90287 37.22338 44.21825 31.66981 37.21619 45.98932 30.62568 35.20033 41.40012 30.92961 32.68891 38.2669 32.76399 29.85934 35.63823 35.67496 26.89431 34.20321 38.92451 23.97922 34.33676 41.68534 21.29404 35.99982 43.25959 19.00602 38.75004 43.26299 17.26254 41.8601 41.72526 16.18335 44.51192 41.25591 16.16886 48.07868 43.26299 17.26254 50.11855 43.25959 19.00602 53.22861 41.68534 21.29404 55.97883 38.92451 23.97922 57.64189 35.67496 26.89431 57.77543 32.76399 29.85934 56.34042 30.92961 32.68891 53.71175 30.62568 35.20033 50.57853 31.90287 37.22338 47.7604 34.53588 38.61593 44.93493 34.39713 38.61165 45.98932 32.58615 37.24447 42.56786 32.08361 35.24532 39.49921 33.19038 32.75868 36.53132 35.64531 29.94826 34.44418 38.83154 26.99173 33.78745 41.93898 24.07226 34.73381 44.17842 21.37098 37.03298 44.99001 19.05943 40.07847 44.19057 17.29117 43.06952 42.0203 16.19245 45.22457 41.72526 16.18335 47.46672 44.19057 17.29117 48.90913 44.99001 19.05943 51.90018 44.17842 21.37098 54.94567 41.93898 24.07226 57.24483 38.83154 26.99173 58.1912 35.64531 29.94826 57.53447 33.19038 32.75868 55.44733 32.08361 35.24532 52.47944 32.58615 37.24447 49.41078 34.53588 38.61593 47.04371 37.42879 39.25479 45.715 37.39269 39.25367 45.98932 34.94267 38.62848 43.9524 33.6731 37.27801 41.15065 33.98362 35.30396 38.04059 35.8231 32.83993 35.44029 38.73735 30.04369 34.03691 41.98811 27.08915 34.20321 44.74802 24.15895 35.89791 46.31928 21.43705 38.6765 46.31782 19.10041 41.80972 44.77367 17.30917 44.47792 42.12094 16.19556 45.98932 42.0203 16.19245 46.75408 44.77367 17.30917 47.50073 46.31782 19.10041 50.16893 46.31928 21.43705 53.30215 44.74802 24.15895 56.08074 41.98811 27.08915 57.77543 38.73735 30.04369 57.94174 35.8231 32.83993 56.53836 33.98362 35.30396 53.93806 33.6731 37.27801 50.828 34.94267 38.62848 48.02625 37.42879 39.25479 46.26365 38.33738 39.2061 45.95794 38.45477 39.19981 45.98932 37.53463 39.25805 45.45937 35.58977 38.64845 43.10868 35.08964 37.32173 40.06318 36.19622 35.37225 37.12366 38.64836 32.92712 35.06816 41.82939 30.13912 34.44418 44.92957 27.17993 35.42219 47.1602 24.23339 37.74972 47.96202 21.48775 40.81837 47.15251 19.12617 43.8258 44.97256 17.31531 45.98932 47.15251 19.12617 48.15285 47.96202 21.48775 51.16027 47.1602 24.23339 54.22893 44.92957 27.17993 56.55646 41.82939 30.13912 57.53447 38.64836 32.92712 56.91049 36.19622 35.37225 54.85499 35.08964 37.32173 51.91547 35.58977 38.64845 48.86997 37.53463 39.25805 46.51928 38.33738 39.2061 46.02071 38.34949 39.20648 45.92869 37.70299 39.26325 45.23985 36.43309 38.67448 42.46127 36.73924 37.37264 39.37957 38.57064 35.44553 36.81091 41.47362 33.01432 35.44029 44.71071 30.22804 35.63823 47.45546 27.25788 37.36129 49.01112 24.29052 40.16304 48.99468 21.51962 43.31264 47.4372 19.13495 45.98932 48.99468 21.51962 48.666 49.01112 24.29052 51.81561 47.45546 27.25788 54.61735 44.71071 30.22804 56.34042 41.47362 33.01432 56.53836 38.57064 35.44553 55.16773 36.73924 37.37264 52.59908 36.43309 38.67448 49.51738 37.70299 39.26325 46.73879 38.34949 39.20648 46.04996 38.36875 39.20707 45.90357 37.9224 39.27002 45.07141 37.41516 38.70479 42.05429 38.50948 37.42727 39.1464 40.94505 35.51881 37.12366 44.10634 33.09557 36.53132 47.18496 30.3044 37.53769 49.39365 27.3177 39.88838 50.17467 24.32643 42.97342 48.77125 20.80838 45.98932 49.34691 21.53049 45.98932 50.17467 24.32643 49.00523 49.39365 27.3177 52.09026 47.18496 30.3044 54.44096 44.10634 33.09557 55.44733 40.94505 35.51881 54.85499 38.50948 37.42727 52.83224 37.41516 38.70479 49.92436 37.9224 39.27002 46.90723 38.36875 39.20707 46.07508 38.39386 39.20785 45.8843 38.17791 39.27791 44.96553 38.46905 38.73731 41.91547 40.27971 37.48191 39.37957 43.15766 35.58709 38.04059 46.36711 33.16534 38.2669 49.08352 30.36299 40.01312 50.61204 27.3553 42.83125 50.57153 24.33867 45.98932 50.61204 27.3553 49.1474 49.08352 30.36299 51.96553 46.36711 33.16534 53.71175 43.15766 35.58709 53.93806 40.27971 37.48191 52.59908 38.46905 38.73731 50.06318 38.17791 39.27791 47.01312 38.39386 39.20785 46.09435 38.42309 39.20875 45.87218 38.4521 39.28637 44.92941 39.52293 38.76984 42.05429 41.92931 37.53282 40.06318 45.05767 35.64573 39.49921 48.10186 33.21888 40.52874 50.277 30.39983 42.89581 50.86586 26.29373 45.98932 51.02761 27.36812 45.98932 50.277 30.39983 49.08284 48.10186 33.21888 51.44991 45.05767 35.64573 52.47944 41.92931 37.53282 51.91547 39.52293 38.76984 49.92436 38.4521 39.28637 47.04924 38.42309 39.20875 46.10646 38.45447 39.20972 45.86805 38.7263 39.29483 44.96553 40.505 38.80015 42.46127 43.34585 37.57654 41.15065 46.51559 35.69072 41.40012 49.19237 33.25253 43.16272 50.68407 30.41239 45.98932 49.19237 33.25253 48.81593 46.51559 35.69072 50.57853 43.34585 37.57654 50.828 40.505 38.80015 49.51738 38.7263 39.29483 47.01312 38.45447 39.20972 46.1106 38.48584 39.21069 45.87218 38.9818 39.30272 45.07141 41.34832 38.82617 43.10868 44.4328 37.61008 42.56786 47.43208 35.71901 43.61378 49.56433 33.26401 45.98932 47.43208 35.71901 48.36487 44.4328 37.61008 49.41078 41.34832 38.82617 48.86997 38.9818 39.30272 46.90723 38.48584 39.21069 46.10646 38.51507 39.21159 45.8843 39.20121 39.30949 45.23985 41.99543 38.84615 43.9524 45.11608 37.63117 44.21825 47.74468 35.72866 45.98932 45.11608 37.63117 47.7604 41.99543 38.84615 48.02625 39.20121 39.30949 46.73879 38.51507 39.21159 46.09435 38.54018 39.21236 45.90357 39.36957 39.31468 45.45937 42.40221 38.8587 44.93493 45.34914 37.63836 45.98932 42.40221 38.8587 47.04371 39.36957 39.31468 46.51928 38.54018 39.21236 46.07508 38.55944 39.21296 45.92869 39.47541 39.31795 45.715 42.54096 38.86298 45.98932 39.47541 39.31795 46.26365 38.55944 39.21296 46.04996 38.57155 39.21333 45.95794 39.51151 39.31906 45.98932 38.57155 39.21333 46.02071 38.57568 39.21346 45.98932</float_array>
                    <technique_common>
                        <accessor count="317" source="#ID36" stride="3">
                            <param name="X" type="float"/>
                            <param name="Y" type="float"/>
                            <param name="Z" type="float"/>
                        </accessor>
                    </technique_common>
                </source>
                <source id="ID34">
                    <float_array id="ID37" count="951">-0.1909815 -0.9815936 1.084404e-14 -0.1834489 -0.9813612 -0.05724305 0.03084739 -0.9995241 -1.518046e-15 -0.4376352 -0.8991526 1.943077e-14 -0.4217927 -0.8986637 -0.1203932 -0.1613644 -0.9806796 -0.1105851 -0.1834489 -0.9813612 0.05724305 -0.4217927 -0.8986637 0.1203932 -0.6542053 -0.756317 1.600344e-14 -0.6311404 -0.7556052 -0.1752786 -0.3753447 -0.8972302 -0.2325817 -0.126233 -0.9795954 -0.1563909 -0.1613644 -0.9806796 0.1105851 -0.3753447 -0.8972302 0.2325817 -0.6311404 -0.7556052 0.1752786 -0.8264498 -0.5630104 1.525919e-14 -0.7977245 -0.5621239 -0.2182942 -0.5635176 -0.7535182 -0.3386122 -0.3014568 -0.8949499 -0.3289202 -0.080449 -0.9781824 -0.191539 -0.126233 -0.9795954 0.1563909 -0.3014568 -0.8949499 0.3289202 -0.5635176 -0.7535182 0.3386122 -0.7977245 -0.5621239 0.2182942 -0.9431677 -0.3323172 2.403602e-14 -0.9107115 -0.3313156 -0.2466468 -0.7135062 -0.5595247 -0.421712 -0.4559453 -0.7501983 -0.47887 -0.2051641 -0.8919781 -0.4028433 -0.02713235 -0.9765369 -0.213634 -0.080449 -0.9781824 0.191539 -0.2051641 -0.8919781 0.4028433 -0.4559453 -0.7501983 0.47887 -0.7135062 -0.5595247 0.421712 -0.9107115 -0.3313156 0.2466468 -0.9777943 -0.2095668 2.633403e-14 -0.9628079 -0.07857096 -0.2585103 -0.9968252 -0.0796208 2.472013e-14 -0.8155547 -0.3283788 -0.476485 -0.5795342 -0.55539 -0.5963908 -0.3157543 -0.7458717 -0.5864935 -0.09302898 -0.8885174 -0.4493134 0.03008347 -0.9747711 -0.2211702 -0.02713235 -0.9765369 0.213634 -0.09302898 -0.8885174 0.4493134 -0.3157543 -0.7458717 0.5864935 -0.5795342 -0.55539 0.5963908 -0.8155547 -0.3283788 0.476485 -0.9628079 -0.07857096 0.2585103 -0.983966 0.1783559 2.681708e-14 -0.9506575 0.1793839 -0.253124 -0.8630742 -0.07549297 -0.4994035 -0.6641821 -0.3237072 -0.6738515 -0.4049386 -0.5500017 -0.7304265 -0.1524984 -0.7408333 -0.6541485 0.02730688 -0.8848036 -0.4651634 0.08729928 -0.9730053 -0.213634 0.03008347 -0.9747711 0.2211702 0.02730688 -0.8848036 0.4651634 -0.1524984 -0.7408333 0.6541485 -0.4049386 -0.5500017 0.7304265 -0.6641821 -0.3237072 0.6738515 -0.8630742 -0.07549297 0.4994035 -0.9506575 0.1793839 0.253124 -0.9515781 0.307407 2.871948e-14 -0.8750227 0.4255014 -0.230833 -0.905398 0.4245639 2.330886e-14 -0.8530018 0.1823977 -0.488998 -0.7044207 -0.07059659 -0.7062632 -0.4669095 -0.3176189 -0.8252962 -0.2016176 -0.5437268 -0.814685 0.02269679 -0.7354264 -0.6772244 0.1476427 -0.8810897 -0.4493134 0.1406159 -0.9713599 -0.191539 0.08729928 -0.9730053 0.213634 0.1476427 -0.8810897 0.4493134 0.02269679 -0.7354264 0.6772244 -0.2016176 -0.5437268 0.814685 -0.4669095 -0.3176189 0.8252962 -0.7044207 -0.07059659 0.7062632 -0.8530018 0.1823977 0.488998 -0.8750227 0.4255014 0.230833 -0.7661544 0.6426566 2.35906e-14 -0.7407483 0.6434407 -0.1930701 -0.7859669 0.4282498 -0.4459352 -0.697654 0.1871921 -0.6915476 -0.4976594 -0.06421551 -0.8649922 -0.2371806 -0.310529 -0.9204983 0.01657272 -0.5369929 -0.8434239 0.1978919 -0.7300195 -0.6541485 0.2597779 -0.877629 -0.4028433 0.1864 -0.9699469 -0.1563909 0.1406159 -0.9713599 0.191539 0.2597779 -0.877629 0.4028433 0.1978919 -0.7300195 0.6541485 0.01657272 -0.5369929 0.8434239 -0.2371806 -0.310529 0.9204983 -0.4976594 -0.06421551 0.8649922 -0.697654 0.1871921 0.6915476 -0.7859669 0.4282498 0.4459352 -0.7407483 0.6434407 0.1930701 -0.5565067 0.8185702 -0.1422786 -0.5752291 0.8179923 3.777546e-14 -0.6662615 0.6457395 -0.3729827 -0.6442995 0.432622 -0.6306476 -0.4952008 0.1934402 -0.8469693 -0.2568808 -0.05678458 -0.9647734 0.00934876 -0.3029206 -0.9529699 0.234763 -0.5302591 -0.814685 0.3611478 -0.7249811 -0.5864935 0.3560706 -0.8746572 -0.3289202 0.2215313 -0.9688626 -0.1105851 0.1864 -0.9699469 0.1563909 0.3560706 -0.8746572 0.3289202 0.3611478 -0.7249811 0.5864935 0.234763 -0.5302591 0.814685 0.00934876 -0.3029206 0.9529699 -0.2568808 -0.05678458 0.9647734 -0.4952008 0.1934402 0.8469693 -0.6442995 0.432622 0.6306476 -0.6662615 0.6457395 0.3729827 -0.5565067 0.8185702 0.1422786 -0.3343264 0.9389026 -0.08177932 -0.3450877 0.9385704 3.032597e-14 -0.5016153 0.8202642 -0.2748612 -0.5477701 0.6493964 -0.5274773 -0.459675 0.4383199 -0.7723824 -0.259439 0.2007163 -0.9446716 0.001506385 -0.04881021 -0.9988069 0.2558782 -0.2953122 -0.9204983 0.438084 -0.5239842 -0.7304265 0.5013389 -0.7206545 -0.47887 0.4299585 -0.8723769 -0.2325817 0.2436158 -0.9681811 -0.05724305 0.2215313 -0.9688626 0.1105851 0.4299585 -0.8723769 0.2325817 0.5013389 -0.7206545 0.47887 0.438084 -0.5239842 0.7304265 0.2558782 -0.2953122 0.9204983 0.001506385 -0.04881021 0.9988069 -0.259439 0.2007163 0.9446716 -0.459675 0.4383199 0.7723824 -0.5477701 0.6493964 0.5274773 -0.5016153 0.8202642 0.2748612 -0.3343264 0.9389026 0.08177932 -0.08891036 0.9959178 -0.01558033 -0.09096057 0.9958545 4.001494e-16 -0.3027758 0.9398763 -0.1579855 -0.4142958 0.8229591 -0.3887125 -0.3933491 0.6541621 -0.6460251 -0.2446752 0.4449552 -0.8614807 -0.006435501 0.2085245 -0.977996 0.2598936 -0.04083584 -0.9647734 0.485607 -0.2882223 -0.8252962 0.6126797 -0.5185958 -0.5963908 0.6089112 -0.7173346 -0.3386122 0.4764064 -0.8709434 -0.1203932 0.2511484 -0.9679486 -8.342473e-15 0.2436158 -0.9681811 0.05724305 0.4764064 -0.8709434 0.1203932 0.6089112 -0.7173346 0.3386122 0.6126797 -0.5185958 0.5963908 0.485607 -0.2882223 0.8252962 0.2598936 -0.04083584 0.9647734 -0.006435501 0.2085245 0.977996 -0.2446752 0.4449552 0.8614807 -0.3933491 0.6541621 0.6460251 -0.4142958 0.8229591 0.3887125 -0.3027758 0.9398763 0.1579855 -0.08891036 0.9959178 0.01558033 0.04787253 0.9986311 0.02107552 -0.03084739 0.9995241 4.875869e-15 -0.08289944 0.9961033 -0.03009888 -0.252586 0.9414252 -0.2234253 -0.3004987 0.8264711 -0.4760736 -0.2135221 0.659712 -0.7205473 -0.013952 0.4520758 -0.8918704 0.246568 0.2163328 -0.9446716 0.5006722 -0.03340492 -0.8649922 0.6828796 -0.282134 -0.6738515 0.7466517 -0.5144612 -0.421712 0.676534 -0.7152476 -0.1752786 0.4922489 -0.8704545 -1.416369e-14 0.676534 -0.7152476 0.1752786 0.7466517 -0.5144612 0.421712 0.6828796 -0.282134 0.6738515 0.5006722 -0.03340492 0.8649922 0.246568 0.2163328 0.9446716 -0.013952 0.4520758 0.8918704 -0.2135221 0.659712 0.7205473 -0.3004987 0.8264711 0.4760736 -0.252586 0.9414252 0.2234253 -0.08289944 0.9961033 0.03009888 0.04787253 0.9986311 -0.02107552 0.03974155 0.9983801 0.04071478 -0.07333744 0.9963984 -0.04256625 -0.1871774 0.9434439 -0.273639 -0.1679792 0.8305609 -0.5309911 -0.02054389 0.6656677 -0.7459655 0.2167712 0.4591964 -0.8614807 0.4823298 0.2236089 -0.8469693 0.7074334 -0.02702383 -0.7062632 0.8342522 -0.2774624 -0.476485 0.83087 -0.511862 -0.2182942 0.6995989 -0.7145358 -9.839085e-15 0.83087 -0.511862 0.2182942 0.8342522 -0.2774624 0.476485 0.7074334 -0.02702383 0.7062632 0.4823298 0.2236089 0.8469693 0.2167712 0.4591964 0.8614807 -0.02054389 0.6656677 0.7459655 -0.1679792 0.8305609 0.5309911 -0.1871774 0.9434439 0.273639 -0.07333744 0.9963984 0.04256625 0.03974155 0.9983801 -0.04071478 0.02680704 0.997981 0.05757939 -0.06087601 0.996783 -0.0521328 -0.1110075 0.9457946 -0.3052046 -0.02576829 0.8349498 -0.5497224 0.1724343 0.6716234 -0.7205473 0.431771 0.4658317 -0.7723824 0.684783 0.229857 -0.6915476 0.8660869 -0.02212746 -0.4994035 0.929409 -0.2745256 -0.2466468 0.7819389 -0.623355 -6.171085e-15 0.8595953 -0.5109755 -9.943581e-15 0.929409 -0.2745256 0.2466468 0.8660869 -0.02212746 0.4994035 0.684783 0.229857 0.6915476 0.431771 0.4658317 0.7723824 0.1724343 0.6716234 0.7205473 -0.02576829 0.8349498 0.5497224 -0.1110075 0.9457946 0.3052046 -0.06087601 0.996783 0.0521328 0.02680704 0.997981 -0.05757939 0.00995045 0.9974607 0.07052007 -0.04636437 0.9972308 -0.05814658 -0.02926705 0.9483173 -0.315971 0.1164426 0.8393388 -0.5309911 0.3522614 0.6771732 -0.6460251 0.6163955 0.4715296 -0.6306476 0.8401308 0.2346513 -0.488998 0.9658207 -0.01904947 -0.2585103 0.9618652 -0.273524 -1.787957e-14 0.9658207 -0.01904947 0.2585103 0.8401308 0.2346513 0.488998 0.6163955 0.4715296 0.6306476 0.3522614 0.6771732 0.6460251 0.1164426 0.8393388 0.5309911 -0.02926705 0.9483173 0.315971 -0.04636437 0.9972308 0.05814658 0.00995045 0.9974607 -0.07052007 -0.009679462 0.9968549 0.07865491 -0.03079145 0.9977114 -0.06019777 0.05247336 0.95084 -0.3052046 0.2489621 0.8434286 -0.4760736 0.5066823 0.681939 -0.5274773 0.7580629 0.4759018 -0.4459352 0.9377865 0.2376652 -0.253124 0.9888565 -0.1488718 -1.555454e-14 0.999838 -0.01799962 -1.483571e-14 0.9377865 0.2376652 0.253124 0.7580629 0.4759018 0.4459352 0.5066823 0.681939 0.5274773 0.2489621 0.8434286 0.4760736 0.05247336 0.95084 0.3052046 -0.03079145 0.9977114 0.06019777 -0.009679462 0.9968549 -0.07865491 -0.03074495 0.9962048 0.08142956 -0.01521854 0.9981921 -0.05814658 0.1286433 0.9531908 -0.273639 0.3627592 0.8469406 -0.3887125 0.6251737 0.6855959 -0.3729827 0.8471187 0.4786502 -0.230833 0.971095 0.2386932 -2.240432e-14 0.8471187 0.4786502 0.230833 0.6251737 0.6855959 0.3729827 0.3627592 0.8469406 0.3887125 0.1286433 0.9531908 0.273639 -0.01521854 0.9981921 0.05814658 -0.03074495 0.9962048 -0.08142956 -0.05181044 0.9955547 0.07865491 -0.0007068916 0.9986399 -0.0521328 0.1940519 0.9552094 -0.2234253 0.4500787 0.8496355 -0.2748612 0.6996605 0.6878947 -0.1930701 0.877494 0.4795877 -2.321374e-14 0.6996605 0.6878947 0.1930701 0.4500787 0.8496355 0.2748612 0.1940519 0.9552094 0.2234253 -0.0007068916 0.9986399 0.0521328 -0.05181044 0.9955547 -0.07865491 -0.07144036 0.9949488 0.07052007 0.01175454 0.9990245 -0.04256625 0.2442417 0.9567584 -0.1579855 0.5049701 0.8513295 -0.1422786 0.7250666 0.6886788 -8.308839e-15 0.5049701 0.8513295 0.1422786 0.2442417 0.9567584 0.1579855 0.01175454 0.9990245 0.04256625 -0.07144036 0.9949488 -0.07052007 -0.08829694 0.9944286 0.05757939 0.02131653 0.9993196 -0.03009888 0.2757923 0.9577321 -0.08177932 0.5236925 0.8519073 1.585212e-14 0.2757923 0.9577321 0.08177932 0.02131653 0.9993196 0.03009888 -0.08829694 0.9944286 -0.05757939 -0.1012315 0.9940294 0.04071478 0.02732746 0.9995051 -0.01558033 0.2865536 0.9580642 1.5724e-14 0.02732746 0.9995051 0.01558033 -0.1012315 0.9940294 -0.04071478 -0.1093624 0.9937785 0.02107552 0.02937767 0.9995684 -1.391884e-15 -0.1093624 0.9937785 -0.02107552 -0.1121358 0.9936929 -1.021591e-15</float_array>
                    <technique_common>
                        <accessor count="317" source="#ID37" stride="3">
                            <param name="X" type="float"/>
                            <param name="Y" type="float"/>
                            <param name="Z" type="float"/>
                        </accessor>
                    </technique_common>
                </source>
                <vertices id="ID35">
                    <input semantic="POSITION" source="#ID33"/>
                    <input semantic="NORMAL" source="#ID34"/>
                </vertices>
                <triangles count="630" material="Material2">
                    <input offset="0" semantic="VERTEX" source="#ID35"/>
                    <p>0 1 2 1 3 4 3 1 0 2 1 5 6 0 2 6 3 0 3 6 7 4 8 9 8 4 3 5 4 10 4 5 1 2 5 11 12 6 2 12 7 6 7 12 13 7 8 3 8 7 14 15 9 8 9 15 16 10 9 17 9 10 4 11 10 18 10 11 5 2 11 19 20 12 2 20 13 12 13 20 21 13 14 7 14 13 22 14 15 8 15 14 23 24 16 15 16 24 25 16 17 9 17 16 26 18 17 27 17 18 10 19 18 28 18 19 11 2 19 29 30 20 2 30 21 20 21 30 31 21 22 13 22 21 32 22 23 14 23 22 33 23 24 15 24 23 34 35 25 24 25 35 36 36 35 37 25 26 16 26 25 38 27 26 39 26 27 17 28 27 40 27 28 18 29 28 41 28 29 19 2 29 42 43 30 2 43 31 30 31 43 44 31 32 21 32 31 45 32 33 22 33 32 46 33 34 23 34 33 47 34 35 24 35 34 48 35 48 37 49 36 37 36 49 50 36 38 25 38 36 51 38 39 26 39 38 52 40 39 53 39 40 27 41 40 54 40 41 28 42 41 55 41 42 29 2 42 56 57 43 2 57 44 43 44 57 58 44 45 31 45 44 59 45 46 32 46 45 60 46 47 33 47 46 61 47 48 34 48 47 62 48 49 37 49 48 63 64 50 49 50 64 65 65 64 66 50 51 36 51 50 67 51 52 38 52 51 68 69 39 52 39 69 53 70 40 53 40 70 54 55 54 71 54 55 41 72 42 55 42 72 56 2 56 73 57 2 74 75 57 74 57 75 58 58 59 44 59 58 76 45 77 60 77 45 59 46 78 61 78 46 60 61 62 47 62 61 79 62 63 48 63 62 80 63 64 49 64 63 81 64 81 66 82 65 66 65 82 83 65 67 50 67 65 84 67 68 51 68 67 85 86 52 68 52 86 69 87 53 69 53 87 70 88 54 70 54 88 71 89 55 71 55 89 72 90 56 72 56 90 73 2 73 91 74 2 92 93 74 92 74 93 75 94 58 75 58 94 76 59 95 77 95 59 76 60 96 78 96 60 77 61 97 79 97 61 78 79 80 62 80 79 98 80 81 63 81 80 99 81 82 66 82 81 100 82 101 83 101 82 102 83 84 65 84 83 103 84 85 67 85 84 104 85 86 68 86 85 105 106 69 86 69 106 87 107 70 87 70 107 88 108 71 88 71 108 89 109 72 89 72 109 90 110 73 90 73 110 91 2 91 111 92 2 112 113 92 112 92 113 93 114 75 93 75 114 94 76 115 95 115 76 94 77 116 96 116 77 95 78 117 97 117 78 96 97 98 79 98 97 118 98 99 80 99 98 119 99 100 81 100 99 120 82 121 102 121 82 100 102 122 101 122 102 123 83 124 103 124 83 101 103 104 84 104 103 125 104 105 85 105 104 126 105 106 86 106 105 127 128 87 106 87 128 107 129 88 107 88 129 108 108 109 89 109 108 130 131 90 109 90 131 110 132 91 110 91 132 111 2 111 133 112 2 134 135 112 134 112 135 113 136 93 113 93 136 114 114 115 94 115 114 137 95 138 116 138 95 115 96 139 117 139 96 116 117 118 97 118 117 140 118 119 98 119 118 141 119 120 99 120 119 142 100 143 121 143 100 120 102 144 123 144 102 121 123 145 122 145 123 146 101 147 124 147 101 122 103 148 125 148 103 124 125 126 104 126 125 149 126 127 105 127 126 150 151 106 127 106 151 128 152 107 128 107 152 129 129 130 108 130 129 153 154 109 130 109 154 131 155 110 131 110 155 132 156 111 132 111 156 133 2 133 157 134 2 158 159 134 158 134 159 135 160 113 135 113 160 136 161 114 136 114 161 137 137 138 115 138 137 162 116 163 139 163 116 138 117 164 140 164 117 139 140 141 118 141 140 165 141 142 119 142 141 166 120 167 143 167 120 142 121 168 144 168 121 143 123 169 146 169 123 144 146 170 145 170 146 171 122 172 147 172 122 145 124 173 148 173 124 147 125 174 149 174 125 148 149 150 126 150 149 175 150 151 127 151 150 176 177 128 151 128 177 152 152 153 129 153 152 178 153 154 130 154 153 179 154 155 131 155 154 180 181 132 155 132 181 156 182 133 156 133 182 157 158 2 157 159 157 182 157 159 158 183 135 159 135 183 160 160 161 136 161 160 184 161 162 137 162 161 185 162 163 138 163 162 186 139 187 164 187 139 163 164 165 140 165 164 188 165 166 141 166 165 189 142 190 167 190 142 166 143 191 168 191 143 167 144 192 169 192 144 168 169 171 146 171 169 193 145 194 172 194 145 170 194 170 171 147 195 173 195 147 172 148 196 174 196 148 173 149 197 175 197 149 174 175 176 150 176 175 198 199 151 176 151 199 177 200 152 177 152 200 178 178 179 153 179 178 201 179 180 154 180 179 202 180 181 155 181 180 203 204 156 181 156 204 182 183 182 204 182 183 159 183 184 160 184 183 205 184 185 161 185 184 206 185 186 162 186 185 207 163 208 187 208 163 186 164 209 188 209 164 187 188 189 165 189 188 210 166 211 190 211 166 189 167 212 191 212 167 190 168 213 192 213 168 191 193 214 171 214 193 169 214 169 192 172 215 195 215 172 194 215 194 171 173 216 196 216 173 195 174 217 197 217 174 196 175 218 198 218 175 197 219 176 198 176 219 199 220 177 199 177 220 200 221 178 200 178 221 201 201 202 179 202 201 222 202 203 180 203 202 223 203 204 181 204 203 224 224 203 225 204 205 183 205 204 224 205 224 225 205 206 184 206 205 226 206 207 185 207 206 227 186 228 208 228 186 207 187 229 209 229 187 208 188 230 210 230 188 209 189 231 211 231 189 210 190 232 212 232 190 211 191 233 213 233 191 212 214 234 171 234 214 192 234 192 213 195 235 216 235 195 215 235 215 171 196 236 217 236 196 216 197 237 218 237 197 217 218 219 198 219 218 238 239 199 219 199 239 220 240 200 220 200 240 221 221 222 201 222 221 241 222 223 202 223 222 242 223 225 203 225 223 243 225 226 205 226 225 243 226 227 206 227 226 244 227 228 207 228 227 245 208 246 229 246 208 228 209 247 230 247 209 229 231 230 248 230 231 210 211 249 232 249 211 231 212 250 233 250 212 232 234 251 171 251 234 213 251 213 233 216 252 236 252 216 235 252 235 171 217 253 237 253 217 236 237 238 218 238 237 254 238 239 219 239 238 255 256 220 239 220 256 240 240 241 221 241 240 257 241 242 222 242 241 258 242 243 223 243 242 259 259 242 260 243 244 226 244 243 259 244 259 260 244 245 227 245 244 261 245 246 228 246 245 262 229 263 247 263 229 246 248 247 264 247 248 230 249 248 265 248 249 231 232 266 250 266 232 249 251 267 171 267 251 233 267 233 250 236 268 253 268 236 252 268 252 171 253 254 237 254 253 269 254 255 238 255 254 270 255 256 239 256 255 271 256 257 240 257 256 272 257 258 241 258 257 273 258 260 242 260 258 274 260 261 244 261 260 274 261 262 245 262 261 275 262 263 246 263 262 276 264 263 277 263 264 247 265 264 278 264 265 248 266 265 279 265 266 249 267 280 171 280 267 250 280 250 266 268 269 253 269 268 281 281 268 171 269 270 254 270 269 282 270 271 255 271 270 283 271 272 256 272 271 284 272 273 257 273 272 285 273 274 258 274 273 286 274 275 261 275 274 286 275 276 262 276 275 287 277 276 288 276 277 263 278 277 289 277 278 264 279 278 290 278 279 265 280 291 171 291 280 279 279 280 266 281 282 269 282 281 292 292 281 171 282 283 270 283 282 293 283 284 271 284 283 294 284 285 272 285 284 295 285 286 273 286 285 296 286 287 275 287 286 296 288 287 297 287 288 276 289 288 298 288 289 277 290 289 299 289 290 278 291 300 171 300 291 290 290 291 279 292 293 282 293 292 301 301 292 171 293 294 283 294 293 302 294 295 284 295 294 303 295 296 285 296 295 304 304 287 296 287 304 297 298 297 305 297 298 288 299 298 306 298 299 289 300 307 171 307 300 299 299 300 290 301 302 293 302 301 308 308 301 171 302 303 294 303 302 309 303 304 295 304 303 310 310 297 304 297 310 305 306 305 311 305 306 298 307 312 171 312 307 306 306 307 299 308 309 302 309 308 313 313 308 171 309 310 303 310 309 314 314 305 310 305 314 311 312 315 171 315 312 311 311 312 306 313 314 309 314 313 171 314 171 316 315 316 171 316 311 314 311 316 315</p>
                </triangles>
            </mesh>
        </geometry>
        <geometry id="ID38">
            <mesh>
                <source id="ID41">
                    <float_array id="ID44" count="951">26.73831 26.13551 45.98932 25.43627 27.16726 45.98932 25.84335 27.17982 42.89581 26.37804 30.08251 45.98932 26.75 30.09399 43.16272 25.69669 24.12043 42.83125 25.84335 27.17982 49.08284 26.75 30.09399 48.81593 27.46498 31.76246 45.98932 28.35484 32.66432 43.61378 28.04224 32.65467 45.98932 27.03683 27.21666 40.01312 27.84051 30.12764 40.52874 26.91508 24.15803 39.88838 25.28112 24.1076 45.98932 25.69669 24.12043 49.1474 27.03683 27.21666 51.96553 27.84051 30.12764 51.44991 28.35484 32.66432 48.36487 30.54852 34.71565 44.21825 30.31546 34.70846 45.98932 29.27133 32.6926 41.40012 28.93539 27.27525 37.53769 29.57526 30.18118 38.2669 28.85326 24.21785 37.36129 27.48355 21.1602 40.16304 26.32001 21.12429 42.97342 25.92314 21.11204 45.98932 26.91508 24.15803 52.09026 28.93539 27.27525 54.44096 29.57526 30.18118 53.71175 29.27133 32.6926 50.57853 30.54852 34.71565 47.7604 33.18153 36.1082 44.93493 33.04278 36.10392 45.98932 31.2318 34.73674 42.56786 30.72926 32.7376 39.49921 31.40964 27.35161 35.63823 31.83603 30.25095 36.53132 31.37915 24.2958 35.42219 29.33448 21.21732 37.74972 28.70349 18.42746 40.81837 27.67083 18.39559 43.31264 26.32001 21.12429 49.00523 27.3186 18.38472 45.98932 28.85326 24.21785 54.61735 27.48355 21.1602 51.81561 31.40964 27.35161 56.34042 31.83603 30.25095 55.44733 30.72926 32.7376 52.47944 31.2318 34.73674 49.41078 33.18153 36.1082 47.04371 36.07444 36.74706 45.715 36.03834 36.74594 45.98932 33.58832 36.12075 43.9524 32.31875 34.77029 41.15065 32.62927 32.79623 38.04059 34.29096 27.44054 34.44418 34.46875 30.3322 35.44029 34.32061 24.38658 34.20321 31.74665 21.29177 35.89791 30.34623 18.47816 38.6765 30.49178 16.14605 41.80972 29.65709 16.12029 43.8258 27.67083 18.39559 48.666 29.37239 16.1115 45.98932 31.37915 24.2958 56.55646 29.33448 21.21732 54.22893 28.70349 18.42746 51.16027 34.29096 27.44054 57.53447 34.46875 30.3322 56.53836 32.62927 32.79623 53.93806 32.31875 34.77029 50.828 33.58832 36.12075 48.02625 36.07444 36.74706 46.26365 36.98303 36.69838 45.95794 37.10042 36.69209 45.98932 36.18028 36.75032 45.45937 34.23542 36.14073 43.10868 33.73529 34.814 40.06318 34.84187 32.86452 37.12366 37.383 27.53596 34.03691 37.29401 30.4194 35.06816 37.47719 24.484 33.78745 34.55569 21.37846 34.73381 32.48709 18.54423 37.03298 31.81958 16.18703 40.07847 32.72654 14.47144 43.06952 32.14344 14.45344 44.47792 29.65709 16.12029 48.15285 31.94456 14.4473 45.98932 34.32061 24.38658 57.77543 31.74665 21.29177 56.08074 30.34623 18.47816 53.30215 30.49178 16.14605 50.16893 37.383 27.53596 57.94174 37.29401 30.4194 56.91049 34.84187 32.86452 54.85499 33.73529 34.814 51.91547 34.23542 36.14073 48.86997 36.18028 36.75032 46.51928 36.98303 36.69838 46.02071 36.99514 36.69875 45.92869 36.34864 36.75552 45.23985 35.07874 36.16675 42.46127 35.38489 34.86491 39.37957 37.21629 32.9378 36.81091 40.11927 30.50659 35.44029 40.47504 27.63139 34.44418 40.63376 24.58142 34.20321 37.57016 21.47149 34.33676 34.98017 18.62117 35.99982 33.55001 16.24043 38.75004 33.65412 14.50006 41.8601 35.25548 13.51775 44.51192 34.96043 13.50864 45.22457 32.14344 14.45344 47.50073 34.8598 13.50554 45.98932 37.47719 24.484 58.1912 34.55569 21.37846 57.24483 32.48709 18.54423 54.94567 31.81958 16.18703 51.90018 32.72654 14.47144 48.90913 40.11927 30.50659 56.53836 40.47504 27.63139 57.53447 37.21629 32.9378 55.16773 35.38489 34.86491 52.59908 35.07874 36.16675 49.51738 36.34864 36.75552 46.73879 36.99514 36.69875 46.04996 37.0144 36.69934 45.90357 36.56805 36.76229 45.07141 36.06081 36.19706 42.05429 37.15513 34.91955 39.1464 39.5907 33.01108 37.12366 42.75199 30.58784 36.53132 43.35636 27.72031 35.63823 43.57522 24.6722 35.42219 40.58463 21.56453 34.73381 37.65558 18.70374 35.64742 35.56513 16.30262 37.91495 34.86297 14.53737 40.93208 35.72483 13.53223 43.89997 37.82064 13.35539 45.98932 34.96043 13.50864 46.75408 40.63376 24.58142 57.77543 37.57016 21.47149 57.64189 34.98017 18.62117 55.97883 33.55001 16.24043 53.22861 33.65412 14.50006 50.11855 35.25548 13.51775 47.46672 42.75199 30.58784 55.44733 43.35636 27.72031 56.34042 39.5907 33.01108 54.85499 37.15513 34.91955 52.83224 36.06081 36.19706 49.92436 36.56805 36.76229 46.90723 37.0144 36.69934 46.07508 37.03951 36.70012 45.8843 36.82356 36.77018 44.96553 37.11469 36.22959 41.91547 38.92536 34.97418 39.37957 41.80331 33.07936 38.04059 45.01276 30.65761 38.2669 45.83061 27.79667 37.53769 46.10111 24.75015 37.36129 43.39367 21.65122 35.89791 40.33099 18.78631 35.99982 37.72762 16.36936 37.63012 36.2707 14.58082 40.3487 36.3365 13.55111 43.43039 43.57522 24.6722 56.55646 40.58463 21.56453 57.24483 37.65558 18.70374 56.33122 35.56513 16.30262 54.0637 34.86297 14.53737 51.04657 35.72483 13.53223 48.07868 45.01276 30.65761 53.71175 45.83061 27.79667 54.44096 41.80331 33.07936 53.93806 38.92536 34.97418 52.59908 37.11469 36.22959 50.06318 36.82356 36.77018 47.01312 37.03951 36.70012 46.09435 37.06874 36.70102 45.87218 37.09775 36.77864 44.92941 38.16858 36.26211 42.05429 40.57496 35.02509 40.06318 43.70331 33.138 39.49921 47.72916 27.85527 40.01312 46.74751 30.71115 40.52874 48.0393 24.80997 39.88838 45.80585 21.72566 37.74972 42.82407 18.86325 37.03298 39.89012 16.4361 37.91495 37.78138 14.62744 40.14972 37.0488 13.57309 43.13521 46.10111 24.75015 54.61735 43.39367 21.65122 56.08074 40.33099 18.78631 55.97883 37.72762 16.36936 54.34853 36.2707 14.58082 51.62995 36.3365 13.55111 48.54826 47.72916 27.85527 51.96553 46.74751 30.71115 51.44991 43.70331 33.138 52.47944 40.57496 35.02509 51.91547 38.16858 36.26211 49.92436 37.09775 36.77864 47.04924 37.06874 36.70102 46.10646 37.10012 36.70199 45.86805 37.37194 36.7871 44.96553 39.15065 36.29242 42.46127 41.9915 35.06881 41.15065 45.16124 33.183 41.40012 48.92265 27.8921 42.89581 47.83802 30.74481 43.16272 49.25769 24.84757 42.83125 47.65677 21.78279 40.16304 44.96493 18.92932 38.6765 41.90524 16.49829 38.75004 39.29206 14.67406 40.3487 37.81319 13.59668 43.03452 48.0393 24.80997 52.09026 45.80585 21.72566 54.22893 42.82407 18.86325 54.94567 39.89012 16.4361 54.0637 37.78138 14.62744 51.82893 37.0488 13.57309 48.84344 48.92265 27.8921 49.08284 47.83802 30.74481 48.81593 45.16124 33.183 50.57853 41.9915 35.06881 50.828 39.15065 36.29242 49.51738 37.37194 36.7871 47.01312 37.10012 36.70199 46.1106 37.13149 36.70296 45.87218 37.62745 36.79499 45.07141 39.99397 36.31845 43.10868 43.07845 35.10235 42.56786 46.07773 33.21128 43.61378 49.32972 27.90466 45.98932 48.20998 30.75628 45.98932 49.67326 24.8604 45.98932 48.82031 21.8187 42.97342 46.60766 18.98002 40.81837 43.63566 16.5517 40.07847 40.6998 14.71751 40.93208 38.57759 13.62027 43.13521 49.25769 24.84757 49.1474 47.65677 21.78279 51.81561 44.96493 18.92932 53.30215 41.90524 16.49829 53.22861 39.29206 14.67406 51.62995 37.81319 13.59668 48.94412 46.07773 33.21128 48.36487 43.07845 35.10235 49.41078 39.99397 36.31845 48.86997 37.62745 36.79499 46.90723 37.13149 36.70296 46.10646 37.16072 36.70386 45.8843 37.84686 36.80176 45.23985 40.64107 36.33842 43.9524 43.76173 35.12344 44.21825 46.39033 33.22093 45.98932 50.86586 26.29373 45.98932 49.21718 21.83094 45.98932 47.64033 19.01189 43.31264 44.96346 16.59268 41.80972 41.90864 14.75482 41.8601 39.28989 13.64226 43.43039 48.82031 21.8187 49.00523 46.60766 18.98002 51.16027 43.63566 16.5517 51.90018 40.6998 14.71751 51.04657 38.57759 13.62027 48.84344 43.76173 35.12344 47.7604 40.64107 36.33842 48.02625 37.84686 36.80176 46.73879 37.16072 36.70386 46.09435 37.18583 36.70463 45.90357 38.01522 36.80696 45.45937 41.04786 36.35097 44.93493 43.99479 35.13063 45.98932 47.99256 19.02276 45.98932 48.77125 20.80838 45.98932 45.79815 16.61844 43.8258 42.83622 14.78344 43.06952 39.90156 13.66113 43.89997 47.64033 19.01189 48.666 44.96346 16.59268 50.16893 41.90864 14.75482 50.11855 39.28989 13.64226 48.54826 41.04786 36.35097 47.04371 38.01522 36.80696 46.51928 37.18583 36.70463 46.07508 37.20509 36.70523 45.92869 38.12106 36.81022 45.715 41.18661 36.35525 45.98932 46.08285 16.62722 45.98932 43.41932 14.80144 44.47792 40.37091 13.67562 44.51192 45.79815 16.61844 48.15285 42.83622 14.78344 48.90913 39.90156 13.66113 48.07868 38.12106 36.81022 46.26365 37.20509 36.70523 46.04996 37.2172 36.7056 45.95794 38.15716 36.81134 45.98932 43.61821 14.80758 45.98932 40.66595 13.68472 45.22457 43.41932 14.80144 47.50073 40.37091 13.67562 47.46672 37.2172 36.7056 46.02071 37.22133 36.70573 45.98932 40.76659 13.68783 45.98932 40.66595 13.68472 46.75408</float_array>
                    <technique_common>
                        <accessor count="317" source="#ID44" stride="3">
                            <param name="X" type="float"/>
                            <param name="Y" type="float"/>
                            <param name="Z" type="float"/>
                        </accessor>
                    </technique_common>
                </source>
                <source id="ID42">
                    <float_array id="ID45" count="951">-0.9906862 -0.1361646 1.70557e-14 -0.9603445 -0.2788163 2.343531e-14 -0.9788111 0.113179 -0.1706437 -0.905398 0.4245639 2.35761e-14 -0.8750227 0.4255014 -0.230833 -0.9806597 -0.0194272 -0.1947538 -0.9788111 0.113179 0.1706437 -0.8750227 0.4255014 0.230833 -0.8395911 0.5432189 1.876831e-14 -0.7407483 0.6434407 -0.1930701 -0.7661544 0.6426566 2.333335e-14 -0.8530018 0.1823977 -0.488998 -0.7859669 0.4282498 -0.4459352 -0.8630742 -0.07549297 -0.4994035 -0.9803762 0.1971359 2.225651e-14 -0.9806597 -0.0194272 0.1947538 -0.8530018 0.1823977 0.488998 -0.7859669 0.4282498 0.4459352 -0.7407483 0.6434407 0.1930701 -0.5565067 0.8185702 -0.1422786 -0.5752291 0.8179923 3.777996e-14 -0.6662615 0.6457395 -0.3729827 -0.697654 0.1871921 -0.6915476 -0.6442995 0.432622 -0.6306476 -0.7044207 -0.07059659 -0.7062632 -0.8155547 -0.3283788 -0.476485 -0.9107115 -0.3313156 -0.2466468 -0.9431677 -0.3323172 2.424472e-14 -0.8630742 -0.07549297 0.4994035 -0.697654 0.1871921 0.6915476 -0.6442995 0.432622 0.6306476 -0.6662615 0.6457395 0.3729827 -0.5565067 0.8185702 0.1422786 -0.3343264 0.9389026 -0.08177932 -0.3450877 0.9385704 3.031142e-14 -0.5016153 0.8202642 -0.2748612 -0.5477701 0.6493964 -0.5274773 -0.4952008 0.1934402 -0.8469693 -0.459675 0.4383199 -0.7723824 -0.4976594 -0.06421551 -0.8649922 -0.6641821 -0.3237072 -0.6738515 -0.7135062 -0.5595247 -0.421712 -0.7977245 -0.5621239 -0.2182942 -0.9107115 -0.3313156 0.2466468 -0.8264498 -0.5630104 1.526371e-14 -0.7044207 -0.07059659 0.7062632 -0.8155547 -0.3283788 0.476485 -0.4952008 0.1934402 0.8469693 -0.459675 0.4383199 0.7723824 -0.5477701 0.6493964 0.5274773 -0.5016153 0.8202642 0.2748612 -0.3343264 0.9389026 0.08177932 -0.08891036 0.9959178 -0.01558033 -0.09096057 0.9958545 3.725625e-16 -0.3027758 0.9398763 -0.1579855 -0.4142958 0.8229591 -0.3887125 -0.3933491 0.6541621 -0.6460251 -0.259439 0.2007163 -0.9446716 -0.2446752 0.4449552 -0.8614807 -0.2568808 -0.05678458 -0.9647734 -0.4669095 -0.3176189 -0.8252962 -0.5795342 -0.55539 -0.5963908 -0.5635176 -0.7535182 -0.3386122 -0.6311404 -0.7556052 -0.1752786 -0.7977245 -0.5621239 0.2182942 -0.6542053 -0.756317 1.600569e-14 -0.4976594 -0.06421551 0.8649922 -0.6641821 -0.3237072 0.6738515 -0.7135062 -0.5595247 0.421712 -0.259439 0.2007163 0.9446716 -0.2446752 0.4449552 0.8614807 -0.3933491 0.6541621 0.6460251 -0.4142958 0.8229591 0.3887125 -0.3027758 0.9398763 0.1579855 -0.08891036 0.9959178 0.01558033 0.04787253 0.9986311 0.02107552 -0.03084739 0.9995241 4.789147e-15 -0.08289944 0.9961033 -0.03009888 -0.252586 0.9414252 -0.2234253 -0.3004987 0.8264711 -0.4760736 -0.2135221 0.659712 -0.7205473 -0.006435501 0.2085245 -0.977996 -0.013952 0.4520758 -0.8918704 0.001506385 -0.04881021 -0.9988069 -0.2371806 -0.310529 -0.9204983 -0.4049386 -0.5500017 -0.7304265 -0.4559453 -0.7501983 -0.47887 -0.3753447 -0.8972302 -0.2325817 -0.4217927 -0.8986637 -0.1203932 -0.6311404 -0.7556052 0.1752786 -0.4376352 -0.8991526 1.944872e-14 -0.2568808 -0.05678458 0.9647734 -0.4669095 -0.3176189 0.8252962 -0.5795342 -0.55539 0.5963908 -0.5635176 -0.7535182 0.3386122 -0.006435501 0.2085245 0.977996 -0.013952 0.4520758 0.8918704 -0.2135221 0.659712 0.7205473 -0.3004987 0.8264711 0.4760736 -0.252586 0.9414252 0.2234253 -0.08289944 0.9961033 0.03009888 0.04787253 0.9986311 -0.02107552 0.03974155 0.9983801 0.04071478 -0.07333744 0.9963984 -0.04256625 -0.1871774 0.9434439 -0.273639 -0.1679792 0.8305609 -0.5309911 -0.02054389 0.6656677 -0.7459655 0.2167712 0.4591964 -0.8614807 0.246568 0.2163328 -0.9446716 0.2598936 -0.04083584 -0.9647734 0.00934876 -0.3029206 -0.9529699 -0.2016176 -0.5437268 -0.814685 -0.3157543 -0.7458717 -0.5864935 -0.3014568 -0.8949499 -0.3289202 -0.1613644 -0.9806796 -0.1105851 -0.1834489 -0.9813612 -0.05724305 -0.4217927 -0.8986637 0.1203932 -0.1909815 -0.9815936 1.083734e-14 0.001506385 -0.04881021 0.9988069 -0.2371806 -0.310529 0.9204983 -0.4049386 -0.5500017 0.7304265 -0.4559453 -0.7501983 0.47887 -0.3753447 -0.8972302 0.2325817 0.2167712 0.4591964 0.8614807 0.246568 0.2163328 0.9446716 -0.02054389 0.6656677 0.7459655 -0.1679792 0.8305609 0.5309911 -0.1871774 0.9434439 0.273639 -0.07333744 0.9963984 0.04256625 0.03974155 0.9983801 -0.04071478 0.02680704 0.997981 0.05757939 -0.06087601 0.996783 -0.0521328 -0.1110075 0.9457946 -0.3052046 -0.02576829 0.8349498 -0.5497224 0.1724343 0.6716234 -0.7205473 0.431771 0.4658317 -0.7723824 0.4823298 0.2236089 -0.8469693 0.5006722 -0.03340492 -0.8649922 0.2558782 -0.2953122 -0.9204983 0.01657272 -0.5369929 -0.8434239 -0.1524984 -0.7408333 -0.6541485 -0.2051641 -0.8919781 -0.4028433 -0.126233 -0.9795954 -0.1563909 0.03084739 -0.9995241 -1.505816e-15 -0.1834489 -0.9813612 0.05724305 0.2598936 -0.04083584 0.9647734 0.00934876 -0.3029206 0.9529699 -0.2016176 -0.5437268 0.814685 -0.3157543 -0.7458717 0.5864935 -0.3014568 -0.8949499 0.3289202 -0.1613644 -0.9806796 0.1105851 0.431771 0.4658317 0.7723824 0.4823298 0.2236089 0.8469693 0.1724343 0.6716234 0.7205473 -0.02576829 0.8349498 0.5497224 -0.1110075 0.9457946 0.3052046 -0.06087601 0.996783 0.0521328 0.02680704 0.997981 -0.05757939 0.00995045 0.9974607 0.07052007 -0.04636437 0.9972308 -0.05814658 -0.02926705 0.9483173 -0.315971 0.1164426 0.8393388 -0.5309911 0.3522614 0.6771732 -0.6460251 0.6163955 0.4715296 -0.6306476 0.684783 0.229857 -0.6915476 0.7074334 -0.02702383 -0.7062632 0.485607 -0.2882223 -0.8252962 0.234763 -0.5302591 -0.814685 0.02269679 -0.7354264 -0.6772244 -0.09302898 -0.8885174 -0.4493134 -0.080449 -0.9781824 -0.191539 0.5006722 -0.03340492 0.8649922 0.2558782 -0.2953122 0.9204983 0.01657272 -0.5369929 0.8434239 -0.1524984 -0.7408333 0.6541485 -0.2051641 -0.8919781 0.4028433 -0.126233 -0.9795954 0.1563909 0.6163955 0.4715296 0.6306476 0.684783 0.229857 0.6915476 0.3522614 0.6771732 0.6460251 0.1164426 0.8393388 0.5309911 -0.02926705 0.9483173 0.315971 -0.04636437 0.9972308 0.05814658 0.00995045 0.9974607 -0.07052007 -0.009679462 0.9968549 0.07865491 -0.03079145 0.9977114 -0.06019777 0.05247336 0.95084 -0.3052046 0.2489621 0.8434286 -0.4760736 0.5066823 0.681939 -0.5274773 0.8401308 0.2346513 -0.488998 0.7580629 0.4759018 -0.4459352 0.8660869 -0.02212746 -0.4994035 0.6828796 -0.282134 -0.6738515 0.438084 -0.5239842 -0.7304265 0.1978919 -0.7300195 -0.6541485 0.02730688 -0.8848036 -0.4651634 -0.02713235 -0.9765369 -0.213634 0.7074334 -0.02702383 0.7062632 0.485607 -0.2882223 0.8252962 0.234763 -0.5302591 0.814685 0.02269679 -0.7354264 0.6772244 -0.09302898 -0.8885174 0.4493134 -0.080449 -0.9781824 0.191539 0.8401308 0.2346513 0.488998 0.7580629 0.4759018 0.4459352 0.5066823 0.681939 0.5274773 0.2489621 0.8434286 0.4760736 0.05247336 0.95084 0.3052046 -0.03079145 0.9977114 0.06019777 -0.009679462 0.9968549 -0.07865491 -0.03074495 0.9962048 0.08142956 -0.01521854 0.9981921 -0.05814658 0.1286433 0.9531908 -0.273639 0.3627592 0.8469406 -0.3887125 0.6251737 0.6855959 -0.3729827 0.9227178 0.2535091 -0.2903876 0.8471187 0.4786502 -0.230833 0.9658207 -0.01904947 -0.2585103 0.8342522 -0.2774624 -0.476485 0.6126797 -0.5185958 -0.5963908 0.3611478 -0.7249811 -0.5864935 0.1476427 -0.8810897 -0.4493134 0.03008347 -0.9747711 -0.2211702 0.8660869 -0.02212746 0.4994035 0.6828796 -0.282134 0.6738515 0.438084 -0.5239842 0.7304265 0.1978919 -0.7300195 0.6541485 0.02730688 -0.8848036 0.4651634 -0.02713235 -0.9765369 0.213634 0.9227178 0.2535091 0.2903876 0.8471187 0.4786502 0.230833 0.6251737 0.6855959 0.3729827 0.3627592 0.8469406 0.3887125 0.1286433 0.9531908 0.273639 -0.01521854 0.9981921 0.05814658 -0.03074495 0.9962048 -0.08142956 -0.05181044 0.9955547 0.07865491 -0.0007068916 0.9986399 -0.0521328 0.1940519 0.9552094 -0.2234253 0.4500787 0.8496355 -0.2748612 0.6996605 0.6878947 -0.1930701 0.8385041 0.5448953 -2.372344e-14 0.877494 0.4795877 -2.289667e-14 0.9725794 -0.2325711 -1.542136e-14 0.929409 -0.2745256 -0.2466468 0.7466517 -0.5144612 -0.421712 0.5013389 -0.7206545 -0.47887 0.2597779 -0.877629 -0.4028433 0.08729928 -0.9730053 -0.213634 0.9658207 -0.01904947 0.2585103 0.8342522 -0.2774624 0.476485 0.6126797 -0.5185958 0.5963908 0.3611478 -0.7249811 0.5864935 0.1476427 -0.8810897 0.4493134 0.03008347 -0.9747711 0.2211702 0.6996605 0.6878947 0.1930701 0.4500787 0.8496355 0.2748612 0.1940519 0.9552094 0.2234253 -0.0007068916 0.9986399 0.0521328 -0.05181044 0.9955547 -0.07865491 -0.07144036 0.9949488 0.07052007 0.01175454 0.9990245 -0.04256625 0.2442417 0.9567584 -0.1579855 0.5049701 0.8513295 -0.1422786 0.7250666 0.6886788 -8.286273e-15 0.9946635 -0.1031725 -2.172278e-14 0.9618652 -0.273524 -1.83514e-14 0.83087 -0.511862 -0.2182942 0.6089112 -0.7173346 -0.3386122 0.3560706 -0.8746572 -0.3289202 0.1406159 -0.9713599 -0.191539 0.929409 -0.2745256 0.2466468 0.7466517 -0.5144612 0.421712 0.5013389 -0.7206545 0.47887 0.2597779 -0.877629 0.4028433 0.08729928 -0.9730053 0.213634 0.5049701 0.8513295 0.1422786 0.2442417 0.9567584 0.1579855 0.01175454 0.9990245 0.04256625 -0.07144036 0.9949488 -0.07052007 -0.08829694 0.9944286 0.05757939 0.02131653 0.9993196 -0.03009888 0.2757923 0.9577321 -0.08177932 0.5236925 0.8519073 1.585437e-14 0.8595953 -0.5109755 -1.029192e-14 0.9166312 -0.399734 2.821936e-10 0.676534 -0.7152476 -0.1752786 0.4299585 -0.8723769 -0.2325817 0.1864 -0.9699469 -0.1563909 0.83087 -0.511862 0.2182942 0.6089112 -0.7173346 0.3386122 0.3560706 -0.8746572 0.3289202 0.1406159 -0.9713599 0.191539 0.2757923 0.9577321 0.08177932 0.02131653 0.9993196 0.03009888 -0.08829694 0.9944286 -0.05757939 -0.1012315 0.9940294 0.04071478 0.02732746 0.9995051 -0.01558033 0.2865536 0.9580642 1.57061e-14 0.6995989 -0.7145358 -9.902171e-15 0.4764064 -0.8709434 -0.1203932 0.2215313 -0.9688626 -0.1105851 0.676534 -0.7152476 0.1752786 0.4299585 -0.8723769 0.2325817 0.1864 -0.9699469 0.1563909 0.02732746 0.9995051 0.01558033 -0.1012315 0.9940294 -0.04071478 -0.1093624 0.9937785 0.02107552 0.02937767 0.9995684 -1.395507e-15 0.4922489 -0.8704545 -1.397077e-14 0.2436158 -0.9681811 -0.05724305 0.4764064 -0.8709434 0.1203932 0.2215313 -0.9688626 0.1105851 -0.1093624 0.9937785 -0.02107552 -0.1121358 0.9936929 -1.021591e-15 0.2511484 -0.9679486 -7.984467e-15 0.2436158 -0.9681811 0.05724305</float_array>
                    <technique_common>
                        <accessor count="317" source="#ID45" stride="3">
                            <param name="X" type="float"/>
                            <param name="Y" type="float"/>
                            <param name="Z" type="float"/>
                        </accessor>
                    </technique_common>
                </source>
                <vertices id="ID43">
                    <input semantic="POSITION" source="#ID41"/>
                    <input semantic="NORMAL" source="#ID42"/>
                </vertices>
                <triangles count="630" material="Material2">
                    <input offset="0" semantic="VERTEX" source="#ID43"/>
                    <p>0 1 2 3 2 1 2 3 4 2 5 0 6 1 0 6 3 1 3 6 7 8 4 3 4 8 9 9 8 10 4 11 2 11 4 12 2 13 5 13 2 11 0 5 14 6 0 15 16 7 6 7 16 17 7 8 3 8 7 18 8 18 10 10 19 9 19 10 20 9 12 4 12 9 21 12 22 11 22 12 23 11 24 13 24 11 22 5 25 26 25 5 13 0 14 15 14 26 27 26 14 5 28 6 15 6 28 16 29 17 16 17 29 30 17 18 7 18 17 31 10 32 20 32 10 18 20 33 19 33 20 34 9 35 21 35 9 19 21 23 12 23 21 36 23 37 22 37 23 38 22 39 24 39 22 37 13 40 25 40 13 24 26 41 42 41 26 25 43 14 27 14 43 15 27 42 44 42 27 26 45 16 28 16 45 29 46 15 43 15 46 28 47 30 29 30 47 48 30 31 17 31 30 49 18 50 32 50 18 31 20 51 34 51 20 32 34 52 33 52 34 53 19 54 35 54 19 33 21 55 36 55 21 35 36 38 23 38 36 56 38 57 37 57 38 58 37 59 39 59 37 57 39 40 24 40 39 60 25 61 41 61 25 40 42 62 63 62 42 41 64 27 44 27 64 43 44 63 65 63 44 42 66 29 45 29 66 47 67 28 46 28 67 45 68 43 64 43 68 46 69 48 47 48 69 70 48 49 30 49 48 71 31 72 50 72 31 49 32 73 51 73 32 50 34 74 53 74 34 51 53 75 52 75 53 76 33 77 54 77 33 52 35 78 55 78 35 54 36 79 56 79 36 55 56 58 38 58 56 80 58 81 57 81 58 82 81 59 57 59 81 83 59 60 39 60 59 84 60 61 40 61 60 85 86 41 61 41 86 62 87 63 62 63 87 88 89 44 65 44 89 64 88 65 63 65 88 90 91 47 66 47 91 69 67 66 45 66 67 92 93 46 68 46 93 67 94 64 89 64 94 68 95 70 69 70 95 96 70 71 48 71 70 97 49 98 72 98 49 71 50 99 73 99 50 72 51 100 74 100 51 73 74 76 53 76 74 101 52 102 77 102 52 75 102 75 76 54 103 78 103 54 77 55 104 79 104 55 78 56 105 80 105 56 79 80 82 58 82 80 106 107 81 82 81 107 108 108 83 81 83 108 109 83 84 59 84 83 110 84 85 60 85 84 111 112 61 85 61 112 86 113 62 86 62 113 87 114 88 87 88 114 115 116 65 90 65 116 89 115 90 88 90 115 117 91 95 69 95 91 118 92 91 66 91 92 119 93 92 67 92 93 120 121 68 94 68 121 93 122 89 116 89 122 94 95 123 96 123 95 124 96 97 70 97 96 125 71 126 98 126 71 97 72 127 99 127 72 98 73 128 100 128 73 99 101 129 76 129 101 74 129 74 100 77 130 103 130 77 102 130 102 76 78 131 104 131 78 103 79 132 105 132 79 104 80 133 106 133 80 105 134 82 106 82 134 107 135 108 107 108 135 136 136 109 108 109 136 137 109 110 83 110 109 138 110 111 84 111 110 139 111 112 85 112 111 140 141 86 112 86 141 113 142 87 113 87 142 114 143 115 114 144 90 117 90 144 116 117 115 143 118 124 95 124 118 145 119 118 91 118 119 146 120 119 92 119 120 147 148 93 121 93 148 120 149 94 122 94 149 121 150 116 144 116 150 122 124 151 123 151 124 152 96 153 125 153 96 123 97 154 126 154 97 125 98 155 127 155 98 126 99 156 128 156 99 127 129 157 76 157 129 100 157 100 128 103 158 131 158 103 130 158 130 76 104 159 132 159 104 131 105 160 133 160 105 132 133 134 106 134 133 161 162 107 134 107 162 135 163 136 135 136 163 164 164 137 136 137 164 165 109 166 138 166 109 137 138 139 110 139 138 167 139 140 111 140 139 168 169 112 140 112 169 141 170 113 141 113 170 142 143 114 142 144 117 143 145 152 124 152 145 171 146 145 118 145 146 172 147 146 119 146 147 173 148 147 120 147 148 174 175 121 149 121 175 148 176 122 150 122 176 149 150 144 143 152 177 151 177 152 178 123 179 153 179 123 151 154 153 180 153 154 125 126 181 155 181 126 154 127 182 156 182 127 155 157 183 76 183 157 128 183 128 156 131 184 159 184 131 158 184 158 76 132 185 160 185 132 159 160 161 133 161 160 186 161 162 134 162 161 187 188 135 162 135 188 163 163 189 164 189 163 190 164 191 165 191 164 189 137 192 166 192 137 165 138 193 167 193 138 166 167 168 139 168 167 194 195 140 168 140 195 169 196 141 169 141 196 170 143 142 170 171 178 152 178 171 197 198 145 172 145 198 171 173 172 146 172 173 199 174 173 147 173 174 200 201 148 175 148 201 174 202 149 176 149 202 175 176 150 143 203 177 178 177 203 204 151 205 179 205 151 177 180 179 206 179 180 153 181 180 207 180 181 154 155 208 182 208 155 181 183 209 76 209 183 156 209 156 182 159 210 185 210 159 184 210 184 76 185 186 160 186 185 211 186 187 161 187 186 212 187 188 162 188 187 213 188 190 163 190 188 214 190 215 189 215 190 216 189 217 191 217 189 215 165 218 192 218 165 191 166 219 193 219 166 192 167 220 194 220 167 193 194 195 168 195 194 221 222 169 195 169 222 196 143 170 196 223 178 197 178 223 203 224 171 198 171 224 197 225 172 199 172 225 198 200 199 173 199 200 226 227 174 201 174 227 200 228 175 202 175 228 201 202 176 143 229 204 203 204 229 230 204 205 177 205 204 231 206 205 232 205 206 179 207 206 233 206 207 180 208 207 234 207 208 181 209 235 76 235 209 182 235 182 208 210 211 185 211 210 236 236 210 76 211 212 186 212 211 237 212 213 187 213 212 238 213 214 188 214 213 239 214 216 190 216 214 240 216 241 215 241 216 242 215 243 217 191 244 218 244 191 217 192 245 219 245 192 218 219 220 193 220 219 246 220 221 194 221 220 247 221 222 195 222 221 248 143 196 222 249 203 223 203 249 229 250 197 224 197 250 223 251 198 225 198 251 224 252 199 226 199 252 225 226 227 253 227 226 200 254 201 228 201 254 227 228 202 143 241 230 229 230 241 242 230 231 204 231 230 255 232 231 256 231 232 205 233 232 257 232 233 206 234 233 258 233 234 207 235 259 76 259 235 234 234 235 208 236 237 211 237 236 260 260 236 76 237 238 212 238 237 261 238 239 213 239 238 262 239 240 214 240 239 263 240 242 216 242 240 264 241 265 215 265 243 215 217 266 244 266 217 243 218 267 245 267 218 244 219 268 246 268 219 245 246 247 220 247 246 269 247 248 221 248 247 270 143 222 248 229 249 243 271 223 250 223 271 249 272 224 251 224 272 250 251 252 273 252 251 225 252 253 274 253 252 226 253 254 275 254 253 227 254 228 143 242 255 230 255 242 264 241 229 265 256 255 276 255 256 231 257 256 277 256 257 232 258 257 278 257 258 233 259 279 76 279 259 258 258 259 234 260 261 237 261 260 280 280 260 76 261 262 238 262 261 281 262 263 239 263 262 282 263 264 240 264 263 283 265 229 243 266 249 271 249 266 243 244 284 267 284 244 285 285 244 266 245 286 268 286 245 267 268 269 246 269 268 287 269 270 247 270 269 288 143 248 270 289 250 272 250 289 271 290 251 273 251 290 272 273 274 291 274 273 252 274 275 292 275 274 253 254 143 275 283 255 264 255 283 276 277 276 293 276 277 256 278 277 294 277 278 257 279 295 76 295 279 278 278 279 258 280 281 261 281 280 296 296 280 76 281 282 262 282 281 297 282 283 263 283 282 298 284 271 289 271 284 285 271 285 266 267 299 286 299 267 284 286 287 268 287 286 300 287 288 269 288 287 301 143 270 288 302 272 290 272 302 289 290 291 303 291 290 273 291 292 304 292 291 274 275 143 292 298 276 283 276 298 293 294 293 305 293 294 277 295 306 76 306 295 294 294 295 278 296 297 281 297 296 307 307 296 76 297 298 282 298 297 308 299 289 302 289 299 284 299 300 286 300 299 309 300 301 287 301 300 310 143 288 301 302 303 311 303 302 290 303 304 312 304 303 291 292 143 304 308 293 298 293 308 305 306 313 76 313 306 305 305 306 294 307 308 297 308 307 76 308 76 314 302 309 299 309 302 311 309 310 300 310 309 315 143 301 310 311 312 316 312 311 303 304 143 312 313 314 76 314 305 308 305 314 313 311 315 309 315 311 316 143 310 315 312 143 316 316 143 315</p>
                </triangles>
            </mesh>
        </geometry>
        <geometry id="ID46">
            <mesh>
                <source id="ID47">
                    <float_array id="ID50" count="18">28.97169 24.33781 47.92567 22.63964 23.28792 46.14937 24.65492 20.48256 46.34811 24.65492 20.48256 46.34811 22.63964 23.28792 46.14937 28.97169 24.33781 47.92567</float_array>
                    <technique_common>
                        <accessor count="6" source="#ID50" stride="3">
                            <param name="X" type="float"/>
                            <param name="Y" type="float"/>
                            <param name="Z" type="float"/>
                        </accessor>
                    </technique_common>
                </source>
                <source id="ID48">
                    <float_array id="ID51" count="18">-0.2510913 -0.1122655 0.961431 -0.2510913 -0.1122655 0.961431 -0.2510913 -0.1122655 0.961431 0.2510913 0.1122655 -0.961431 0.2510913 0.1122655 -0.961431 0.2510913 0.1122655 -0.961431</float_array>
                    <technique_common>
                        <accessor count="6" source="#ID51" stride="3">
                            <param name="X" type="float"/>
                            <param name="Y" type="float"/>
                            <param name="Z" type="float"/>
                        </accessor>
                    </technique_common>
                </source>
                <vertices id="ID49">
                    <input semantic="POSITION" source="#ID47"/>
                    <input semantic="NORMAL" source="#ID48"/>
                </vertices>
                <triangles count="2" material="Material2">
                    <input offset="0" semantic="VERTEX" source="#ID49"/>
                    <p>0 1 2 3 4 5</p>
                </triangles>
            </mesh>
        </geometry>
        <geometry id="ID52">
            <mesh>
                <source id="ID53">
                    <float_array id="ID56" count="522">46.24126 7.22248 21.44835 46.42732 2.45567 18.6102 47.15984 6.96815 18.33677 47.15984 6.96815 18.33677 46.42732 2.45567 18.6102 46.24126 7.22248 21.44835 46.24126 7.22248 21.44835 45.60559 1.7739 21.74138 46.42732 2.45567 18.6102 46.42732 2.45567 18.6102 45.60559 1.7739 21.74138 46.24126 7.22248 21.44835 50.16213 3.57788 16.38709 47.15984 6.96815 18.33677 46.42732 2.45567 18.6102 46.42732 2.45567 18.6102 47.15984 6.96815 18.33677 50.16213 3.57788 16.38709 46.24126 7.22248 21.44835 47.15984 6.96815 18.33677 50.06638 6.95158 17.28618 50.06638 6.95158 17.28618 47.15984 6.96815 18.33677 46.24126 7.22248 21.44835 46.24126 7.22248 21.44835 46.19398 7.15981 26.15712 45.60559 1.7739 21.74138 45.60559 1.7739 21.74138 46.19398 7.15981 26.15712 46.24126 7.22248 21.44835 50.16213 3.57788 16.38709 50.06638 6.95158 17.28618 47.15984 6.96815 18.33677 47.15984 6.96815 18.33677 50.06638 6.95158 17.28618 50.16213 3.57788 16.38709 46.24126 7.22248 21.44835 50.06638 6.95158 17.28618 50.98846 7.37599 20.48016 50.98846 7.37599 20.48016 50.06638 6.95158 17.28618 46.24126 7.22248 21.44835 50.13457 7.39327 29.10179 46.19398 7.15981 26.15712 46.24126 7.22248 21.44835 46.24126 7.22248 21.44835 46.19398 7.15981 26.15712 50.13457 7.39327 29.10179 46.19398 7.15981 26.15712 46.29165 2.21288 29.99834 45.60559 1.7739 21.74138 45.60559 1.7739 21.74138 46.29165 2.21288 29.99834 46.19398 7.15981 26.15712 52.08059 6.80209 18.06697 50.06638 6.95158 17.28618 50.16213 3.57788 16.38709 50.16213 3.57788 16.38709 50.06638 6.95158 17.28618 52.08059 6.80209 18.06697 50.98846 7.37599 20.48016 50.06638 6.95158 17.28618 52.08059 6.80209 18.06697 52.08059 6.80209 18.06697 50.06638 6.95158 17.28618 50.98846 7.37599 20.48016 50.13457 7.39327 29.10179 46.24126 7.22248 21.44835 50.98846 7.37599 20.48016 50.98846 7.37599 20.48016 46.24126 7.22248 21.44835 50.13457 7.39327 29.10179 47.08799 6.99122 30.32376 46.19398 7.15981 26.15712 50.13457 7.39327 29.10179 50.13457 7.39327 29.10179 46.19398 7.15981 26.15712 47.08799 6.99122 30.32376 46.19398 7.15981 26.15712 47.08799 6.99122 30.32376 46.29165 2.21288 29.99834 46.29165 2.21288 29.99834 47.08799 6.99122 30.32376 46.19398 7.15981 26.15712 53.58953 3.64182 18.43784 52.08059 6.80209 18.06697 50.16213 3.57788 16.38709 50.16213 3.57788 16.38709 52.08059 6.80209 18.06697 53.58953 3.64182 18.43784 53.49071 6.78823 22.84925 50.98846 7.37599 20.48016 52.08059 6.80209 18.06697 52.08059 6.80209 18.06697 50.98846 7.37599 20.48016 53.49071 6.78823 22.84925 50.13457 7.39327 29.10179 50.98846 7.37599 20.48016 52.86602 7.02914 28.11584 52.86602 7.02914 28.11584 50.98846 7.37599 20.48016 50.13457 7.39327 29.10179 47.08799 6.99122 30.32376 50.13457 7.39327 29.10179 51.78583 7.18626 30.16051 51.78583 7.18626 30.16051 50.13457 7.39327 29.10179 47.08799 6.99122 30.32376 48.84594 2.9706 32.36573 46.29165 2.21288 29.99834 47.08799 6.99122 30.32376 47.08799 6.99122 30.32376 46.29165 2.21288 29.99834 48.84594 2.9706 32.36573 52.08059 6.80209 18.06697 53.58953 3.64182 18.43784 53.49071 6.78823 22.84925 53.49071 6.78823 22.84925 53.58953 3.64182 18.43784 52.08059 6.80209 18.06697 52.86602 7.02914 28.11584 50.98846 7.37599 20.48016 53.49071 6.78823 22.84925 53.49071 6.78823 22.84925 50.98846 7.37599 20.48016 52.86602 7.02914 28.11584 51.78583 7.18626 30.16051 50.13457 7.39327 29.10179 52.86602 7.02914 28.11584 52.86602 7.02914 28.11584 50.13457 7.39327 29.10179 51.78583 7.18626 30.16051 51.78583 7.18626 30.16051 50.58303 3.53103 32.60769 47.08799 6.99122 30.32376 47.08799 6.99122 30.32376 50.58303 3.53103 32.60769 51.78583 7.18626 30.16051 50.58303 3.53103 32.60769 48.84594 2.9706 32.36573 47.08799 6.99122 30.32376 47.08799 6.99122 30.32376 48.84594 2.9706 32.36573 50.58303 3.53103 32.60769 53.49071 6.78823 22.84925 53.58953 3.64182 18.43784 54.42748 3.73221 22.9826 54.42748 3.73221 22.9826 53.58953 3.64182 18.43784 53.49071 6.78823 22.84925 52.86602 7.02914 28.11584 53.49071 6.78823 22.84925 54.42748 3.73221 22.9826 54.42748 3.73221 22.9826 53.49071 6.78823 22.84925 52.86602 7.02914 28.11584 51.78583 7.18626 30.16051 52.86602 7.02914 28.11584 53.8389 3.64024 29.94803 53.8389 3.64024 29.94803 52.86602 7.02914 28.11584 51.78583 7.18626 30.16051 53.8389 3.64024 29.94803 50.58303 3.53103 32.60769 51.78583 7.18626 30.16051 51.78583 7.18626 30.16051 50.58303 3.53103 32.60769 53.8389 3.64024 29.94803 52.86602 7.02914 28.11584 54.42748 3.73221 22.9826 53.8389 3.64024 29.94803 53.8389 3.64024 29.94803 54.42748 3.73221 22.9826 52.86602 7.02914 28.11584</float_array>
                    <technique_common>
                        <accessor count="174" source="#ID56" stride="3">
                            <param name="X" type="float"/>
                            <param name="Y" type="float"/>
                            <param name="Z" type="float"/>
                        </accessor>
                    </technique_common>
                </source>
                <source id="ID54">
                    <float_array id="ID57" count="522">0.9470763 -0.1361251 0.2907171 0.9470763 -0.1361251 0.2907171 0.9470763 -0.1361251 0.2907171 -0.9470763 0.1361251 -0.2907171 -0.9470763 0.1361251 -0.2907171 -0.9470763 0.1361251 -0.2907171 0.9675092 -0.1003964 0.2320486 0.9675092 -0.1003964 0.2320486 0.9675092 -0.1003964 0.2320486 -0.9675092 0.1003964 -0.2320486 -0.9675092 0.1003964 -0.2320486 -0.9675092 0.1003964 -0.2320486 0.5183814 -0.03236995 0.8545367 0.5183814 -0.03236995 0.8545367 0.5183814 -0.03236995 0.8545367 -0.5183814 0.03236995 -0.8545367 -0.5183814 0.03236995 -0.8545367 -0.5183814 0.03236995 -0.8545367 0.02657565 -0.9956567 0.08922717 0.02657565 -0.9956567 0.08922717 0.02657565 -0.9956567 0.08922717 -0.02657565 0.9956567 -0.08922717 -0.02657565 0.9956567 -0.08922717 -0.02657565 0.9956567 -0.08922717 0.9932799 -0.1154291 0.008437722 0.9932799 -0.1154291 0.008437722 0.9932799 -0.1154291 0.008437722 -0.9932799 0.1154291 -0.008437722 -0.9932799 0.1154291 -0.008437722 -0.9932799 0.1154291 -0.008437722 0.3292788 -0.2344145 0.9146723 0.3292788 -0.2344145 0.9146723 0.3292788 -0.2344145 0.9146723 -0.3292788 0.2344145 -0.9146723 -0.3292788 0.2344145 -0.9146723 -0.3292788 0.2344145 -0.9146723 0.05566771 -0.9917222 0.1157073 0.05566771 -0.9917222 0.1157073 0.05566771 -0.9917222 0.1157073 -0.05566771 0.9917222 -0.1157073 -0.05566771 0.9917222 -0.1157073 -0.05566771 0.9917222 -0.1157073 0.06850827 -0.9975711 -0.01258895 0.06850827 -0.9975711 -0.01258895 0.06850827 -0.9975711 -0.01258895 -0.06850827 0.9975711 0.01258895 -0.06850827 0.9975711 0.01258895 -0.06850827 0.9975711 0.01258895 0.9958372 -0.04281852 -0.08046669 0.9958372 -0.04281852 -0.08046669 0.9958372 -0.04281852 -0.08046669 -0.9958372 0.04281852 0.08046669 -0.9958372 0.04281852 0.08046669 -0.9958372 0.04281852 0.08046669 -0.3660525 -0.2493254 0.8965726 -0.3660525 -0.2493254 0.8965726 -0.3660525 -0.2493254 0.8965726 0.3660525 0.2493254 -0.8965726 0.3660525 0.2493254 -0.8965726 0.3660525 0.2493254 -0.8965726 -0.1381427 -0.975793 0.1695424 -0.1381427 -0.975793 0.1695424 -0.1381427 -0.975793 0.1695424 0.1381427 0.975793 -0.1695424 0.1381427 0.975793 -0.1695424 0.1381427 0.975793 -0.1695424 0.03340167 -0.9994279 0.00531123 0.03340167 -0.9994279 0.00531123 0.03340167 -0.9994279 0.00531123 -0.03340167 0.9994279 -0.00531123 -0.03340167 0.9994279 -0.00531123 -0.03340167 0.9994279 -0.00531123 0.1057578 -0.992404 -0.06284642 0.1057578 -0.992404 -0.06284642 0.1057578 -0.992404 -0.06284642 -0.1057578 0.992404 0.06284642 -0.1057578 0.992404 0.06284642 -0.1057578 0.992404 0.06284642 0.96597 -0.1464657 -0.2131895 0.96597 -0.1464657 -0.2131895 0.96597 -0.1464657 -0.2131895 -0.96597 0.1464657 0.2131895 -0.96597 0.1464657 0.2131895 -0.96597 0.1464657 0.2131895 -0.5062996 -0.1419227 0.850599 -0.5062996 -0.1419227 0.850599 -0.5062996 -0.1419227 0.850599 0.5062996 0.1419227 -0.850599 0.5062996 0.1419227 -0.850599 0.5062996 0.1419227 -0.850599 -0.3053822 -0.9482198 0.08729788 -0.3053822 -0.9482198 0.08729788 -0.3053822 -0.9482198 0.08729788 0.3053822 0.9482198 -0.08729788 0.3053822 0.9482198 -0.08729788 0.3053822 0.9482198 -0.08729788 -0.1362116 -0.990613 -0.01150501 -0.1362116 -0.990613 -0.01150501 -0.1362116 -0.990613 -0.01150501 0.1362116 0.990613 0.01150501 0.1362116 0.990613 0.01150501 0.1362116 0.990613 0.01150501 0.03196033 -0.9703504 -0.2395801 0.03196033 -0.9703504 -0.2395801 0.03196033 -0.9703504 -0.2395801 -0.03196033 0.9703504 0.2395801 -0.03196033 0.9703504 0.2395801 -0.03196033 0.9703504 0.2395801 0.6886988 -0.06560059 -0.7220738 0.6886988 -0.06560059 -0.7220738 0.6886988 -0.06560059 -0.7220738 -0.6886988 0.06560059 0.7220738 -0.6886988 0.06560059 0.7220738 -0.6886988 0.06560059 0.7220738 -0.8830371 -0.3912024 0.2592415 -0.8830371 -0.3912024 0.2592415 -0.8830371 -0.3912024 0.2592415 0.8830371 0.3912024 -0.2592415 0.8830371 0.3912024 -0.2592415 0.8830371 0.3912024 -0.2592415 -0.2426096 -0.9699987 0.01559389 -0.2426096 -0.9699987 0.01559389 -0.2426096 -0.9699987 0.01559389 0.2426096 0.9699987 -0.01559389 0.2426096 0.9699987 -0.01559389 0.2426096 0.9699987 -0.01559389 -0.1293483 -0.9915681 0.007861638 -0.1293483 -0.9915681 0.007861638 -0.1293483 -0.9915681 0.007861638 0.1293483 0.9915681 -0.007861638 0.1293483 0.9915681 -0.007861638 0.1293483 0.9915681 -0.007861638 -0.00586589 -0.5549873 -0.8318381 -0.00586589 -0.5549873 -0.8318381 -0.00586589 -0.5549873 -0.8318381 0.00586589 0.5549873 0.8318381 0.00586589 0.5549873 0.8318381 0.00586589 0.5549873 0.8318381 0.2401295 -0.3540593 -0.9038694 0.2401295 -0.3540593 -0.9038694 0.2401295 -0.3540593 -0.9038694 -0.2401295 0.3540593 0.9038694 -0.2401295 0.3540593 0.9038694 -0.2401295 0.3540593 0.9038694 -0.9427429 -0.2811531 0.1794121 -0.9427429 -0.2811531 0.1794121 -0.9427429 -0.2811531 0.1794121 0.9427429 0.2811531 -0.1794121 0.9427429 0.2811531 -0.1794121 0.9427429 0.2811531 -0.1794121 -0.9501552 -0.2955813 -0.09918068 -0.9501552 -0.2955813 -0.09918068 -0.9501552 -0.2955813 -0.09918068 0.9501552 0.2955813 0.09918068 0.9501552 0.2955813 0.09918068 0.9501552 0.2955813 0.09918068 -0.8061949 -0.4432898 -0.3918467 -0.8061949 -0.4432898 -0.3918467 -0.8061949 -0.4432898 -0.3918467 0.8061949 0.4432898 0.3918467 0.8061949 0.4432898 0.3918467 0.8061949 0.4432898 0.3918467 -0.5971752 -0.3012059 -0.7434089 -0.5971752 -0.3012059 -0.7434089 -0.5971752 -0.3012059 -0.7434089 0.5971752 0.3012059 0.7434089 0.5971752 0.3012059 0.7434089 0.5971752 0.3012059 0.7434089 -0.9448113 -0.3166585 -0.08401786 -0.9448113 -0.3166585 -0.08401786 -0.9448113 -0.3166585 -0.08401786 0.9448113 0.3166585 0.08401786 0.9448113 0.3166585 0.08401786 0.9448113 0.3166585 0.08401786</float_array>
                    <technique_common>
                        <accessor count="174" source="#ID57" stride="3">
                            <param name="X" type="float"/>
                            <param name="Y" type="float"/>
                            <param name="Z" type="float"/>
                        </accessor>
                    </technique_common>
                </source>
                <vertices id="ID55">
                    <input semantic="POSITION" source="#ID53"/>
                    <input semantic="NORMAL" source="#ID54"/>
                </vertices>
                <triangles count="58" material="Material2">
                    <input offset="0" semantic="VERTEX" source="#ID55"/>
                    <p>0 1 2 3 4 5 6 7 8 9 10 11 12 13 14 15 16 17 18 19 20 21 22 23 24 25 26 27 28 29 30 31 32 33 34 35 36 37 38 39 40 41 42 43 44 45 46 47 48 49 50 51 52 53 54 55 56 57 58 59 60 61 62 63 64 65 66 67 68 69 70 71 72 73 74 75 76 77 78 79 80 81 82 83 84 85 86 87 88 89 90 91 92 93 94 95 96 97 98 99 100 101 102 103 104 105 106 107 108 109 110 111 112 113 114 115 116 117 118 119 120 121 122 123 124 125 126 127 128 129 130 131 132 133 134 135 136 137 138 139 140 141 142 143 144 145 146 147 148 149 150 151 152 153 154 155 156 157 158 159 160 161 162 163 164 165 166 167 168 169 170 171 172 173</p>
                </triangles>
            </mesh>
        </geometry>
        <geometry id="ID58">
            <mesh>
                <source id="ID59">
                    <float_array id="ID62" count="522">22.09571 6.37697 28.48405 22.97508 3.77284 31.87027 20.79311 3.60622 28.51084 20.79311 3.60622 28.51084 22.97508 3.77284 31.87027 22.09571 6.37697 28.48405 23.83716 7.28752 29.83176 22.97508 3.77284 31.87027 22.09571 6.37697 28.48405 22.09571 6.37697 28.48405 22.97508 3.77284 31.87027 23.83716 7.28752 29.83176 22.09571 6.37697 28.48405 20.79311 3.60622 28.51084 21.41815 5.41619 23.0054 21.41815 5.41619 23.0054 20.79311 3.60622 28.51084 22.09571 6.37697 28.48405 25.32146 6.85867 31.27718 22.97508 3.77284 31.87027 23.83716 7.28752 29.83176 23.83716 7.28752 29.83176 22.97508 3.77284 31.87027 25.32146 6.85867 31.27718 23.83716 7.28752 29.83176 22.09571 6.37697 28.48405 21.6548 6.90654 24.63229 21.6548 6.90654 24.63229 22.09571 6.37697 28.48405 23.83716 7.28752 29.83176 21.41815 5.41619 23.0054 20.79311 3.60622 28.51084 21.09398 3.8228 19.66193 21.09398 3.8228 19.66193 20.79311 3.60622 28.51084 21.41815 5.41619 23.0054 21.6548 6.90654 24.63229 22.09571 6.37697 28.48405 21.41815 5.41619 23.0054 21.41815 5.41619 23.0054 22.09571 6.37697 28.48405 21.6548 6.90654 24.63229 26.64268 3.17426 32.15432 22.97508 3.77284 31.87027 25.32146 6.85867 31.27718 25.32146 6.85867 31.27718 22.97508 3.77284 31.87027 26.64268 3.17426 32.15432 25.32146 6.85867 31.27718 23.83716 7.28752 29.83176 27.99311 7.05075 30.23684 27.99311 7.05075 30.23684 23.83716 7.28752 29.83176 25.32146 6.85867 31.27718 23.83716 7.28752 29.83176 21.6548 6.90654 24.63229 24.98464 7.41579 19.26717 24.98464 7.41579 19.26717 21.6548 6.90654 24.63229 23.83716 7.28752 29.83176 22.78795 6.90044 18.30177 21.41815 5.41619 23.0054 21.09398 3.8228 19.66193 21.09398 3.8228 19.66193 21.41815 5.41619 23.0054 22.78795 6.90044 18.30177 21.6548 6.90654 24.63229 21.41815 5.41619 23.0054 22.78795 6.90044 18.30177 22.78795 6.90044 18.30177 21.41815 5.41619 23.0054 21.6548 6.90654 24.63229 27.99311 7.05075 30.23684 26.64268 3.17426 32.15432 25.32146 6.85867 31.27718 25.32146 6.85867 31.27718 26.64268 3.17426 32.15432 27.99311 7.05075 30.23684 27.99311 7.05075 30.23684 23.83716 7.28752 29.83176 24.98464 7.41579 19.26717 24.98464 7.41579 19.26717 23.83716 7.28752 29.83176 27.99311 7.05075 30.23684 21.6548 6.90654 24.63229 22.78795 6.90044 18.30177 24.98464 7.41579 19.26717 24.98464 7.41579 19.26717 22.78795 6.90044 18.30177 21.6548 6.90654 24.63229 22.78795 6.90044 18.30177 21.09398 3.8228 19.66193 23.5963 3.75158 16.75874 23.5963 3.75158 16.75874 21.09398 3.8228 19.66193 22.78795 6.90044 18.30177 27.99311 7.05075 30.23684 28.78673 2.2239 29.89827 26.64268 3.17426 32.15432 26.64268 3.17426 32.15432 28.78673 2.2239 29.89827 27.99311 7.05075 30.23684 27.99311 7.05075 30.23684 24.98464 7.41579 19.26717 28.95134 7.16945 25.48039 28.95134 7.16945 25.48039 24.98464 7.41579 19.26717 27.99311 7.05075 30.23684 24.98464 7.41579 19.26717 22.78795 6.90044 18.30177 25.94807 6.26815 16.90953 25.94807 6.26815 16.90953 22.78795 6.90044 18.30177 24.98464 7.41579 19.26717 25.94807 6.26815 16.90953 22.78795 6.90044 18.30177 23.5963 3.75158 16.75874 23.5963 3.75158 16.75874 22.78795 6.90044 18.30177 25.94807 6.26815 16.90953 27.99311 7.05075 30.23684 29.42382 1.92725 26.39612 28.78673 2.2239 29.89827 28.78673 2.2239 29.89827 29.42382 1.92725 26.39612 27.99311 7.05075 30.23684 28.95134 7.16945 25.48039 24.98464 7.41579 19.26717 28.70823 7.18721 19.92827 28.70823 7.18721 19.92827 24.98464 7.41579 19.26717 28.95134 7.16945 25.48039 28.95134 7.16945 25.48039 29.42382 1.92725 26.39612 27.99311 7.05075 30.23684 27.99311 7.05075 30.23684 29.42382 1.92725 26.39612 28.95134 7.16945 25.48039 28.70823 7.18721 19.92827 24.98464 7.41579 19.26717 25.94807 6.26815 16.90953 25.94807 6.26815 16.90953 24.98464 7.41579 19.26717 28.70823 7.18721 19.92827 25.94807 6.26815 16.90953 23.5963 3.75158 16.75874 25.92047 3.39119 16.61193 25.92047 3.39119 16.61193 23.5963 3.75158 16.75874 25.94807 6.26815 16.90953 28.70823 7.18721 19.92827 29.42382 1.92725 26.39612 28.95134 7.16945 25.48039 28.95134 7.16945 25.48039 29.42382 1.92725 26.39612 28.70823 7.18721 19.92827 28.70823 7.18721 19.92827 25.94807 6.26815 16.90953 28.90823 2.24469 19.19264 28.90823 2.24469 19.19264 25.94807 6.26815 16.90953 28.70823 7.18721 19.92827 28.90823 2.24469 19.19264 25.94807 6.26815 16.90953 25.92047 3.39119 16.61193 25.92047 3.39119 16.61193 25.94807 6.26815 16.90953 28.90823 2.24469 19.19264 28.70823 7.18721 19.92827 28.90823 2.24469 19.19264 29.42382 1.92725 26.39612 29.42382 1.92725 26.39612 28.90823 2.24469 19.19264 28.70823 7.18721 19.92827</float_array>
                    <technique_common>
                        <accessor count="174" source="#ID62" stride="3">
                            <param name="X" type="float"/>
                            <param name="Y" type="float"/>
                            <param name="Z" type="float"/>
                        </accessor>
                    </technique_common>
                </source>
                <source id="ID60">
                    <float_array id="ID63" count="522">0.7860424 -0.3742956 -0.4919758 0.7860424 -0.3742956 -0.4919758 0.7860424 -0.3742956 -0.4919758 -0.7860424 0.3742956 0.4919758 -0.7860424 0.3742956 0.4919758 -0.7860424 0.3742956 0.4919758 0.6795133 -0.4856302 -0.5499318 0.6795133 -0.4856302 -0.5499318 0.6795133 -0.4856302 -0.5499318 -0.6795133 0.4856302 0.5499318 -0.6795133 0.4856302 0.5499318 -0.6795133 0.4856302 0.5499318 0.9042145 -0.4254541 -0.03721568 0.9042145 -0.4254541 -0.03721568 0.9042145 -0.4254541 -0.03721568 -0.9042145 0.4254541 0.03721568 -0.9042145 0.4254541 0.03721568 -0.9042145 0.4254541 0.03721568 0.5132748 -0.5213103 -0.6817511 0.5132748 -0.5213103 -0.6817511 0.5132748 -0.5213103 -0.6817511 -0.5132748 0.5213103 0.6817511 -0.5132748 0.5213103 0.6817511 -0.5132748 0.5213103 0.6817511 0.559358 -0.8101531 -0.1754156 0.559358 -0.8101531 -0.1754156 0.559358 -0.8101531 -0.1754156 -0.559358 0.8101531 0.1754156 -0.559358 0.8101531 0.1754156 -0.559358 0.8101531 0.1754156 0.9671544 -0.2527837 0.02669706 0.9671544 -0.2527837 0.02669706 0.9671544 -0.2527837 0.02669706 -0.9671544 0.2527837 -0.02669706 -0.9671544 0.2527837 -0.02669706 -0.9671544 0.2527837 -0.02669706 0.9926269 -0.0291995 -0.1176402 0.9926269 -0.0291995 -0.1176402 0.9926269 -0.0291995 -0.1176402 -0.9926269 0.0291995 0.1176402 -0.9926269 0.0291995 0.1176402 -0.9926269 0.0291995 0.1176402 0.03997662 -0.2178214 -0.9751696 0.03997662 -0.2178214 -0.9751696 0.03997662 -0.2178214 -0.9751696 -0.03997662 0.2178214 0.9751696 -0.03997662 0.2178214 0.9751696 -0.03997662 0.2178214 0.9751696 -0.03012073 -0.9662716 -0.2557575 -0.03012073 -0.9662716 -0.2557575 -0.03012073 -0.9662716 -0.2557575 0.03012073 0.9662716 0.2557575 0.03012073 0.9662716 0.2557575 0.03012073 0.9662716 0.2557575 0.1595902 -0.9871689 0.005348285 0.1595902 -0.9871689 0.005348285 0.1595902 -0.9871689 0.005348285 -0.1595902 0.9871689 -0.005348285 -0.1595902 0.9871689 -0.005348285 -0.1595902 0.9871689 -0.005348285 0.8912943 -0.4367772 0.1217377 0.8912943 -0.4367772 0.1217377 0.8912943 -0.4367772 0.1217377 -0.8912943 0.4367772 -0.1217377 -0.8912943 0.4367772 -0.1217377 -0.8912943 0.4367772 -0.1217377 0.9293286 -0.3295012 0.1666655 0.9293286 -0.3295012 0.1666655 0.9293286 -0.3295012 0.1666655 -0.9293286 0.3295012 -0.1666655 -0.9293286 0.3295012 -0.1666655 -0.9293286 0.3295012 -0.1666655 -0.3223876 -0.3270841 -0.888303 -0.3223876 -0.3270841 -0.888303 -0.3223876 -0.3270841 -0.888303 0.3223876 0.3270841 0.888303 0.3223876 0.3270841 0.888303 0.3223876 0.3270841 0.888303 -0.0551105 -0.9983161 -0.01810692 -0.0551105 -0.9983161 -0.01810692 -0.0551105 -0.9983161 -0.01810692 0.0551105 0.9983161 0.01810692 0.0551105 0.9983161 0.01810692 0.0551105 0.9983161 0.01810692 0.2119983 -0.976496 0.03888823 0.2119983 -0.976496 0.03888823 0.2119983 -0.976496 0.03888823 -0.2119983 0.976496 -0.03888823 -0.2119983 0.976496 -0.03888823 -0.2119983 0.976496 -0.03888823 0.7499263 -0.1257394 0.6494615 0.7499263 -0.1257394 0.6494615 0.7499263 -0.1257394 0.6494615 -0.7499263 0.1257394 -0.6494615 -0.7499263 0.1257394 -0.6494615 -0.7499263 0.1257394 -0.6494615 -0.7383206 -0.07437269 -0.6703367 -0.7383206 -0.07437269 -0.6703367 -0.7383206 -0.07437269 -0.6703367 0.7383206 0.07437269 0.6703367 0.7383206 0.07437269 0.6703367 0.7383206 0.07437269 0.6703367 -0.01748326 -0.9994419 -0.02846378 -0.01748326 -0.9994419 -0.02846378 -0.01748326 -0.9994419 -0.02846378 0.01748326 0.9994419 0.02846378 0.01748326 0.9994419 0.02846378 0.01748326 0.9994419 0.02846378 0.01571348 -0.8964799 0.4428057 0.01571348 -0.8964799 0.4428057 0.01571348 -0.8964799 0.4428057 -0.01571348 0.8964799 -0.4428057 -0.01571348 0.8964799 -0.4428057 -0.01571348 0.8964799 -0.4428057 0.3181159 -0.3500753 0.8810503 0.3181159 -0.3500753 0.8810503 0.3181159 -0.3500753 0.8810503 -0.3181159 0.3500753 -0.8810503 -0.3181159 0.3500753 -0.8810503 -0.3181159 0.3500753 -0.8810503 -0.975049 -0.1487578 -0.1647741 -0.975049 -0.1487578 -0.1647741 -0.975049 -0.1487578 -0.1647741 0.975049 0.1487578 0.1647741 0.975049 0.1487578 0.1647741 0.975049 0.1487578 0.1647741 -0.06118079 -0.9981266 -0.0005138699 -0.06118079 -0.9981266 -0.0005138699 -0.06118079 -0.9981266 -0.0005138699 0.06118079 0.9981266 0.0005138699 0.06118079 0.9981266 0.0005138699 0.06118079 0.9981266 0.0005138699 -0.9723393 -0.1223891 -0.1989404 -0.9723393 -0.1223891 -0.1989404 -0.9723393 -0.1223891 -0.1989404 0.9723393 0.1223891 0.1989404 0.9723393 0.1223891 0.1989404 0.9723393 0.1223891 0.1989404 -0.125581 -0.9112444 0.3922538 -0.125581 -0.9112444 0.3922538 -0.125581 -0.9112444 0.3922538 0.125581 0.9112444 -0.3922538 0.125581 0.9112444 -0.3922538 0.125581 0.9112444 -0.3922538 0.04675354 -0.1032247 0.9935586 0.04675354 -0.1032247 0.9935586 0.04675354 -0.1032247 0.9935586 -0.04675354 0.1032247 -0.9935586 -0.04675354 0.1032247 -0.9935586 -0.04675354 0.1032247 -0.9935586 -0.9956757 -0.0821704 0.0433347 -0.9956757 -0.0821704 0.0433347 -0.9956757 -0.0821704 0.0433347 0.9956757 0.0821704 -0.0433347 0.9956757 0.0821704 -0.0433347 0.9956757 0.0821704 -0.0433347 -0.7113248 -0.1315475 0.6904435 -0.7113248 -0.1315475 0.6904435 -0.7113248 -0.1315475 0.6904435 0.7113248 0.1315475 -0.6904435 0.7113248 0.1315475 -0.6904435 0.7113248 0.1315475 -0.6904435 -0.6673681 -0.07029028 0.7414035 -0.6673681 -0.07029028 0.7414035 -0.6673681 -0.07029028 0.7414035 0.6673681 0.07029028 -0.7414035 0.6673681 0.07029028 -0.7414035 0.6673681 0.07029028 -0.7414035 -0.996327 -0.05059858 0.06908242 -0.996327 -0.05059858 0.06908242 -0.996327 -0.05059858 0.06908242 0.996327 0.05059858 -0.06908242 0.996327 0.05059858 -0.06908242 0.996327 0.05059858 -0.06908242</float_array>
                    <technique_common>
                        <accessor count="174" source="#ID63" stride="3">
                            <param name="X" type="float"/>
                            <param name="Y" type="float"/>
                            <param name="Z" type="float"/>
                        </accessor>
                    </technique_common>
                </source>
                <vertices id="ID61">
                    <input semantic="POSITION" source="#ID59"/>
                    <input semantic="NORMAL" source="#ID60"/>
                </vertices>
                <triangles count="58" material="Material2">
                    <input offset="0" semantic="VERTEX" source="#ID61"/>
                    <p>0 1 2 3 4 5 6 7 8 9 10 11 12 13 14 15 16 17 18 19 20 21 22 23 24 25 26 27 28 29 30 31 32 33 34 35 36 37 38 39 40 41 42 43 44 45 46 47 48 49 50 51 52 53 54 55 56 57 58 59 60 61 62 63 64 65 66 67 68 69 70 71 72 73 74 75 76 77 78 79 80 81 82 83 84 85 86 87 88 89 90 91 92 93 94 95 96 97 98 99 100 101 102 103 104 105 106 107 108 109 110 111 112 113 114 115 116 117 118 119 120 121 122 123 124 125 126 127 128 129 130 131 132 133 134 135 136 137 138 139 140 141 142 143 144 145 146 147 148 149 150 151 152 153 154 155 156 157 158 159 160 161 162 163 164 165 166 167 168 169 170 171 172 173</p>
                </triangles>
            </mesh>
        </geometry>
        <geometry id="ID64">
            <mesh>
                <source id="ID65">
                    <float_array id="ID68" count="18">54.01693 15.92599 1.68378 50.93295 14.53382 1.34185 47.56673 15.74512 0.60193 47.56673 15.74512 0.60193 50.93295 14.53382 1.34185 54.01693 15.92599 1.68378</float_array>
                    <technique_common>
                        <accessor count="6" source="#ID68" stride="3">
                            <param name="X" type="float"/>
                            <param name="Y" type="float"/>
                            <param name="Z" type="float"/>
                        </accessor>
                    </technique_common>
                </source>
                <source id="ID66">
                    <float_array id="ID69" count="18">0.1675604 -0.1312021 -0.9770924 0.1675604 -0.1312021 -0.9770924 0.1675604 -0.1312021 -0.9770924 -0.1675604 0.1312021 0.9770924 -0.1675604 0.1312021 0.9770924 -0.1675604 0.1312021 0.9770924</float_array>
                    <technique_common>
                        <accessor count="6" source="#ID69" stride="3">
                            <param name="X" type="float"/>
                            <param name="Y" type="float"/>
                            <param name="Z" type="float"/>
                        </accessor>
                    </technique_common>
                </source>
                <vertices id="ID67">
                    <input semantic="POSITION" source="#ID65"/>
                    <input semantic="NORMAL" source="#ID66"/>
                </vertices>
                <triangles count="1" material="Material2">
                    <input offset="0" semantic="VERTEX" source="#ID67"/>
                    <p>0 1 2</p>
                </triangles>
                <triangles count="1" material="Material3">
                    <input offset="0" semantic="VERTEX" source="#ID67"/>
                    <p>3 4 5</p>
                </triangles>
            </mesh>
        </geometry>
        <geometry id="ID70">
            <mesh>
                <source id="ID71">
                    <float_array id="ID74" count="18">8.59531 18.50508 12.48496 3.93901 19.92036 14.50382 4.07228 22.12733 13.49484 4.07228 22.12733 13.49484 3.93901 19.92036 14.50382 8.59531 18.50508 12.48496</float_array>
                    <technique_common>
                        <accessor count="6" source="#ID74" stride="3">
                            <param name="X" type="float"/>
                            <param name="Y" type="float"/>
                            <param name="Z" type="float"/>
                        </accessor>
                    </technique_common>
                </source>
                <source id="ID72">
                    <float_array id="ID75" count="18">-0.4597822 -0.3461184 -0.8178034 -0.4597822 -0.3461184 -0.8178034 -0.4597822 -0.3461184 -0.8178034 0.4597822 0.3461184 0.8178034 0.4597822 0.3461184 0.8178034 0.4597822 0.3461184 0.8178034</float_array>
                    <technique_common>
                        <accessor count="6" source="#ID75" stride="3">
                            <param name="X" type="float"/>
                            <param name="Y" type="float"/>
                            <param name="Z" type="float"/>
                        </accessor>
                    </technique_common>
                </source>
                <vertices id="ID73">
                    <input semantic="POSITION" source="#ID71"/>
                    <input semantic="NORMAL" source="#ID72"/>
                </vertices>
                <triangles count="2" material="Material2">
                    <input offset="0" semantic="VERTEX" source="#ID73"/>
                    <p>0 1 2 3 4 5</p>
                </triangles>
            </mesh>
        </geometry>
        <geometry id="ID76">
            <mesh>
                <source id="ID77">
                    <float_array id="ID80" count="18">22.39087 16.71071 45.07496 16.04953 16.07453 42.01087 19.73185 15.29182 43.68075 19.73185 15.29182 43.68075 16.04953 16.07453 42.01087 22.39087 16.71071 45.07496</float_array>
                    <technique_common>
                        <accessor count="6" source="#ID80" stride="3">
                            <param name="X" type="float"/>
                            <param name="Y" type="float"/>
                            <param name="Z" type="float"/>
                        </accessor>
                    </technique_common>
                </source>
                <source id="ID78">
                    <float_array id="ID81" count="18">-0.4265068 -0.08549292 0.9004349 -0.4265068 -0.08549292 0.9004349 -0.4265068 -0.08549292 0.9004349 0.4265068 0.08549292 -0.9004349 0.4265068 0.08549292 -0.9004349 0.4265068 0.08549292 -0.9004349</float_array>
                    <technique_common>
                        <accessor count="6" source="#ID81" stride="3">
                            <param name="X" type="float"/>
                            <param name="Y" type="float"/>
                            <param name="Z" type="float"/>
                        </accessor>
                    </technique_common>
                </source>
                <vertices id="ID79">
                    <input semantic="POSITION" source="#ID77"/>
                    <input semantic="NORMAL" source="#ID78"/>
                </vertices>
                <triangles count="1" material="Material2">
                    <input offset="0" semantic="VERTEX" source="#ID79"/>
                    <p>0 1 2</p>
                </triangles>
                <triangles count="1" material="Material3">
                    <input offset="0" semantic="VERTEX" source="#ID79"/>
                    <p>3 4 5</p>
                </triangles>
            </mesh>
        </geometry>
        <geometry id="ID82">
            <mesh>
                <source id="ID83">
                    <float_array id="ID86" count="18">58.83799 33.38091 41.75843 56.06846 32.88563 43.85681 56.20524 31.02237 44.20878 56.20524 31.02237 44.20878 56.06846 32.88563 43.85681 58.83799 33.38091 41.75843</float_array>
                    <technique_common>
                        <accessor count="6" source="#ID86" stride="3">
                            <param name="X" type="float"/>
                            <param name="Y" type="float"/>
                            <param name="Z" type="float"/>
                        </accessor>
                    </technique_common>
                </source>
                <source id="ID84">
                    <float_array id="ID87" count="18">0.5704614 0.1926941 0.7984001 0.5704614 0.1926941 0.7984001 0.5704614 0.1926941 0.7984001 -0.5704614 -0.1926941 -0.7984001 -0.5704614 -0.1926941 -0.7984001 -0.5704614 -0.1926941 -0.7984001</float_array>
                    <technique_common>
                        <accessor count="6" source="#ID87" stride="3">
                            <param name="X" type="float"/>
                            <param name="Y" type="float"/>
                            <param name="Z" type="float"/>
                        </accessor>
                    </technique_common>
                </source>
                <vertices id="ID85">
                    <input semantic="POSITION" source="#ID83"/>
                    <input semantic="NORMAL" source="#ID84"/>
                </vertices>
                <triangles count="1" material="Material2">
                    <input offset="0" semantic="VERTEX" source="#ID85"/>
                    <p>0 1 2</p>
                </triangles>
                <triangles count="1" material="Material3">
                    <input offset="0" semantic="VERTEX" source="#ID85"/>
                    <p>3 4 5</p>
                </triangles>
            </mesh>
        </geometry>
    </library_geometries>
    <library_materials>
        <material id="ID5" name="__auto_">
            <instance_effect url="#ID6"/>
        </material>
        <material id="ID10" name="__auto_1">
            <instance_effect url="#ID11"/>
        </material>
        <material id="ID40" name="material">
            <instance_effect url="#ID39"/>
        </material>
    </library_materials>
    <library_effects>
        <effect id="ID6">
            <profile_COMMON>
                <technique sid="COMMON">
                    <lambert>
                        <diffuse>
                            <color>1 1 1 1</color>
                        </diffuse>
                    </lambert>
                </technique>
            </profile_COMMON>
        </effect>
        <effect id="ID11">
            <profile_COMMON>
                <technique sid="COMMON">
                    <lambert>
                        <diffuse>
                            <color>0 0 0 1</color>
                        </diffuse>
                    </lambert>
                </technique>
            </profile_COMMON>
        </effect>
        <effect id="ID39">
            <profile_COMMON>
                <technique sid="COMMON">
                    <lambert>
                        <diffuse>
                            <color>1 1 1 1</color>
                        </diffuse>
                    </lambert>
                </technique>
            </profile_COMMON>
        </effect>
    </library_effects>
    <scene>
        <instance_visual_scene url="#ID2"/>
    </scene>
</COLLADA>
